store_id,daily_sales,date_recorded,store_location_Chennai,store_location_Delhi,store_location_Kolkata,store_location_Mumbai
107,82290.0,2026-01-01,False,False,False,True
104,87128.0,2026-01-02,False,True,False,False
108,41932.0,2026-01-03,False,False,False,False
105,88020.0,2026-01-04,True,False,False,False
107,41766.0,2026-01-05,False,True,False,False
103,52711.0,2026-01-06,False,False,False,True
107,43292.0,2026-01-07,False,True,False,False
108,50687.0,2026-01-08,False,False,True,False
105,77631.0,2026-01-09,False,True,False,False
104,55899.0,2026-01-10,True,False,False,False
108,80154.0,2026-01-11,False,False,False,True
108,37408.0,2026-01-12,False,False,True,False
103,59431.0,2026-01-13,False,False,False,True
106,70910.0,2026-01-14,False,True,False,False
105,64533.0,2026-01-15,False,False,False,True
102,45237.0,2026-01-16,False,False,True,False
108,88897.0,2026-01-17,False,False,False,True
106,35778.0,2026-01-18,False,False,False,True
102,65059.0,2026-01-19,False,False,True,False
105,86882.0,2026-01-20,False,False,False,True
101,56561.0,2026-01-21,False,False,False,False
106,34866.0,2026-01-22,False,False,False,True
109,38429.0,2026-01-23,False,False,False,True
101,73352.0,2026-01-24,False,True,False,False
103,74515.0,2026-01-25,False,False,True,False
107,52837.0,2026-01-26,False,False,True,False
104,80736.0,2026-01-27,False,False,True,False
109,64075.0,2026-01-28,False,True,False,False
103,64853.0,2026-01-29,False,False,False,False
105,56395.0,2026-01-30,False,False,False,True
103,46415.0,2026-01-31,False,False,False,True
107,61986.0,2026-02-01,False,False,True,False
105,54104.0,2026-02-02,False,True,False,False
109,30291.0,2026-02-03,True,False,False,False
107,33686.0,2026-02-04,True,False,False,False
102,75347.0,2026-02-05,False,False,False,True
104,31642.0,2026-02-06,False,False,True,False
109,61477.0,2026-02-07,False,False,True,False
102,54150.0,2026-02-08,False,False,False,False
109,38769.0,2026-02-09,False,True,False,False
105,59833.0,2026-02-10,False,False,False,False
102,33909.0,2026-02-11,False,False,False,False
104,80375.0,2026-02-12,True,False,False,False
107,62078.0,2026-02-13,True,False,False,False
108,42268.0,2026-02-14,False,False,False,True
103,59431.0,2026-02-15,False,False,False,True
101,38638.0,2026-02-16,False,True,False,False
104,67141.0,2026-02-17,True,False,False,False
102,41233.0,2026-02-18,True,False,False,False
108,81731.0,2026-02-19,True,False,False,False
104,60496.0,2026-02-20,False,False,False,True
102,47806.0,2026-02-21,False,False,False,True
106,70326.0,2026-02-22,False,False,True,False
106,43271.0,2026-02-23,False,False,True,False
104,69513.0,2026-02-24,False,False,False,False
106,81761.0,2026-02-25,True,False,False,False
102,49465.0,2026-02-26,False,False,False,True
102,69502.0,2026-02-27,True,False,False,False
104,43860.0,2026-02-28,False,False,True,False
108,38250.0,2026-03-01,True,False,False,False
107,71418.0,2026-03-02,False,False,False,False
109,79255.0,2026-03-03,False,False,False,False
108,51310.0,2026-03-04,True,False,False,False
105,88132.0,2026-03-05,True,False,False,False
102,79893.0,2026-03-06,False,False,False,False
105,57982.0,2026-03-07,True,False,False,False
108,62206.0,2026-03-08,False,True,False,False
109,39764.0,2026-03-09,False,False,False,True
109,85596.0,2026-03-10,False,False,True,False
101,73661.0,2026-03-11,False,False,False,True
109,42842.0,2026-03-12,False,False,False,False
107,67491.0,2026-03-13,False,True,False,False
109,74372.0,2026-03-14,False,True,False,False
108,54043.0,2026-03-15,False,False,False,True
101,67971.0,2026-03-16,True,False,False,False
108,32976.0,2026-03-17,False,False,True,False
108,37426.0,2026-03-18,False,False,False,False
103,52887.0,2026-03-19,False,False,False,False
101,56710.0,2026-03-20,False,False,False,False
108,71387.0,2026-03-21,False,True,False,False
103,77470.0,2026-03-22,False,True,False,False
103,36486.0,2026-03-23,False,False,True,False
101,69258.0,2026-03-24,False,False,False,True
105,76882.0,2026-03-25,False,False,False,False
107,81096.0,2026-03-26,True,False,False,False
109,52623.0,2026-03-27,False,False,False,True
107,53806.0,2026-03-28,False,True,False,False
109,35973.0,2026-03-29,False,False,True,False
108,59431.0,2026-03-30,True,False,False,False
102,88615.0,2026-03-31,False,False,False,False
101,78626.0,2026-04-01,False,False,False,True
107,75939.0,2026-04-02,True,False,False,False
107,79085.0,2026-04-03,False,False,True,False
108,59157.0,2026-04-04,False,True,False,False
105,35521.0,2026-04-05,False,False,False,False
103,42891.0,2026-04-06,False,True,False,False
108,46795.0,2026-04-07,False,False,True,False
106,52474.0,2026-04-08,False,False,False,False
103,56507.0,2026-04-09,False,False,True,False
101,40687.0,2026-04-10,False,False,False,True
103,63014.0,2026-04-11,False,True,False,False
105,41009.0,2026-04-12,False,True,False,False
103,53226.0,2026-04-13,False,False,False,True
101,52948.0,2026-04-14,False,False,False,True
105,64939.0,2026-04-15,False,False,False,False
107,74291.0,2026-04-16,False,True,False,False
107,78296.0,2026-04-17,False,False,False,False
109,78044.0,2026-04-18,False,False,False,True
103,86430.0,2026-04-19,False,False,False,False
107,70225.0,2026-04-20,True,False,False,False
101,52102.0,2026-04-21,True,False,False,False
104,64828.0,2026-04-22,False,False,False,True
104,66102.0,2026-04-23,False,True,False,False
105,75855.0,2026-04-24,False,False,False,False
107,86342.0,2026-04-25,False,False,False,False
107,63712.0,2026-04-26,False,False,False,False
104,56823.0,2026-04-27,True,False,False,False
107,35361.0,2026-04-28,False,False,False,False
103,55838.0,2026-04-29,False,False,False,False
106,44638.0,2026-04-30,False,False,False,False
102,68052.0,2026-05-01,False,False,False,True
109,53265.0,2026-05-02,False,False,False,True
105,54751.0,2026-05-03,False,False,False,True
106,72012.0,2026-05-04,False,True,False,False
104,40916.0,2026-05-05,False,False,True,False
107,89926.0,2026-05-06,False,False,False,True
109,39509.0,2026-05-07,False,False,False,True
107,75532.0,2026-05-08,False,False,False,True
101,61102.0,2026-05-09,False,False,False,True
101,77659.0,2026-05-10,True,False,False,False
109,54324.0,2026-05-11,False,False,False,True
109,44003.0,2026-05-12,False,False,False,False
104,57943.0,2026-05-13,False,False,False,True
109,72634.0,2026-05-14,False,False,True,False
103,63101.0,2026-05-15,True,False,False,False
107,59943.0,2026-05-16,True,False,False,False
106,39456.0,2026-05-17,False,True,False,False
108,41369.0,2026-05-18,False,False,True,False
109,49329.0,2026-05-19,False,False,False,True
105,43218.0,2026-05-20,False,False,False,True
101,51164.0,2026-05-21,False,False,False,True
103,67424.0,2026-05-22,False,False,True,False
108,59431.0,2026-05-23,False,False,False,True
106,59730.0,2026-05-24,False,False,False,False
108,32665.0,2026-05-25,False,True,False,False
109,69899.0,2026-05-26,True,False,False,False
104,67703.0,2026-05-27,False,False,True,False
101,30415.0,2026-05-28,True,False,False,False
101,63475.0,2026-05-29,False,False,False,False
104,54172.0,2026-05-30,False,True,False,False
107,32684.0,2026-05-31,False,False,False,True
102,37494.0,2026-06-01,True,False,False,False
103,49750.0,2026-06-02,True,False,False,False
101,49887.0,2026-06-03,False,False,True,False
105,50826.0,2026-06-04,True,False,False,False
101,36180.0,2026-06-05,False,False,False,False
108,76779.0,2026-06-06,True,False,False,False
101,32559.0,2026-06-07,True,False,False,False
101,70905.0,2026-06-08,False,False,True,False
102,33971.0,2026-06-09,False,False,True,False
102,65725.0,2026-06-10,False,True,False,False
106,86068.0,2026-06-11,False,False,False,True
107,48113.0,2026-06-12,False,True,False,False
105,72861.0,2026-06-13,False,True,False,False
101,42951.0,2026-06-14,True,False,False,False
101,55617.0,2026-06-15,False,False,True,False
103,62794.0,2026-06-16,False,True,False,False
102,32583.0,2026-06-17,False,False,False,False
105,55628.0,2026-06-18,False,False,False,True
106,56250.0,2026-06-19,False,False,True,False
107,33055.0,2026-06-20,False,False,False,False
104,36801.0,2026-06-21,False,False,True,False
107,64426.0,2026-06-22,False,False,False,False
108,66719.0,2026-06-23,False,True,False,False
101,70067.0,2026-06-24,False,True,False,False
106,53840.0,2026-06-25,False,True,False,False
108,39933.0,2026-06-26,False,False,False,True
105,61979.0,2026-06-27,False,False,False,True
104,75047.0,2026-06-28,False,False,True,False
102,34137.0,2026-06-29,False,False,False,False
106,41423.0,2026-06-30,False,False,False,False
106,54315.0,2026-07-01,False,False,False,True
101,64482.0,2026-07-02,True,False,False,False
109,74156.0,2026-07-03,False,False,True,False
106,82483.0,2026-07-04,False,False,False,True
103,66115.0,2026-07-05,False,True,False,False
104,64754.0,2026-07-06,True,False,False,False
104,66312.0,2026-07-07,False,False,False,False
103,53363.0,2026-07-08,False,False,False,False
103,47085.0,2026-07-09,True,False,False,False
103,86889.0,2026-07-10,False,False,False,False
104,72414.0,2026-07-11,False,False,False,True
107,66554.0,2026-07-12,False,False,False,True
104,44415.0,2026-07-13,False,False,False,False
109,86414.0,2026-07-14,False,False,True,False
101,81623.0,2026-07-15,False,False,False,True
108,77052.0,2026-07-16,False,False,True,False
107,51398.0,2026-07-17,True,False,False,False
102,62691.0,2026-07-18,False,False,False,False
108,36659.0,2026-07-19,True,False,False,False
101,50644.0,2026-07-20,False,False,False,True
109,84697.0,2026-07-21,False,False,False,True
109,33044.0,2026-07-22,False,False,False,False
102,33883.0,2026-07-23,True,False,False,False
107,61712.0,2026-07-24,True,False,False,False
103,49324.0,2026-07-25,False,False,False,True
107,78119.0,2026-07-26,False,False,False,False
109,51545.0,2026-07-27,False,False,True,False
104,48204.0,2026-07-28,False,False,False,False
101,53268.0,2026-07-29,False,False,True,False
102,45762.0,2026-07-30,False,False,False,True
101,81954.0,2026-07-31,False,False,False,True
105,58371.0,2026-08-01,False,False,False,False
105,48847.0,2026-08-02,False,False,False,False
107,66139.0,2026-08-03,False,True,False,False
109,86374.0,2026-08-04,False,True,False,False
109,71295.0,2026-08-05,True,False,False,False
103,40116.0,2026-08-06,False,False,False,False
103,84128.0,2026-08-07,False,False,False,False
103,60125.0,2026-08-08,False,True,False,False
104,84219.0,2026-08-09,False,False,True,False
108,61404.0,2026-08-10,False,False,True,False
106,58436.0,2026-08-11,False,True,False,False
108,86653.0,2026-08-12,True,False,False,False
101,32788.0,2026-08-13,False,False,True,False
108,62149.0,2026-08-14,True,False,False,False
104,34125.0,2026-08-15,False,False,False,True
101,33606.0,2026-08-16,True,False,False,False
108,80692.0,2026-08-17,False,False,False,True
104,71534.0,2026-08-18,False,False,False,True
106,62988.0,2026-08-19,False,False,False,True
108,51306.0,2026-08-20,False,False,False,False
104,72973.0,2026-08-21,False,True,False,False
103,40833.0,2026-08-22,False,False,False,True
109,51997.0,2026-08-23,False,False,False,True
103,63521.0,2026-08-24,False,False,False,True
109,59948.0,2026-08-25,False,False,False,False
102,76643.0,2026-08-26,False,False,False,True
102,37488.0,2026-08-27,False,False,False,False
102,69974.0,2026-08-28,False,False,False,True
106,88364.0,2026-08-29,False,True,False,False
103,72448.0,2026-08-30,False,False,False,True
109,37938.0,2026-08-31,False,False,False,False
104,81113.0,2026-09-01,False,True,False,False
101,68726.0,2026-09-02,False,False,True,False
104,45770.0,2026-09-03,True,False,False,False
101,82635.0,2026-09-04,True,False,False,False
105,36635.0,2026-09-05,False,False,False,False
104,38629.0,2026-09-06,False,False,False,False
108,87822.0,2026-09-07,False,False,False,True
108,79934.0,2026-09-08,False,True,False,False
107,61668.0,2026-09-09,False,True,False,False
103,51487.0,2026-09-10,False,True,False,False
101,83319.0,2026-09-11,False,True,False,False
101,42869.0,2026-09-12,False,True,False,False
103,79371.0,2026-09-13,True,False,False,False
106,39219.0,2026-09-14,False,False,False,False
107,70797.0,2026-09-15,False,False,False,True
106,86298.0,2026-09-16,False,False,False,True
106,79040.0,2026-09-17,False,False,False,True
106,46673.0,2026-09-18,False,False,False,True
103,46763.0,2026-09-19,False,False,True,False
106,74933.0,2026-09-20,False,False,False,False
108,41043.0,2026-09-21,False,False,False,False
102,39570.0,2026-09-22,False,False,True,False
105,36886.0,2026-09-23,False,False,False,False
101,31958.0,2026-09-24,False,False,False,True
101,73087.0,2026-09-25,False,False,True,False
105,54641.0,2026-09-26,False,False,False,False
103,32183.0,2026-09-27,False,True,False,False
104,59070.0,2026-09-28,False,False,False,False
103,33774.0,2026-09-29,False,False,False,False
101,59018.0,2026-09-30,False,False,True,False
101,50303.0,2026-10-01,False,True,False,False
105,44272.0,2026-10-02,False,False,True,False
106,52586.0,2026-10-03,False,False,False,False
103,63545.0,2026-10-04,False,False,False,False
109,32566.0,2026-10-05,False,True,False,False
105,72863.0,2026-10-06,True,False,False,False
108,40953.0,2026-10-07,False,False,False,True
101,61696.0,2026-10-08,False,False,False,True
105,37404.0,2026-10-09,False,False,False,True
103,62846.0,2026-10-10,False,False,False,False
101,31581.0,2026-10-11,False,False,True,False
104,44066.0,2026-10-12,False,True,False,False
105,70735.0,2026-10-13,True,False,False,False
107,37839.0,2026-10-14,False,False,False,False
101,64930.0,2026-10-15,False,False,False,True
103,88329.0,2026-10-16,False,False,False,False
102,80637.0,2026-10-17,False,False,False,True
109,52129.0,2026-10-18,False,False,True,False
106,60845.0,2026-10-19,True,False,False,False
103,43913.0,2026-10-20,False,False,False,False
108,81772.0,2026-10-21,False,False,False,True
108,30964.0,2026-10-22,False,False,False,True
102,40739.0,2026-10-23,False,False,True,False
106,88172.0,2026-10-24,False,False,False,False
107,32673.0,2026-10-25,False,False,False,False
102,68061.0,2026-10-26,False,False,False,False
102,61171.0,2026-10-27,False,False,False,False
101,53643.0,2026-10-28,False,False,False,True
108,64486.0,2026-10-29,False,True,False,False
101,40624.0,2026-10-30,False,True,False,False
109,31228.0,2026-10-31,False,False,True,False
106,73370.0,2026-11-01,False,False,False,True
107,82930.0,2026-11-02,False,True,False,False
107,64608.0,2026-11-03,False,False,True,False
103,79649.0,2026-11-04,False,True,False,False
102,46920.0,2026-11-05,True,False,False,False
109,49689.0,2026-11-06,False,False,False,True
108,37124.0,2026-11-07,False,True,False,False
107,72124.0,2026-11-08,False,False,False,False
109,81123.0,2026-11-09,False,True,False,False
104,61339.0,2026-11-10,False,False,True,False
104,37587.0,2026-11-11,False,False,False,False
101,33527.0,2026-11-12,False,True,False,False
108,63067.0,2026-11-13,False,False,False,True
103,81538.0,2026-11-14,False,False,False,False
107,75358.0,2026-11-15,False,True,False,False
102,33963.0,2026-11-16,False,False,False,True
102,67455.0,2026-11-17,False,False,False,False
107,66939.0,2026-11-18,False,False,True,False
106,50243.0,2026-11-19,False,False,False,False
103,88257.0,2026-11-20,True,False,False,False
109,62693.0,2026-11-21,False,False,True,False
106,75835.0,2026-11-22,False,False,False,True
106,33695.0,2026-11-23,False,False,True,False
101,39112.0,2026-11-24,False,False,True,False
104,62059.0,2026-11-25,False,False,False,True
106,88867.0,2026-11-26,False,False,False,True
106,37242.0,2026-11-27,False,False,False,True
105,39941.0,2026-11-28,False,False,False,True
101,85283.0,2026-11-29,False,False,True,False
108,50001.0,2026-11-30,False,False,False,False
105,32700.0,2026-12-01,False,False,False,True
105,80157.0,2026-12-02,False,True,False,False
107,48085.0,2026-12-03,False,False,True,False
104,82454.0,2026-12-04,False,False,True,False
106,88147.0,2026-12-05,False,False,False,False
104,43339.0,2026-12-06,False,False,False,True
103,45834.0,2026-12-07,False,False,False,True
107,82518.0,2026-12-08,False,False,False,True
108,41084.0,2026-12-09,True,False,False,False
104,59543.0,2026-12-10,False,False,True,False
102,65930.0,2026-12-11,False,False,False,True
103,71074.0,2026-12-12,False,True,False,False
101,61902.0,2026-12-13,False,False,True,False
108,59044.0,2026-12-14,False,False,False,True
103,43137.0,2026-12-15,True,False,False,False
107,64905.0,2026-12-16,False,False,False,True
105,84004.0,2026-12-17,False,False,False,True
105,79182.0,2026-12-18,False,False,True,False
107,35948.0,2026-12-19,False,False,False,False
109,77461.0,2026-12-20,False,False,True,False
105,62567.0,2026-12-21,False,False,True,False
101,61189.0,2026-12-22,False,False,False,True
101,78867.0,2026-12-23,False,False,True,False
102,78978.0,2026-12-24,True,False,False,False
106,61871.0,2026-12-25,True,False,False,False
109,48189.0,2026-12-26,False,False,False,False
108,52797.0,2026-12-27,True,False,False,False
105,33569.0,2026-12-28,False,False,True,False
101,56012.0,2026-12-29,False,False,False,True
107,42977.0,2026-12-30,False,False,False,False
105,62049.0,2026-12-31,False,False,False,False
106,51694.0,2027-01-01,False,False,False,False
107,74388.0,2027-01-02,True,False,False,False
103,63224.0,2027-01-03,True,False,False,False
103,46832.0,2027-01-04,False,True,False,False
105,62835.0,2027-01-05,False,False,False,False
106,83241.0,2027-01-06,False,True,False,False
109,31862.0,2027-01-07,False,True,False,False
105,48186.0,2027-01-08,False,False,True,False
101,59545.0,2027-01-09,False,False,False,True
104,75522.0,2027-01-10,False,False,False,True
105,74391.0,2027-01-11,False,True,False,False
105,70322.0,2027-01-12,False,True,False,False
107,38319.0,2027-01-13,False,False,True,False
104,68663.0,2027-01-14,False,False,False,False
101,75788.0,2027-01-15,False,False,True,False
105,58401.0,2027-01-16,False,False,False,True
107,62228.0,2027-01-17,False,False,False,True
106,88611.0,2027-01-18,False,False,False,True
105,42202.0,2027-01-19,True,False,False,False
104,88386.0,2027-01-20,False,False,False,False
102,68283.0,2027-01-21,False,False,False,True
104,50122.0,2027-01-22,True,False,False,False
103,63135.0,2027-01-23,False,False,False,False
101,52585.0,2027-01-24,False,False,True,False
108,78408.0,2027-01-25,False,False,False,True
105,89948.0,2027-01-26,False,False,False,True
104,78229.0,2027-01-27,False,False,False,True
108,44897.0,2027-01-28,True,False,False,False
107,81792.0,2027-01-29,False,False,False,False
102,51291.0,2027-01-30,False,False,False,True
101,62826.0,2027-01-31,False,False,False,False
104,83408.0,2027-02-01,False,True,False,False
108,38294.0,2027-02-02,False,False,False,True
102,84093.0,2027-02-03,False,False,True,False
103,34507.0,2027-02-04,False,True,False,False
101,79937.0,2027-02-05,False,False,False,True
101,58854.0,2027-02-06,False,False,False,True
103,77520.0,2027-02-07,False,False,False,True
105,45475.0,2027-02-08,False,False,False,True
103,74905.0,2027-02-09,False,False,False,False
101,44334.0,2027-02-10,False,True,False,False
101,48830.0,2027-02-11,False,False,False,True
108,88300.0,2027-02-12,True,False,False,False
102,77882.0,2027-02-13,False,True,False,False
103,78803.0,2027-02-14,False,False,False,False
102,57278.0,2027-02-15,True,False,False,False
103,87780.0,2027-02-16,False,False,False,True
107,48749.0,2027-02-17,True,False,False,False
101,60511.0,2027-02-18,False,False,True,False
108,67469.0,2027-02-19,False,False,False,False
102,70185.0,2027-02-20,False,False,False,True
103,84718.0,2027-02-21,False,False,False,True
109,55072.0,2027-02-22,True,False,False,False
107,72326.0,2027-02-23,False,False,True,False
104,61146.0,2027-02-24,False,False,False,True
105,41057.0,2027-02-25,False,False,False,True
102,56427.0,2027-02-26,False,False,False,False
108,71982.0,2027-02-27,False,False,False,False
104,85535.0,2027-02-28,False,False,False,True
109,74090.0,2027-03-01,False,False,True,False
105,78654.0,2027-03-02,False,False,False,True
109,41036.0,2027-03-03,True,False,False,False
104,44060.0,2027-03-04,False,False,False,False
105,80641.0,2027-03-05,False,False,False,False
109,43607.0,2027-03-06,False,True,False,False
108,65102.0,2027-03-07,True,False,False,False
103,54074.0,2027-03-08,False,True,False,False
101,78864.0,2027-03-09,False,True,False,False
103,49773.0,2027-03-10,False,False,False,False
104,62970.0,2027-03-11,True,False,False,False
102,62998.0,2027-03-12,False,True,False,False
101,86199.0,2027-03-13,False,True,False,False
107,58210.0,2027-03-14,False,False,True,False
108,74088.0,2027-03-15,False,False,True,False
107,41683.0,2027-03-16,False,False,False,True
105,32962.0,2027-03-17,True,False,False,False
101,65095.0,2027-03-18,False,False,False,False
107,60000.0,2027-03-19,True,False,False,False
107,59137.0,2027-03-20,False,False,True,False
109,65552.0,2027-03-21,False,True,False,False
103,76253.0,2027-03-22,False,False,True,False
109,63571.0,2027-03-23,False,False,False,False
101,75321.0,2027-03-24,False,False,False,False
101,77350.0,2027-03-25,True,False,False,False
104,84918.0,2027-03-26,False,False,False,True
109,82875.0,2027-03-27,False,True,False,False
106,73861.0,2027-03-28,False,True,False,False
103,69164.0,2027-03-29,False,True,False,False
101,77578.0,2027-03-30,False,False,False,True
104,46559.0,2027-03-31,True,False,False,False
109,72404.0,2027-04-01,True,False,False,False
103,78074.0,2027-04-02,False,True,False,False
109,74963.0,2027-04-03,False,False,True,False
107,35691.0,2027-04-04,False,False,True,False
104,33532.0,2027-04-05,True,False,False,False
103,78991.0,2027-04-06,False,False,False,True
105,50733.0,2027-04-07,False,True,False,False
105,47927.0,2027-04-08,False,False,False,False
103,73114.0,2027-04-09,True,False,False,False
109,43482.0,2027-04-10,False,True,False,False
104,56681.0,2027-04-11,True,False,False,False
105,35456.0,2027-04-12,False,False,False,True
104,33413.0,2027-04-13,False,False,True,False
105,37085.0,2027-04-14,False,False,False,False
107,57937.0,2027-04-15,False,True,False,False
109,50563.0,2027-04-16,False,False,False,False
107,39332.0,2027-04-17,False,False,False,True
105,67575.0,2027-04-18,False,True,False,False
107,37386.0,2027-04-19,False,False,True,False
105,56337.0,2027-04-20,False,True,False,False
103,64708.0,2027-04-21,False,False,False,True
107,89150.0,2027-04-22,False,True,False,False
102,59572.0,2027-04-23,False,True,False,False
109,63424.0,2027-04-24,False,False,False,True
101,65271.0,2027-04-25,False,True,False,False
106,79810.0,2027-04-26,False,False,False,False
107,41030.0,2027-04-27,False,True,False,False
108,43138.0,2027-04-28,True,False,False,False
109,77369.0,2027-04-29,False,True,False,False
102,45646.0,2027-04-30,False,True,False,False
102,58812.0,2027-05-01,False,False,False,True
105,53422.0,2027-05-02,False,False,True,False
105,40645.0,2027-05-03,True,False,False,False
106,44628.0,2027-05-04,False,False,True,False
103,54486.0,2027-05-05,False,True,False,False
108,52409.0,2027-05-06,False,False,True,False
101,88398.0,2027-05-07,False,True,False,False
106,69266.0,2027-05-08,False,False,False,True
104,52732.0,2027-05-09,True,False,False,False
101,76557.0,2027-05-10,False,False,False,True
107,49425.0,2027-05-11,False,False,False,True
109,42195.0,2027-05-12,False,True,False,False
104,48722.0,2027-05-13,False,False,False,True
104,46494.0,2027-05-14,True,False,False,False
106,51571.0,2027-05-15,False,False,False,False
103,64486.0,2027-05-16,False,True,False,False
106,52900.0,2027-05-17,False,False,False,True
107,30125.0,2027-05-18,False,False,False,True
103,78814.0,2027-05-19,False,False,False,True
107,87605.0,2027-05-20,True,False,False,False
103,49318.0,2027-05-21,False,False,False,True
102,68685.0,2027-05-22,False,False,False,True
104,73162.0,2027-05-23,False,False,False,False
108,80756.0,2027-05-24,True,False,False,False
109,37590.0,2027-05-25,False,True,False,False
107,64850.0,2027-05-26,False,True,False,False
101,42134.0,2027-05-27,False,False,False,False
103,55230.0,2027-05-28,False,False,False,True
109,45058.0,2027-05-29,True,False,False,False
101,44301.0,2027-05-30,False,True,False,False
109,67861.0,2027-05-31,False,False,False,True
108,57039.0,2027-06-01,False,True,False,False
101,86295.0,2027-06-02,True,False,False,False
106,30284.0,2027-06-03,False,False,False,False
105,68334.0,2027-06-04,False,True,False,False
106,73525.0,2027-06-05,False,True,False,False
105,70986.0,2027-06-06,False,False,True,False
106,48658.0,2027-06-07,False,False,True,False
105,58443.0,2027-06-08,False,False,False,True
105,33972.0,2027-06-09,False,False,False,False
104,56167.0,2027-06-10,False,False,False,True
103,43679.0,2027-06-11,False,True,False,False
103,74341.0,2027-06-12,True,False,False,False
104,59519.0,2027-06-13,False,False,True,False
109,55704.0,2027-06-14,False,False,False,True
102,66881.0,2027-06-15,False,False,False,True
109,61948.0,2027-06-16,False,True,False,False
101,44378.0,2027-06-17,True,False,False,False
101,40328.0,2027-06-18,False,False,False,False
105,85881.0,2027-06-19,False,False,False,False
106,54732.0,2027-06-20,False,False,False,False
106,47673.0,2027-06-21,False,False,False,True
103,40373.0,2027-06-22,True,False,False,False
107,81663.0,2027-06-23,True,False,False,False
109,35720.0,2027-06-24,False,False,False,True
108,89115.0,2027-06-25,False,False,True,False
106,80307.0,2027-06-26,False,False,False,True
108,81940.0,2027-06-27,True,False,False,False
105,35153.0,2027-06-28,False,True,False,False
108,36226.0,2027-06-29,False,True,False,False
104,32976.0,2027-06-30,False,False,False,True
108,68019.0,2027-07-01,False,False,False,False
102,66267.0,2027-07-02,True,False,False,False
105,49297.0,2027-07-03,False,False,False,True
109,46587.0,2027-07-04,False,True,False,False
104,48206.0,2027-07-05,False,False,False,True
106,55935.0,2027-07-06,True,False,False,False
101,59633.0,2027-07-07,True,False,False,False
109,40736.0,2027-07-08,False,True,False,False
101,71401.0,2027-07-09,False,True,False,False
105,36971.0,2027-07-10,False,False,True,False
104,86577.0,2027-07-11,False,True,False,False
103,39507.0,2027-07-12,False,True,False,False
106,55724.0,2027-07-13,False,True,False,False
102,52166.0,2027-07-14,False,False,False,False
103,43158.0,2027-07-15,False,False,False,False
105,87078.0,2027-07-16,True,False,False,False
109,55774.0,2027-07-17,False,False,False,True
102,85155.0,2027-07-18,True,False,False,False
108,41108.0,2027-07-19,False,True,False,False
102,42077.0,2027-07-20,False,False,True,False
105,34175.0,2027-07-21,False,False,False,False
107,86938.0,2027-07-22,False,False,False,False
108,65627.0,2027-07-23,False,False,False,True
101,32962.0,2027-07-24,False,True,False,False
106,43616.0,2027-07-25,False,False,False,False
101,62253.0,2027-07-26,True,False,False,False
102,47751.0,2027-07-27,False,True,False,False
101,75625.0,2027-07-28,False,False,False,True
105,35210.0,2027-07-29,False,False,False,True
109,62390.0,2027-07-30,False,False,False,False
106,65677.0,2027-07-31,False,False,False,True
101,73176.0,2027-08-01,False,True,False,False
101,66173.0,2027-08-02,False,True,False,False
102,45993.0,2027-08-03,False,True,False,False
109,56859.0,2027-08-04,False,False,False,False
103,50878.0,2027-08-05,False,True,False,False
101,44923.0,2027-08-06,False,False,False,True
105,63588.0,2027-08-07,False,True,False,False
107,57100.0,2027-08-08,False,False,False,True
106,54086.0,2027-08-09,False,False,True,False
101,89976.0,2027-08-10,False,False,False,True
105,70023.0,2027-08-11,False,False,False,True
105,81814.0,2027-08-12,True,False,False,False
106,77709.0,2027-08-13,False,False,False,True
103,86256.0,2027-08-14,False,False,False,True
105,62571.0,2027-08-15,False,False,False,True
107,41017.0,2027-08-16,False,False,False,False
105,84524.0,2027-08-17,False,False,False,True
105,67221.0,2027-08-18,False,False,True,False
105,49513.0,2027-08-19,False,False,False,True
103,74974.0,2027-08-20,False,False,False,True
101,76478.0,2027-08-21,False,False,False,False
105,83768.0,2027-08-22,False,False,False,True
109,44860.0,2027-08-23,False,True,False,False
101,38086.0,2027-08-24,False,False,False,True
103,78544.0,2027-08-25,True,False,False,False
104,48050.0,2027-08-26,False,False,False,True
101,70157.0,2027-08-27,False,True,False,False
101,49784.0,2027-08-28,False,False,False,True
108,41774.0,2027-08-29,False,False,False,True
102,64968.0,2027-08-30,False,True,False,False
108,88236.0,2027-08-31,True,False,False,False
107,42142.0,2027-09-01,True,False,False,False
102,80135.0,2027-09-02,True,False,False,False
106,53007.0,2027-09-03,False,True,False,False
106,55158.0,2027-09-04,False,True,False,False
103,36051.0,2027-09-05,False,False,False,True
102,61576.0,2027-09-06,False,False,False,True
101,34115.0,2027-09-07,False,False,True,False
106,49024.0,2027-09-08,False,True,False,False
105,89317.0,2027-09-09,False,True,False,False
109,36371.0,2027-09-10,False,False,False,True
101,82569.0,2027-09-11,False,False,False,False
107,58690.0,2027-09-12,False,False,False,False
105,69355.0,2027-09-13,False,False,True,False
105,62420.0,2027-09-14,False,True,False,False
102,73375.0,2027-09-15,True,False,False,False
103,78002.0,2027-09-16,False,False,False,True
107,76698.0,2027-09-17,False,False,False,True
106,39080.0,2027-09-18,False,False,False,True
102,31883.0,2027-09-19,False,False,False,True
106,34821.0,2027-09-20,True,False,False,False
102,66590.0,2027-09-21,False,False,False,True
102,38338.0,2027-09-22,False,False,False,False
102,80868.0,2027-09-23,False,False,True,False
103,52007.0,2027-09-24,False,False,True,False
102,32477.0,2027-09-25,False,False,True,False
104,43135.0,2027-09-26,False,False,False,False
109,72423.0,2027-09-27,False,False,False,True
106,40437.0,2027-09-28,True,False,False,False
101,78100.0,2027-09-29,True,False,False,False
108,39502.0,2027-09-30,False,True,False,False
107,59236.0,2027-10-01,False,False,False,False
103,30368.0,2027-10-02,False,False,True,False
101,55839.0,2027-10-03,False,False,False,False
105,82001.0,2027-10-04,False,False,False,True
104,76366.0,2027-10-05,False,False,True,False
108,65515.0,2027-10-06,False,True,False,False
101,37562.0,2027-10-07,False,False,False,True
101,37139.0,2027-10-08,True,False,False,False
104,57141.0,2027-10-09,False,False,False,True
108,72778.0,2027-10-10,True,False,False,False
105,36704.0,2027-10-11,False,True,False,False
102,31887.0,2027-10-12,False,False,False,True
106,41975.0,2027-10-13,False,True,False,False
105,79211.0,2027-10-14,False,False,False,True
102,30544.0,2027-10-15,False,False,False,False
103,49448.0,2027-10-16,False,False,False,True
109,52830.0,2027-10-17,False,True,False,False
107,76323.0,2027-10-18,False,True,False,False
107,84955.0,2027-10-19,False,False,False,False
106,80382.0,2027-10-20,False,True,False,False
108,53926.0,2027-10-21,False,False,False,False
104,61002.0,2027-10-22,False,False,False,False
108,77581.0,2027-10-23,False,False,True,False
104,43333.0,2027-10-24,True,False,False,False
108,46942.0,2027-10-25,False,False,False,False
109,44684.0,2027-10-26,False,False,False,True
103,56088.0,2027-10-27,True,False,False,False
103,52447.0,2027-10-28,True,False,False,False
102,38861.0,2027-10-29,False,True,False,False
103,54833.0,2027-10-30,False,False,False,True
103,47454.0,2027-10-31,False,True,False,False
105,31050.0,2027-11-01,False,True,False,False
105,50422.0,2027-11-02,False,True,False,False
102,51530.0,2027-11-03,False,False,False,True
106,77060.0,2027-11-04,False,False,False,False
105,45756.0,2027-11-05,False,False,True,False
106,34022.0,2027-11-06,False,False,False,True
101,71104.0,2027-11-07,False,False,False,False
105,32634.0,2027-11-08,False,False,False,True
109,57145.0,2027-11-09,False,False,True,False
102,37288.0,2027-11-10,False,True,False,False
101,38992.0,2027-11-11,False,False,False,True
109,64253.0,2027-11-12,False,True,False,False
109,57005.0,2027-11-13,False,False,True,False
109,81975.0,2027-11-14,False,False,False,False
106,79824.0,2027-11-15,False,False,False,False
108,42166.0,2027-11-16,False,False,False,False
101,58065.0,2027-11-17,False,False,False,True
104,83574.0,2027-11-18,False,False,True,False
101,47798.0,2027-11-19,True,False,False,False
108,59301.0,2027-11-20,False,False,False,True
101,85267.0,2027-11-21,False,True,False,False
103,33894.0,2027-11-22,False,False,False,True
104,33846.0,2027-11-23,False,False,False,False
108,44481.0,2027-11-24,False,False,False,True
106,89372.0,2027-11-25,False,False,False,False
107,72154.0,2027-11-26,False,False,False,True
108,81176.0,2027-11-27,False,False,False,True
102,80509.0,2027-11-28,False,False,False,False
108,86628.0,2027-11-29,False,False,True,False
103,60221.0,2027-11-30,False,False,False,False
107,77764.0,2027-12-01,False,False,False,True
103,38048.0,2027-12-02,False,False,False,True
107,57386.0,2027-12-03,False,False,False,True
102,63336.0,2027-12-04,False,False,True,False
106,69258.0,2027-12-05,True,False,False,False
103,53853.0,2027-12-06,False,False,False,True
103,64713.0,2027-12-07,False,False,False,True
109,87690.0,2027-12-08,False,False,False,True
107,46791.0,2027-12-09,False,False,True,False
105,34228.0,2027-12-10,False,False,False,True
107,41945.0,2027-12-11,True,False,False,False
109,71573.0,2027-12-12,False,False,True,False
101,69899.0,2027-12-13,False,False,True,False
107,54681.0,2027-12-14,False,True,False,False
106,64986.0,2027-12-15,True,False,False,False
109,44975.0,2027-12-16,False,True,False,False
101,78377.0,2027-12-17,False,False,False,False
104,37711.0,2027-12-18,False,True,False,False
109,74759.0,2027-12-19,False,False,False,False
104,83509.0,2027-12-20,False,False,True,False
103,59431.0,2027-12-21,False,False,False,True
109,79645.0,2027-12-22,False,False,False,True
102,60146.0,2027-12-23,False,False,False,False
104,45238.0,2027-12-24,False,False,False,False
106,33868.0,2027-12-25,False,False,False,True
102,83537.0,2027-12-26,False,False,False,False
108,74294.0,2027-12-27,True,False,False,False
108,40060.0,2027-12-28,False,False,False,True
101,35433.0,2027-12-29,False,False,False,True
103,52612.0,2027-12-30,False,False,False,True
109,47822.0,2027-12-31,False,False,False,True
105,64120.0,2028-01-01,False,False,False,True
106,71004.0,2028-01-02,False,False,False,True
104,51294.0,2028-01-03,False,False,False,False
102,48764.0,2028-01-04,False,False,True,False
108,34560.0,2028-01-05,False,False,False,True
106,46583.0,2028-01-06,True,False,False,False
105,45560.0,2028-01-07,False,True,False,False
109,34424.0,2028-01-08,False,True,False,False
101,70615.0,2028-01-09,False,False,False,False
105,56863.0,2028-01-10,False,False,False,False
106,76963.0,2028-01-11,False,False,False,True
105,59469.0,2028-01-12,False,False,False,False
106,67565.0,2028-01-13,False,False,False,False
106,89974.0,2028-01-14,True,False,False,False
107,53184.0,2028-01-15,True,False,False,False
104,53910.0,2028-01-16,False,False,False,False
108,77077.0,2028-01-17,False,False,False,False
107,52404.0,2028-01-18,False,True,False,False
109,81920.0,2028-01-19,False,False,False,False
107,65175.0,2028-01-20,False,False,False,False
103,84649.0,2028-01-21,False,False,False,False
103,33791.0,2028-01-22,False,False,False,True
108,62208.0,2028-01-23,True,False,False,False
105,82445.0,2028-01-24,False,True,False,False
104,81998.0,2028-01-25,False,False,False,True
108,86994.0,2028-01-26,False,True,False,False
106,69276.0,2028-01-27,False,False,False,True
102,77175.0,2028-01-28,False,False,False,False
104,82463.0,2028-01-29,False,False,False,False
104,89895.0,2028-01-30,False,False,False,True
106,39629.0,2028-01-31,False,True,False,False
106,62894.0,2028-02-01,False,False,False,True
101,51990.0,2028-02-02,False,True,False,False
108,72580.0,2028-02-03,True,False,False,False
106,37694.0,2028-02-04,False,False,False,True
103,66087.0,2028-02-05,False,False,True,False
109,38673.0,2028-02-06,False,False,False,True
102,68199.0,2028-02-07,False,False,False,True
108,62187.0,2028-02-08,False,False,False,False
103,34378.0,2028-02-09,False,True,False,False
105,53553.0,2028-02-10,False,False,False,False
106,81273.0,2028-02-11,False,False,False,True
106,82287.0,2028-02-12,False,True,False,False
104,73780.0,2028-02-13,False,False,False,False
103,69258.0,2028-02-14,True,False,False,False
104,52524.0,2028-02-15,False,False,False,True
101,73331.0,2028-02-16,False,False,False,False
104,46622.0,2028-02-17,False,False,False,True
101,31420.0,2028-02-18,False,False,False,True
101,77440.0,2028-02-19,False,False,True,False
106,30340.0,2028-02-20,False,False,False,False
105,74310.0,2028-02-21,False,True,False,False
104,70288.0,2028-02-22,False,False,False,True
103,73953.0,2028-02-23,True,False,False,False
101,34987.0,2028-02-24,False,False,False,False
106,56062.0,2028-02-25,False,True,False,False
102,75517.0,2028-02-26,False,False,False,False
108,62456.0,2028-02-27,False,True,False,False
105,83227.0,2028-02-28,True,False,False,False
107,68180.0,2028-02-29,False,True,False,False
102,55308.0,2028-03-01,True,False,False,False
108,49862.0,2028-03-02,False,False,True,False
102,87505.0,2028-03-03,False,True,False,False
104,37670.0,2028-03-04,False,False,False,False
101,81647.0,2028-03-05,False,False,True,False
105,54246.0,2028-03-06,False,False,False,True
109,43766.0,2028-03-07,False,True,False,False
101,87204.0,2028-03-08,False,False,False,True
109,59681.0,2028-03-09,False,False,False,False
108,38323.0,2028-03-10,False,False,False,False
106,31857.0,2028-03-11,False,True,False,False
107,77223.0,2028-03-12,False,False,False,False
103,60587.0,2028-03-13,False,False,False,True
101,55818.0,2028-03-14,False,False,True,False
105,55247.0,2028-03-15,False,False,False,True
102,63272.0,2028-03-16,False,False,True,False
105,70235.0,2028-03-17,False,False,False,False
108,48540.0,2028-03-18,True,False,False,False
109,55837.0,2028-03-19,False,False,False,False
102,38484.0,2028-03-20,True,False,False,False
103,60682.0,2028-03-21,False,False,False,True
103,61707.0,2028-03-22,False,False,True,False
101,74610.0,2028-03-23,False,False,False,False
108,34923.0,2028-03-24,False,False,False,False
106,72019.0,2028-03-25,False,False,False,False
108,45920.0,2028-03-26,False,False,True,False
109,73263.0,2028-03-27,True,False,False,False
105,51938.0,2028-03-28,False,False,False,True
103,84890.0,2028-03-29,True,False,False,False
105,43319.0,2028-03-30,True,False,False,False
105,81947.0,2028-03-31,False,False,False,True
105,72161.0,2028-04-01,False,False,True,False
103,89432.0,2028-04-02,True,False,False,False
104,36900.0,2028-04-03,False,False,False,True
109,32160.0,2028-04-04,False,False,True,False
109,46236.0,2028-04-05,False,False,False,False
102,86485.0,2028-04-06,False,False,False,True
108,86823.0,2028-04-07,False,False,False,True
108,36221.0,2028-04-08,False,True,False,False
107,55294.0,2028-04-09,False,True,False,False
108,40038.0,2028-04-10,True,False,False,False
103,88221.0,2028-04-11,False,False,False,True
106,49651.0,2028-04-12,False,True,False,False
101,83649.0,2028-04-13,True,False,False,False
107,53360.0,2028-04-14,True,False,False,False
101,38255.0,2028-04-15,True,False,False,False
109,32699.0,2028-04-16,False,False,False,True
101,73893.0,2028-04-17,False,False,True,False
101,51928.0,2028-04-18,False,True,False,False
107,78169.0,2028-04-19,False,False,True,False
102,30372.0,2028-04-20,False,False,False,True
105,83179.0,2028-04-21,False,False,False,False
108,87649.0,2028-04-22,False,False,True,False
108,77312.0,2028-04-23,False,False,False,True
103,48898.0,2028-04-24,False,True,False,False
107,80083.0,2028-04-25,True,False,False,False
103,53855.0,2028-04-26,False,False,False,False
106,64758.0,2028-04-27,False,False,False,False
106,82808.0,2028-04-28,False,False,False,True
103,39607.0,2028-04-29,False,True,False,False
107,69558.0,2028-04-30,False,False,False,False
103,38553.0,2028-05-01,False,True,False,False
108,35383.0,2028-05-02,False,False,False,True
104,78343.0,2028-05-03,False,True,False,False
101,30715.0,2028-05-04,False,False,False,False
104,39837.0,2028-05-05,False,True,False,False
107,87886.0,2028-05-06,False,True,False,False
104,80699.0,2028-05-07,True,False,False,False
106,43950.0,2028-05-08,True,False,False,False
109,37992.0,2028-05-09,False,True,False,False
101,56817.0,2028-05-10,False,True,False,False
105,79803.0,2028-05-11,False,True,False,False
107,63818.0,2028-05-12,False,False,True,False
101,43357.0,2028-05-13,False,False,False,False
104,34742.0,2028-05-14,False,True,False,False
106,89196.0,2028-05-15,False,False,False,False
102,43369.0,2028-05-16,True,False,False,False
105,35044.0,2028-05-17,False,False,True,False
101,84208.0,2028-05-18,False,False,False,True
106,40288.0,2028-05-19,False,False,False,True
106,55378.0,2028-05-20,False,True,False,False
104,37261.0,2028-05-21,False,False,False,True
108,73614.0,2028-05-22,False,False,True,False
104,48064.0,2028-05-23,False,False,False,True
108,39799.0,2028-05-24,False,False,False,False
108,33522.0,2028-05-25,False,False,False,True
105,43690.0,2028-05-26,False,False,False,False
104,32057.0,2028-05-27,False,False,False,True
102,65489.0,2028-05-28,False,False,False,True
103,67589.0,2028-05-29,False,False,False,False
103,65331.0,2028-05-30,False,True,False,False
104,44559.0,2028-05-31,False,False,False,True
104,43692.0,2028-06-01,True,False,False,False
105,78429.0,2028-06-02,False,True,False,False
104,30202.0,2028-06-03,False,True,False,False
108,63709.0,2028-06-04,False,False,False,True
106,46972.0,2028-06-05,False,False,True,False
106,71530.0,2028-06-06,False,False,True,False
108,87539.0,2028-06-07,False,True,False,False
107,39537.0,2028-06-08,False,False,False,False
108,87761.0,2028-06-09,False,False,False,True
102,31642.0,2028-06-10,True,False,False,False
109,31365.0,2028-06-11,True,False,False,False
101,70324.0,2028-06-12,False,False,True,False
108,30008.0,2028-06-13,False,False,False,False
104,79683.0,2028-06-14,False,False,False,True
104,58820.0,2028-06-15,False,False,False,True
105,88896.0,2028-06-16,False,False,True,False
108,63803.0,2028-06-17,False,False,False,False
105,75531.0,2028-06-18,False,False,False,True
108,48001.0,2028-06-19,False,False,False,True
101,36722.0,2028-06-20,False,True,False,False
109,50100.0,2028-06-21,False,False,False,True
106,85227.0,2028-06-22,True,False,False,False
103,47460.0,2028-06-23,True,False,False,False
108,53987.0,2028-06-24,False,False,False,True
109,34015.0,2028-06-25,False,True,False,False
106,69897.0,2028-06-26,False,True,False,False
107,32962.0,2028-06-27,False,False,True,False
101,34840.0,2028-06-28,False,False,False,True
105,80064.0,2028-06-29,False,True,False,False
105,50533.0,2028-06-30,False,False,False,True
104,50454.0,2028-07-01,False,False,True,False
106,78105.0,2028-07-02,False,False,False,False
107,35699.0,2028-07-03,False,False,True,False
109,35922.0,2028-07-04,True,False,False,False
101,54919.0,2028-07-05,False,False,True,False
106,88536.0,2028-07-06,False,False,True,False
107,56508.0,2028-07-07,False,True,False,False
103,51664.0,2028-07-08,True,False,False,False
108,62270.0,2028-07-09,False,True,False,False
105,55278.0,2028-07-10,False,True,False,False
109,44862.0,2028-07-11,False,False,False,True
105,43598.0,2028-07-12,False,False,False,False
109,31898.0,2028-07-13,True,False,False,False
104,52939.0,2028-07-14,False,False,True,False
109,61288.0,2028-07-15,False,False,False,True
105,54774.0,2028-07-16,False,False,True,False
109,82384.0,2028-07-17,False,False,False,False
103,32822.0,2028-07-18,False,False,False,True
104,67252.0,2028-07-19,False,True,False,False
109,55049.0,2028-07-20,False,False,False,False
106,51884.0,2028-07-21,False,False,False,True
102,43052.0,2028-07-22,False,False,False,False
107,48038.0,2028-07-23,True,False,False,False
102,46975.0,2028-07-24,False,False,False,True
102,64616.0,2028-07-25,True,False,False,False
101,84343.0,2028-07-26,True,False,False,False
103,43269.0,2028-07-27,False,False,False,True
106,33041.0,2028-07-28,False,True,False,False
108,46551.0,2028-07-29,False,False,False,True
109,34379.0,2028-07-30,False,False,True,False
107,37661.0,2028-07-31,False,False,False,True
104,36967.0,2028-08-01,True,False,False,False
106,59870.0,2028-08-02,False,False,False,False
105,86435.0,2028-08-03,False,True,False,False
108,74967.0,2028-08-04,False,False,False,True
101,45674.0,2028-08-05,False,False,False,False
101,50394.0,2028-08-06,False,False,False,False
106,43531.0,2028-08-07,False,False,True,False
102,51370.0,2028-08-08,True,False,False,False
105,83000.0,2028-08-09,False,False,False,False
101,48565.0,2028-08-10,False,False,True,False
107,88998.0,2028-08-11,False,False,False,False
101,30832.0,2028-08-12,False,False,False,True
104,76978.0,2028-08-13,False,False,False,True
109,47405.0,2028-08-14,True,False,False,False
101,40185.0,2028-08-15,False,False,False,True
104,33492.0,2028-08-16,False,False,False,True
106,88238.0,2028-08-17,False,True,False,False
106,88859.0,2028-08-18,False,False,False,False
108,74630.0,2028-08-19,False,False,False,True
101,30288.0,2028-08-20,False,False,False,True
107,70584.0,2028-08-21,False,False,False,True
101,31076.0,2028-08-22,False,False,True,False
107,78332.0,2028-08-23,True,False,False,False
103,64139.0,2028-08-24,False,False,True,False
108,31074.0,2028-08-25,False,False,False,True
103,67702.0,2028-08-26,False,False,False,False
101,57535.0,2028-08-27,False,False,False,True
108,62807.0,2028-08-28,False,False,True,False
103,34274.0,2028-08-29,True,False,False,False
102,58198.0,2028-08-30,False,False,False,False
101,79334.0,2028-08-31,False,False,False,False
103,89103.0,2028-09-01,False,False,False,False
102,59859.0,2028-09-02,False,False,False,True
102,89113.0,2028-09-03,False,False,False,True
106,68264.0,2028-09-04,False,False,False,True
101,75760.0,2028-09-05,False,False,False,True
102,87840.0,2028-09-06,True,False,False,False
106,87940.0,2028-09-07,False,False,False,False
103,65276.0,2028-09-08,False,False,False,True
104,42018.0,2028-09-09,False,True,False,False
101,88028.0,2028-09-10,False,True,False,False
108,38072.0,2028-09-11,False,False,True,False
107,43348.0,2028-09-12,False,False,False,False
107,76678.0,2028-09-13,False,True,False,False
103,43952.0,2028-09-14,False,False,False,True
103,78833.0,2028-09-15,False,False,False,True
102,30318.0,2028-09-16,False,False,False,True
101,41818.0,2028-09-17,False,False,False,True
107,56011.0,2028-09-18,False,False,False,True
107,48787.0,2028-09-19,False,False,False,False
102,76750.0,2028-09-20,False,True,False,False
107,73624.0,2028-09-21,False,False,False,False
108,42516.0,2028-09-22,True,False,False,False
101,63496.0,2028-09-23,False,False,False,True
109,64055.0,2028-09-24,False,False,False,False
107,66769.0,2028-09-25,True,False,False,False
103,84758.0,2028-09-26,True,False,False,False
108,38752.0,2028-09-27,False,False,True,False
107,31375.0,2028-09-28,False,False,False,True
108,88809.0,2028-09-29,False,False,False,False
106,44970.0,2028-09-30,False,False,False,True
109,89850.0,2028-10-01,False,False,True,False
105,74846.0,2028-10-02,False,False,False,True
103,62792.0,2028-10-03,False,False,False,True
103,47538.0,2028-10-04,False,False,True,False
101,42657.0,2028-10-05,True,False,False,False
108,47843.0,2028-10-06,False,True,False,False
102,45583.0,2028-10-07,False,False,True,False
103,51491.0,2028-10-08,True,False,False,False
108,67474.0,2028-10-09,False,True,False,False
108,76431.0,2028-10-10,False,True,False,False
104,78612.0,2028-10-11,False,False,True,False
104,72180.0,2028-10-12,False,True,False,False
105,48540.0,2028-10-13,False,True,False,False
106,35979.0,2028-10-14,False,False,False,False
105,37943.0,2028-10-15,False,True,False,False
107,85194.0,2028-10-16,False,False,False,True
102,38911.0,2028-10-17,False,False,False,False
107,70254.0,2028-10-18,False,False,False,False
107,63873.0,2028-10-19,False,False,False,True
101,33769.0,2028-10-20,False,False,False,False
107,32479.0,2028-10-21,False,False,False,True
105,40112.0,2028-10-22,False,False,True,False
103,74039.0,2028-10-23,False,False,False,False
103,34731.0,2028-10-24,False,False,False,True
104,41361.0,2028-10-25,True,False,False,False
102,78855.0,2028-10-26,False,False,True,False
102,65940.0,2028-10-27,False,False,True,False
101,76809.0,2028-10-28,False,False,False,True
105,62205.0,2028-10-29,False,False,True,False
104,54569.0,2028-10-30,False,False,True,False
102,37068.0,2028-10-31,False,False,True,False
103,36557.0,2028-11-01,False,True,False,False
107,66098.0,2028-11-02,False,False,False,True
107,68790.0,2028-11-03,True,False,False,False
104,75411.0,2028-11-04,False,False,False,False
105,64826.0,2028-11-05,False,True,False,False
105,52074.0,2028-11-06,False,False,False,True
106,52155.0,2028-11-07,False,False,False,True
109,81022.0,2028-11-08,False,False,False,False
102,66389.0,2028-11-09,False,False,True,False
105,72105.0,2028-11-10,False,False,False,True
103,66759.0,2028-11-11,False,False,True,False
104,60784.0,2028-11-12,False,False,True,False
106,62401.0,2028-11-13,False,False,False,False
108,41565.0,2028-11-14,False,False,False,True
101,54700.0,2028-11-15,False,False,False,True
108,71271.0,2028-11-16,True,False,False,False
107,79926.0,2028-11-17,False,True,False,False
101,45337.0,2028-11-18,False,False,False,False
102,41112.0,2028-11-19,True,False,False,False
103,43761.0,2028-11-20,False,False,False,False
101,72791.0,2028-11-21,False,False,False,True
109,38885.0,2028-11-22,True,False,False,False
108,84430.0,2028-11-23,False,False,False,True
102,31376.0,2028-11-24,False,False,False,False
109,35939.0,2028-11-25,True,False,False,False
107,71949.0,2028-11-26,False,False,False,True
109,32846.0,2028-11-27,False,True,False,False
106,36817.0,2028-11-28,False,False,False,False
106,37430.0,2028-11-29,False,False,False,True
104,56328.0,2028-11-30,False,False,False,False
102,41151.0,2028-12-01,False,False,False,True
107,89797.0,2028-12-02,False,False,True,False
105,57619.0,2028-12-03,False,True,False,False
106,64484.0,2028-12-04,True,False,False,False
102,88970.0,2028-12-05,False,False,False,False
105,57664.0,2028-12-06,False,False,False,True
104,36780.0,2028-12-07,True,False,False,False
109,33331.0,2028-12-08,True,False,False,False
106,58604.0,2028-12-09,False,True,False,False
102,71849.0,2028-12-10,False,False,False,True
101,47762.0,2028-12-11,False,False,True,False
105,83736.0,2028-12-12,False,False,False,True
109,53765.0,2028-12-13,False,False,False,True
106,67043.0,2028-12-14,False,False,False,True
107,51922.0,2028-12-15,False,False,False,True
105,89051.0,2028-12-16,False,True,False,False
106,53694.0,2028-12-17,False,False,True,False
105,40556.0,2028-12-18,True,False,False,False
109,43555.0,2028-12-19,False,False,False,False
106,79383.0,2028-12-20,False,False,False,False
108,40004.0,2028-12-21,False,True,False,False
102,88956.0,2028-12-22,True,False,False,False
109,68190.0,2028-12-23,False,False,False,False
105,50810.0,2028-12-24,False,False,False,False
107,41188.0,2028-12-25,False,False,False,False
101,30247.0,2028-12-26,False,False,False,True
105,50762.0,2028-12-27,True,False,False,False
102,76366.0,2028-12-28,True,False,False,False
106,75995.0,2028-12-29,False,False,False,True
101,89423.0,2028-12-30,False,False,False,False
103,43811.0,2028-12-31,False,True,False,False
105,33741.0,2029-01-01,False,True,False,False
104,59052.0,2029-01-02,True,False,False,False
103,79214.0,2029-01-03,False,False,False,True
105,83375.0,2029-01-04,False,False,False,False
108,64319.0,2029-01-05,False,False,False,True
104,36306.0,2029-01-06,False,False,False,True
101,33005.0,2029-01-07,False,False,False,False
107,33322.0,2029-01-08,False,False,False,True
108,46008.0,2029-01-09,True,False,False,False
103,70765.0,2029-01-10,False,False,False,True
106,54870.0,2029-01-11,False,False,False,True
102,42466.0,2029-01-12,False,False,False,True
107,75284.0,2029-01-13,False,False,False,True
108,80034.0,2029-01-14,False,False,True,False
106,63161.0,2029-01-15,False,False,True,False
106,32739.0,2029-01-16,False,False,False,False
105,66935.0,2029-01-17,False,False,False,True
108,83565.0,2029-01-18,False,True,False,False
101,83842.0,2029-01-19,False,False,False,True
104,83626.0,2029-01-20,True,False,False,False
104,43194.0,2029-01-21,False,False,False,False
103,34231.0,2029-01-22,False,True,False,False
103,81929.0,2029-01-23,False,False,False,True
104,58268.0,2029-01-24,False,True,False,False
101,31401.0,2029-01-25,True,False,False,False
102,38086.0,2029-01-26,False,False,True,False
109,63673.0,2029-01-27,False,False,True,False
102,30529.0,2029-01-28,True,False,False,False
105,70779.0,2029-01-29,False,False,False,False
109,53462.0,2029-01-30,False,False,False,False
109,77769.0,2029-01-31,False,True,False,False
108,67386.0,2029-02-01,False,False,False,True
101,82873.0,2029-02-02,False,True,False,False
101,87730.0,2029-02-03,False,False,True,False
109,81773.0,2029-02-04,False,False,False,True
108,85878.0,2029-02-05,False,False,False,False
109,46956.0,2029-02-06,True,False,False,False
107,47027.0,2029-02-07,False,True,False,False
103,77676.0,2029-02-08,True,False,False,False
103,50455.0,2029-02-09,True,False,False,False
102,87223.0,2029-02-10,False,False,False,False
105,69781.0,2029-02-11,False,False,False,True
103,72252.0,2029-02-12,False,False,True,False
106,74555.0,2029-02-13,True,False,False,False
102,75602.0,2029-02-14,False,False,True,False
103,35605.0,2029-02-15,False,False,True,False
105,40677.0,2029-02-16,False,False,False,True
101,84834.0,2029-02-17,False,True,False,False
101,46938.0,2029-02-18,False,True,False,False
109,76819.0,2029-02-19,False,False,False,True
107,89502.0,2029-02-20,False,True,False,False
101,82545.0,2029-02-21,False,False,False,False
108,73534.0,2029-02-22,True,False,False,False
103,73184.0,2029-02-23,False,False,False,False
108,45009.0,2029-02-24,False,False,False,True
105,60246.0,2029-02-25,False,False,False,True
101,58185.0,2029-02-26,False,True,False,False
107,59295.0,2029-02-27,False,False,False,True
105,89332.0,2029-02-28,True,False,False,False
106,55519.0,2029-03-01,False,False,True,False
106,50952.0,2029-03-02,False,False,False,False
108,76642.0,2029-03-03,False,True,False,False
109,39185.0,2029-03-04,True,False,False,False
102,49843.0,2029-03-05,False,True,False,False
109,47505.0,2029-03-06,False,True,False,False
109,84682.0,2029-03-07,True,False,False,False
107,58022.0,2029-03-08,False,False,False,True
101,84261.0,2029-03-09,False,False,False,True
107,46439.0,2029-03-10,False,False,False,False
105,89100.0,2029-03-11,False,False,False,True
106,44660.0,2029-03-12,False,False,False,True
107,38849.0,2029-03-13,False,False,False,False
105,59628.0,2029-03-14,False,False,False,True
107,54835.0,2029-03-15,False,False,False,True
109,34736.0,2029-03-16,False,False,False,True
103,65377.0,2029-03-17,False,False,False,False
108,77443.0,2029-03-18,True,False,False,False
102,33909.0,2029-03-19,False,False,False,False
107,79555.0,2029-03-20,False,False,False,False
102,44867.0,2029-03-21,False,False,False,True
104,30794.0,2029-03-22,False,False,False,False
107,47945.0,2029-03-23,False,False,False,True
103,88527.0,2029-03-24,False,False,False,False
102,45369.0,2029-03-25,True,False,False,False
107,73601.0,2029-03-26,True,False,False,False
101,53807.0,2029-03-27,False,False,False,False
108,40856.0,2029-03-28,False,False,False,False
103,36795.0,2029-03-29,False,False,False,True
102,59385.0,2029-03-30,False,True,False,False
103,61063.0,2029-03-31,True,False,False,False
105,68260.0,2029-04-01,False,False,False,True
108,78562.0,2029-04-02,True,False,False,False
107,40149.0,2029-04-03,True,False,False,False
107,56669.0,2029-04-04,False,False,False,True
107,56328.0,2029-04-05,False,False,False,True
108,67767.0,2029-04-06,False,True,False,False
101,85350.0,2029-04-07,False,False,False,True
104,67965.0,2029-04-08,True,False,False,False
106,33562.0,2029-04-09,True,False,False,False
109,80846.0,2029-04-10,False,True,False,False
102,63623.0,2029-04-11,False,False,True,False
101,72255.0,2029-04-12,False,True,False,False
102,83907.0,2029-04-13,False,False,True,False
107,66389.0,2029-04-14,False,True,False,False
103,34206.0,2029-04-15,True,False,False,False
102,63806.0,2029-04-16,False,False,False,False
107,67364.0,2029-04-17,False,False,False,True
102,50897.0,2029-04-18,False,True,False,False
103,44151.0,2029-04-19,False,False,False,False
107,34370.0,2029-04-20,False,True,False,False
104,54045.0,2029-04-21,False,False,False,False
101,51700.0,2029-04-22,True,False,False,False
105,66215.0,2029-04-23,False,False,True,False
109,52234.0,2029-04-24,True,False,False,False
108,86382.0,2029-04-25,False,True,False,False
109,82584.0,2029-04-26,False,False,False,True
109,86268.0,2029-04-27,False,False,False,True
107,78671.0,2029-04-28,False,False,False,True
104,45326.0,2029-04-29,False,False,True,False
105,76824.0,2029-04-30,False,False,False,True
101,67997.0,2029-05-01,False,True,False,False
101,32241.0,2029-05-02,False,False,True,False
103,60639.0,2029-05-03,False,False,True,False
108,70586.0,2029-05-04,False,False,True,False
102,69766.0,2029-05-05,False,False,True,False
104,51278.0,2029-05-06,False,False,False,False
102,72923.0,2029-05-07,False,True,False,False
105,36444.0,2029-05-08,False,False,False,False
109,33015.0,2029-05-09,False,False,False,False
101,44903.0,2029-05-10,False,False,False,False
105,69583.0,2029-05-11,False,False,False,False
109,58143.0,2029-05-12,False,False,False,True
101,34864.0,2029-05-13,False,False,False,True
109,39676.0,2029-05-14,False,False,False,False
108,34234.0,2029-05-15,False,True,False,False
104,51340.0,2029-05-16,False,False,False,False
105,76915.0,2029-05-17,False,False,True,False
105,48723.0,2029-05-18,False,False,True,False
106,38526.0,2029-05-19,False,False,False,False
107,36842.0,2029-05-20,False,False,False,False
108,64626.0,2029-05-21,False,True,False,False
108,31207.0,2029-05-22,True,False,False,False
102,47308.0,2029-05-23,False,False,False,False
109,82097.0,2029-05-24,False,False,False,False
107,84533.0,2029-05-25,False,False,True,False
104,35429.0,2029-05-26,False,False,False,False
104,83591.0,2029-05-27,False,True,False,False
108,37591.0,2029-05-28,False,False,False,True
104,75712.0,2029-05-29,False,False,False,False
106,68660.0,2029-05-30,False,False,False,False
105,41777.0,2029-05-31,False,False,True,False
103,68713.0,2029-06-01,False,False,False,False
102,70459.0,2029-06-02,True,False,False,False
109,42548.0,2029-06-03,False,False,False,False
109,76441.0,2029-06-04,False,False,False,False
101,66795.0,2029-06-05,False,False,False,False
103,75224.0,2029-06-06,False,False,False,False
108,67063.0,2029-06-07,False,False,False,False
106,62055.0,2029-06-08,False,False,False,True
105,42869.0,2029-06-09,False,False,True,False
105,53863.0,2029-06-10,False,False,False,True
106,34661.0,2029-06-11,False,True,False,False
107,77498.0,2029-06-12,False,True,False,False
101,74802.0,2029-06-13,False,True,False,False
109,48782.0,2029-06-14,False,False,False,False
103,79179.0,2029-06-15,False,True,False,False
104,74910.0,2029-06-16,False,True,False,False
101,31898.0,2029-06-17,False,False,False,False
103,42919.0,2029-06-18,True,False,False,False
102,70068.0,2029-06-19,False,True,False,False
102,32427.0,2029-06-20,False,False,False,False
101,64393.0,2029-06-21,True,False,False,False
108,40767.0,2029-06-22,False,False,False,True
103,48420.0,2029-06-23,True,False,False,False
103,88654.0,2029-06-24,False,False,False,True
106,66123.0,2029-06-25,True,False,False,False
108,86198.0,2029-06-26,False,False,False,False
109,76821.0,2029-06-27,False,False,False,True
109,82872.0,2029-06-28,False,False,True,False
104,34902.0,2029-06-29,False,False,False,False
105,56850.0,2029-06-30,False,False,False,True
102,78554.0,2029-07-01,True,False,False,False
109,73034.0,2029-07-02,True,False,False,False
108,51620.0,2029-07-03,True,False,False,False
103,38280.0,2029-07-04,False,False,False,False
109,44954.0,2029-07-05,False,False,False,False
103,74764.0,2029-07-06,False,False,True,False
109,76814.0,2029-07-07,True,False,False,False
102,87465.0,2029-07-08,False,False,True,False
109,76973.0,2029-07-09,False,False,True,False
108,67729.0,2029-07-10,False,False,False,True
109,62800.0,2029-07-11,True,False,False,False
105,67466.0,2029-07-12,False,False,False,False
102,38887.0,2029-07-13,False,True,False,False
108,61607.0,2029-07-14,True,False,False,False
106,82993.0,2029-07-15,False,False,False,True
108,62141.0,2029-07-16,False,False,False,True
105,71484.0,2029-07-17,False,False,False,True
102,43335.0,2029-07-18,False,False,True,False
106,84596.0,2029-07-19,False,False,True,False
105,36177.0,2029-07-20,True,False,False,False
105,71206.0,2029-07-21,False,False,False,False
101,33926.0,2029-07-22,True,False,False,False
102,78146.0,2029-07-23,True,False,False,False
108,73056.0,2029-07-24,False,False,False,False
103,40154.0,2029-07-25,False,False,False,True
103,32959.0,2029-07-26,False,False,False,True
108,48611.0,2029-07-27,False,False,False,False
108,64161.0,2029-07-28,True,False,False,False
102,89251.0,2029-07-29,False,False,False,False
108,48407.0,2029-07-30,False,False,False,True
101,43025.0,2029-07-31,False,True,False,False
106,36064.0,2029-08-01,False,False,False,True
108,86714.0,2029-08-02,False,False,False,False
103,36639.0,2029-08-03,False,True,False,False
108,32478.0,2029-08-04,False,False,False,True
101,86526.0,2029-08-05,False,False,False,True
109,37929.0,2029-08-06,False,False,False,False
109,62326.0,2029-08-07,False,False,False,True
105,83611.0,2029-08-08,True,False,False,False
104,52837.0,2029-08-09,False,False,False,False
106,71941.0,2029-08-10,False,True,False,False
107,59974.0,2029-08-11,False,False,True,False
105,74183.0,2029-08-12,False,True,False,False
109,38418.0,2029-08-13,False,False,True,False
103,47650.0,2029-08-14,False,False,False,True
107,64825.0,2029-08-15,False,False,False,True
105,87148.0,2029-08-16,False,False,False,True
107,76471.0,2029-08-17,False,False,True,False
102,44383.0,2029-08-18,False,False,False,True
104,76703.0,2029-08-19,True,False,False,False
102,73211.0,2029-08-20,False,False,False,True
107,61708.0,2029-08-21,False,False,True,False
102,65709.0,2029-08-22,False,True,False,False
101,62924.0,2029-08-23,False,False,False,True
109,53382.0,2029-08-24,False,False,False,True
101,56649.0,2029-08-25,False,False,False,True
108,61140.0,2029-08-26,False,False,False,False
102,75023.0,2029-08-27,True,False,False,False
108,62563.0,2029-08-28,False,False,False,True
103,60373.0,2029-08-29,False,True,False,False
106,47144.0,2029-08-30,False,False,False,True
103,38965.0,2029-08-31,False,False,False,True
107,52791.0,2029-09-01,False,True,False,False
109,88896.0,2029-09-02,False,False,False,True
102,53115.0,2029-09-03,False,False,True,False
105,47341.0,2029-09-04,True,False,False,False
106,77573.0,2029-09-05,False,False,True,False
104,46637.0,2029-09-06,True,False,False,False
104,54269.0,2029-09-07,False,False,False,False
104,47953.0,2029-09-08,False,True,False,False
102,57794.0,2029-09-09,False,False,False,False
104,53877.0,2029-09-10,False,True,False,False
101,70273.0,2029-09-11,True,False,False,False
106,86035.0,2029-09-12,False,False,True,False
101,42405.0,2029-09-13,False,False,False,False
106,57812.0,2029-09-14,False,False,False,True
101,75605.0,2029-09-15,False,False,False,False
106,84158.0,2029-09-16,True,False,False,False
108,71767.0,2029-09-17,True,False,False,False
102,84920.0,2029-09-18,False,False,False,True
102,84068.0,2029-09-19,True,False,False,False
104,39973.0,2029-09-20,False,True,False,False
103,88565.0,2029-09-21,False,False,False,True
104,53925.0,2029-09-22,True,False,False,False
107,74623.0,2029-09-23,False,True,False,False
101,53091.0,2029-09-24,True,False,False,False
106,49584.0,2029-09-25,False,False,True,False
103,69325.0,2029-09-26,False,False,False,False
107,86699.0,2029-09-27,False,False,False,True
102,39071.0,2029-09-28,False,False,True,False
102,35088.0,2029-09-29,False,False,True,False
104,79152.0,2029-09-30,False,False,False,False
101,46550.0,2029-10-01,False,True,False,False
103,32063.0,2029-10-02,False,False,False,True
109,57280.0,2029-10-03,True,False,False,False
107,38303.0,2029-10-04,False,False,True,False
107,41631.0,2029-10-05,False,False,False,True
104,31125.0,2029-10-06,False,False,False,True
102,65409.0,2029-10-07,False,True,False,False
104,80581.0,2029-10-08,True,False,False,False
106,52485.0,2029-10-09,False,True,False,False
103,73003.0,2029-10-10,False,True,False,False
101,42794.0,2029-10-11,False,True,False,False
108,48018.0,2029-10-12,True,False,False,False
105,38862.0,2029-10-13,False,False,False,False
105,65879.0,2029-10-14,False,False,False,True
104,31690.0,2029-10-15,False,False,False,True
106,86867.0,2029-10-16,False,True,False,False
103,45740.0,2029-10-17,False,False,False,True
109,77862.0,2029-10-18,False,False,False,True
105,78643.0,2029-10-19,False,False,False,False
103,53024.0,2029-10-20,False,False,False,False
101,50341.0,2029-10-21,False,True,False,False
106,39156.0,2029-10-22,False,False,True,False
102,79432.0,2029-10-23,False,False,False,False
103,67214.0,2029-10-24,False,False,True,False
101,61053.0,2029-10-25,False,False,False,True
109,40158.0,2029-10-26,False,False,False,False
108,32808.0,2029-10-27,False,False,True,False
102,35402.0,2029-10-28,False,False,False,True
108,31964.0,2029-10-29,False,True,False,False
109,47206.0,2029-10-30,False,False,True,False
101,39629.0,2029-10-31,False,False,False,True
105,62337.0,2029-11-01,False,False,False,False
108,64829.0,2029-11-02,False,False,False,True
102,51559.0,2029-11-03,True,False,False,False
104,33865.0,2029-11-04,False,False,False,True
107,34294.0,2029-11-05,False,False,False,True
103,76939.0,2029-11-06,False,True,False,False
105,42965.0,2029-11-07,False,True,False,False
108,42228.0,2029-11-08,False,False,False,True
103,78419.0,2029-11-09,False,False,False,True
104,61377.0,2029-11-10,False,False,True,False
109,88808.0,2029-11-11,False,False,False,True
107,79229.0,2029-11-12,False,False,False,False
101,64927.0,2029-11-13,True,False,False,False
104,42822.0,2029-11-14,False,False,False,True
104,60070.0,2029-11-15,False,False,False,False
109,33187.0,2029-11-16,False,False,True,False
106,88509.0,2029-11-17,False,False,False,True
109,37135.0,2029-11-18,False,False,True,False
106,43508.0,2029-11-19,False,False,False,True
106,63557.0,2029-11-20,False,True,False,False
105,80715.0,2029-11-21,False,False,False,False
105,64090.0,2029-11-22,False,False,False,False
102,76155.0,2029-11-23,False,False,False,True
108,69441.0,2029-11-24,False,False,False,True
108,80654.0,2029-11-25,False,False,True,False
101,69884.0,2029-11-26,False,False,False,False
108,56067.0,2029-11-27,False,False,False,True
105,48043.0,2029-11-28,True,False,False,False
102,60572.0,2029-11-29,True,False,False,False
102,39507.0,2029-11-30,False,False,True,False
106,33062.0,2029-12-01,False,True,False,False
109,54700.0,2029-12-02,True,False,False,False
101,82214.0,2029-12-03,False,False,False,False
106,87862.0,2029-12-04,False,True,False,False
109,48454.0,2029-12-05,False,False,True,False
108,83409.0,2029-12-06,False,False,False,True
106,40868.0,2029-12-07,False,False,False,True
103,32553.0,2029-12-08,False,False,False,False
108,59553.0,2029-12-09,False,False,False,True
109,58511.0,2029-12-10,False,False,False,True
101,47428.0,2029-12-11,False,False,True,False
109,72747.0,2029-12-12,False,True,False,False
106,35957.0,2029-12-13,False,False,False,True
106,74495.0,2029-12-14,False,False,False,False
104,34578.0,2029-12-15,False,True,False,False
101,68389.0,2029-12-16,False,True,False,False
108,64734.0,2029-12-17,False,False,False,False
102,40548.0,2029-12-18,True,False,False,False
101,51353.0,2029-12-19,False,True,False,False
102,76632.0,2029-12-20,False,False,False,True
101,48634.0,2029-12-21,False,False,True,False
101,41679.0,2029-12-22,False,True,False,False
109,77743.0,2029-12-23,False,False,True,False
101,54717.0,2029-12-24,True,False,False,False
104,76935.0,2029-12-25,False,False,False,False
106,55579.0,2029-12-26,False,False,False,True
107,56730.0,2029-12-27,False,True,False,False
102,64782.0,2029-12-28,False,False,True,False
106,34624.0,2029-12-29,False,True,False,False
107,82760.0,2029-12-30,False,False,False,True
102,53103.0,2029-12-31,False,False,False,False
102,55544.0,2030-01-01,False,False,False,True
107,83077.0,2030-01-02,False,False,False,False
101,58534.0,2030-01-03,False,False,True,False
108,68636.0,2030-01-04,False,False,False,False
103,77394.0,2030-01-05,False,False,False,True
106,63572.0,2030-01-06,False,False,True,False
109,80486.0,2030-01-07,False,False,False,True
106,58560.0,2030-01-08,False,False,False,True
109,63435.0,2030-01-09,False,False,False,False
107,63152.0,2030-01-10,True,False,False,False
109,74084.0,2030-01-11,False,False,False,True
102,88952.0,2030-01-12,False,False,False,True
108,49638.0,2030-01-13,True,False,False,False
108,66208.0,2030-01-14,False,False,False,True
102,81900.0,2030-01-15,True,False,False,False
104,46396.0,2030-01-16,False,False,False,True
107,70494.0,2030-01-17,False,False,True,False
104,73967.0,2030-01-18,False,False,False,False
104,56783.0,2030-01-19,False,True,False,False
106,35403.0,2030-01-20,False,True,False,False
106,53838.0,2030-01-21,False,False,True,False
103,68919.0,2030-01-22,False,False,False,False
109,42359.0,2030-01-23,False,False,False,True
102,77995.0,2030-01-24,False,True,False,False
106,89489.0,2030-01-25,False,False,False,True
107,52614.0,2030-01-26,False,True,False,False
109,40057.0,2030-01-27,False,False,False,False
103,30100.0,2030-01-28,False,False,False,True
103,58655.0,2030-01-29,False,True,False,False
107,34978.0,2030-01-30,True,False,False,False
104,72272.0,2030-01-31,False,False,False,False
108,40988.0,2030-02-01,False,False,False,True
107,44531.0,2030-02-02,False,False,False,False
105,69302.0,2030-02-03,True,False,False,False
107,83856.0,2030-02-04,False,False,False,True
103,79601.0,2030-02-05,False,False,False,True
102,41631.0,2030-02-06,False,False,False,True
106,41693.0,2030-02-07,True,False,False,False
102,65935.0,2030-02-08,False,False,True,False
103,68148.0,2030-02-09,False,False,False,True
106,43823.0,2030-02-10,False,False,False,True
105,54696.0,2030-02-11,False,False,True,False
108,59431.0,2030-02-12,False,False,False,True
109,33856.0,2030-02-13,True,False,False,False
103,61051.0,2030-02-14,False,False,False,True
103,31075.0,2030-02-15,True,False,False,False
103,78523.0,2030-02-16,True,False,False,False
106,50797.0,2030-02-17,False,False,False,True
101,73682.0,2030-02-18,False,False,False,False
107,63469.0,2030-02-19,False,True,False,False
101,66116.0,2030-02-20,False,False,True,False
105,38185.0,2030-02-21,False,False,False,True
108,57841.0,2030-02-22,True,False,False,False
104,36836.0,2030-02-23,False,False,False,True
105,76072.0,2030-02-24,False,True,False,False
104,54596.0,2030-02-25,False,False,False,True
104,73406.0,2030-02-26,False,False,False,True
108,52218.0,2030-02-27,True,False,False,False
102,65017.0,2030-02-28,False,False,False,True
101,40705.0,2030-03-01,False,True,False,False
103,49606.0,2030-03-02,False,True,False,False
109,51375.0,2030-03-03,True,False,False,False
104,72142.0,2030-03-04,False,False,False,True
105,56933.0,2030-03-05,False,False,True,False
102,38118.0,2030-03-06,False,False,False,True
104,65319.0,2030-03-07,False,False,False,True
102,56649.0,2030-03-08,False,False,False,True
102,87409.0,2030-03-09,False,True,False,False
104,87254.0,2030-03-10,False,False,False,False
106,75318.0,2030-03-11,False,True,False,False
107,87815.0,2030-03-12,False,False,False,False
103,32214.0,2030-03-13,False,False,False,False
103,38534.0,2030-03-14,False,True,False,False
106,79869.0,2030-03-15,False,True,False,False
103,65228.0,2030-03-16,False,False,False,False
102,74696.0,2030-03-17,True,False,False,False
108,33255.0,2030-03-18,False,False,False,True
105,84942.0,2030-03-19,False,True,False,False
101,57841.0,2030-03-20,False,True,False,False
103,35334.0,2030-03-21,False,True,False,False
108,42281.0,2030-03-22,False,False,False,False
104,69598.0,2030-03-23,True,False,False,False
107,70522.0,2030-03-24,False,False,True,False
102,69708.0,2030-03-25,True,False,False,False
107,60697.0,2030-03-26,False,False,False,True
105,40722.0,2030-03-27,False,False,False,False
105,66400.0,2030-03-28,False,False,False,True
106,88399.0,2030-03-29,False,False,False,True
109,46029.0,2030-03-30,False,False,False,False
106,30014.0,2030-03-31,False,False,False,True
108,74349.0,2030-04-01,True,False,False,False
107,76925.0,2030-04-02,True,False,False,False
109,41506.0,2030-04-03,False,False,False,True
104,38208.0,2030-04-04,False,False,False,False
102,57157.0,2030-04-05,False,True,False,False
107,39971.0,2030-04-06,True,False,False,False
106,81101.0,2030-04-07,False,True,False,False
101,71040.0,2030-04-08,False,False,True,False
109,53183.0,2030-04-09,False,False,True,False
109,52963.0,2030-04-10,False,False,False,False
102,65847.0,2030-04-11,False,True,False,False
103,38127.0,2030-04-12,False,True,False,False
105,71978.0,2030-04-13,False,False,True,False
105,77782.0,2030-04-14,True,False,False,False
101,45646.0,2030-04-15,True,False,False,False
108,55355.0,2030-04-16,False,False,False,True
108,48208.0,2030-04-17,False,False,False,False
104,52713.0,2030-04-18,True,False,False,False
107,62267.0,2030-04-19,False,False,False,False
103,33864.0,2030-04-20,True,False,False,False
106,40661.0,2030-04-21,False,False,True,False
109,62559.0,2030-04-22,False,False,False,True
101,81665.0,2030-04-23,False,True,False,False
105,40322.0,2030-04-24,False,False,False,False
104,36710.0,2030-04-25,False,True,False,False
108,61362.0,2030-04-26,False,False,True,False
101,62380.0,2030-04-27,True,False,False,False
109,71284.0,2030-04-28,False,False,True,False
106,82642.0,2030-04-29,True,False,False,False
104,44386.0,2030-04-30,False,True,False,False
109,43338.0,2030-05-01,False,False,False,True
105,88020.0,2030-05-02,False,False,True,False
105,85277.0,2030-05-03,False,True,False,False
105,45316.0,2030-05-04,True,False,False,False
101,54463.0,2030-05-05,False,False,True,False
101,40203.0,2030-05-06,False,False,False,True
108,34888.0,2030-05-07,False,False,False,True
108,58192.0,2030-05-08,False,False,False,False
106,41325.0,2030-05-09,False,False,True,False
104,49088.0,2030-05-10,False,False,False,True
102,39386.0,2030-05-11,False,False,False,True
102,78413.0,2030-05-12,False,False,False,False
109,69028.0,2030-05-13,False,False,False,True
105,41267.0,2030-05-14,False,True,False,False
104,61809.0,2030-05-15,False,True,False,False
101,45419.0,2030-05-16,False,False,True,False
107,55480.0,2030-05-17,False,False,True,False
103,83749.0,2030-05-18,False,False,False,False
106,75854.0,2030-05-19,True,False,False,False
105,32904.0,2030-05-20,False,False,True,False
105,74260.0,2030-05-21,False,True,False,False
105,63891.0,2030-05-22,False,False,False,False
101,43430.0,2030-05-23,False,False,True,False
101,44999.0,2030-05-24,False,False,False,True
103,53319.0,2030-05-25,False,False,False,True
104,50700.0,2030-05-26,False,False,True,False
105,57633.0,2030-05-27,False,False,False,True
102,81422.0,2030-05-28,False,True,False,False
108,49108.0,2030-05-29,False,False,False,True
102,70889.0,2030-05-30,False,False,False,False
109,54055.0,2030-05-31,False,False,True,False
102,48642.0,2030-06-01,False,False,True,False
109,83014.0,2030-06-02,False,True,False,False
107,88274.0,2030-06-03,False,True,False,False
108,33646.0,2030-06-04,False,False,False,True
102,43173.0,2030-06-05,False,False,False,True
107,37025.0,2030-06-06,True,False,False,False
106,42549.0,2030-06-07,True,False,False,False
104,44853.0,2030-06-08,False,False,False,False
107,80423.0,2030-06-09,False,False,False,True
104,71757.0,2030-06-10,False,False,False,True
102,59952.0,2030-06-11,False,False,False,False
107,41326.0,2030-06-12,False,False,False,False
108,33463.0,2030-06-13,False,True,False,False
102,57163.0,2030-06-14,True,False,False,False
105,62600.0,2030-06-15,False,True,False,False
101,87760.0,2030-06-16,False,False,False,True
107,77156.0,2030-06-17,True,False,False,False
108,44075.0,2030-06-18,False,True,False,False
106,58709.0,2030-06-19,False,False,False,False
105,73315.0,2030-06-20,False,False,False,True
106,67709.0,2030-06-21,False,True,False,False
102,46010.0,2030-06-22,False,True,False,False
101,30897.0,2030-06-23,False,False,False,True
107,71012.0,2030-06-24,False,False,False,False
107,30605.0,2030-06-25,False,False,False,True
102,66445.0,2030-06-26,False,False,False,False
102,67315.0,2030-06-27,False,False,False,False
101,38652.0,2030-06-28,False,False,False,True
108,79926.0,2030-06-29,False,False,False,True
108,62229.0,2030-06-30,False,False,False,True
101,60530.0,2030-07-01,False,False,False,True
108,68024.0,2030-07-02,False,False,False,False
109,79101.0,2030-07-03,False,True,False,False
104,84643.0,2030-07-04,False,False,False,True
101,50414.0,2030-07-05,False,False,False,True
101,57903.0,2030-07-06,False,False,False,False
103,44730.0,2030-07-07,True,False,False,False
105,67924.0,2030-07-08,False,False,True,False
105,68541.0,2030-07-09,False,False,False,True
109,86327.0,2030-07-10,False,True,False,False
102,57898.0,2030-07-11,False,False,False,True
102,73654.0,2030-07-12,False,False,True,False
106,45930.0,2030-07-13,False,True,False,False
109,33518.0,2030-07-14,True,False,False,False
101,60982.0,2030-07-15,False,False,False,False
109,36775.0,2030-07-16,False,True,False,False
109,53990.0,2030-07-17,False,False,False,True
109,35378.0,2030-07-18,False,False,False,True
105,76402.0,2030-07-19,False,False,True,False
109,69441.0,2030-07-20,False,False,False,False
104,36444.0,2030-07-21,False,False,False,False
102,44176.0,2030-07-22,False,False,False,False
106,55060.0,2030-07-23,True,False,False,False
104,39379.0,2030-07-24,False,False,False,False
106,66495.0,2030-07-25,False,True,False,False
103,83148.0,2030-07-26,False,False,False,True
106,76993.0,2030-07-27,False,True,False,False
102,57568.0,2030-07-28,True,False,False,False
102,52765.0,2030-07-29,False,True,False,False
109,89053.0,2030-07-30,False,False,False,False
107,60802.0,2030-07-31,False,False,False,True
103,53196.0,2030-08-01,False,False,False,True
101,81141.0,2030-08-02,False,False,False,True
108,45468.0,2030-08-03,False,False,False,True
106,58849.0,2030-08-04,False,False,False,True
107,67113.0,2030-08-05,False,False,False,False
109,38174.0,2030-08-06,False,False,False,True
105,75820.0,2030-08-07,False,True,False,False
101,49098.0,2030-08-08,False,False,False,True
107,37046.0,2030-08-09,True,False,False,False
105,34186.0,2030-08-10,False,False,True,False
103,46722.0,2030-08-11,False,False,False,True
109,72621.0,2030-08-12,False,False,False,True
101,35968.0,2030-08-13,False,False,False,False
101,75224.0,2030-08-14,False,False,True,False
101,78266.0,2030-08-15,False,False,False,True
103,70452.0,2030-08-16,False,False,False,True
106,85873.0,2030-08-17,False,False,False,True
103,58270.0,2030-08-18,False,False,False,True
108,78311.0,2030-08-19,False,False,False,False
102,71129.0,2030-08-20,False,True,False,False
109,69273.0,2030-08-21,False,True,False,False
103,36387.0,2030-08-22,False,False,False,False
105,54394.0,2030-08-23,False,True,False,False
108,41291.0,2030-08-24,False,False,False,True
102,75574.0,2030-08-25,False,False,False,True
106,60093.0,2030-08-26,True,False,False,False
105,85628.0,2030-08-27,False,True,False,False
109,82164.0,2030-08-28,False,False,False,False
105,86636.0,2030-08-29,False,False,False,False
102,32610.0,2030-08-30,True,False,False,False
105,65241.0,2030-08-31,False,False,False,False
104,84407.0,2030-09-01,False,False,False,True
107,58337.0,2030-09-02,True,False,False,False
106,65456.0,2030-09-03,False,False,True,False
102,34804.0,2030-09-04,True,False,False,False
105,64058.0,2030-09-05,False,False,False,True
107,40227.0,2030-09-06,True,False,False,False
107,87450.0,2030-09-07,False,False,True,False
105,81759.0,2030-09-08,False,True,False,False
109,89529.0,2030-09-09,False,False,False,False
104,87230.0,2030-09-10,False,False,False,False
103,61334.0,2030-09-11,False,False,False,True
104,80840.0,2030-09-12,False,False,False,False
105,36511.0,2030-09-13,False,False,False,True
106,70965.0,2030-09-14,True,False,False,False
103,71482.0,2030-09-15,False,False,False,False
102,69440.0,2030-09-16,False,False,False,False
104,49727.0,2030-09-17,False,False,False,True
105,79217.0,2030-09-18,False,False,False,True
104,61139.0,2030-09-19,False,False,False,True
103,49794.0,2030-09-20,False,False,False,True
108,32981.0,2030-09-21,False,False,True,False
104,42785.0,2030-09-22,False,False,False,False
102,84740.0,2030-09-23,True,False,False,False
102,44666.0,2030-09-24,False,True,False,False
101,65583.0,2030-09-25,False,False,False,False
104,35096.0,2030-09-26,False,False,False,True
109,43950.0,2030-09-27,True,False,False,False
107,81169.0,2030-09-28,False,False,True,False
107,36673.0,2030-09-29,True,False,False,False
107,31742.0,2030-09-30,True,False,False,False
108,68488.0,2030-10-01,False,False,False,False
101,66277.0,2030-10-02,True,False,False,False
108,75041.0,2030-10-03,False,False,False,False
104,85538.0,2030-10-04,True,False,False,False
104,33534.0,2030-10-05,False,False,False,True
104,44685.0,2030-10-06,False,True,False,False
106,35136.0,2030-10-07,False,False,False,False
107,35585.0,2030-10-08,False,False,False,False
106,57358.0,2030-10-09,False,False,False,True
101,38554.0,2030-10-10,True,False,False,False
108,74241.0,2030-10-11,False,True,False,False
107,86310.0,2030-10-12,False,False,False,True
106,31634.0,2030-10-13,True,False,False,False
106,46908.0,2030-10-14,False,False,False,False
105,51310.0,2030-10-15,True,False,False,False
106,45117.0,2030-10-16,False,False,False,False
109,31722.0,2030-10-17,False,False,False,True
109,38611.0,2030-10-18,False,False,False,False
108,86081.0,2030-10-19,False,True,False,False
109,85309.0,2030-10-20,False,False,False,True
108,33864.0,2030-10-21,False,True,False,False
108,31067.0,2030-10-22,False,False,False,True
101,55976.0,2030-10-23,False,True,False,False
105,69206.0,2030-10-24,False,False,False,True
104,80571.0,2030-10-25,False,False,False,True
102,37271.0,2030-10-26,False,False,True,False
108,74093.0,2030-10-27,False,False,False,True
103,41828.0,2030-10-28,False,False,False,True
104,76900.0,2030-10-29,False,True,False,False
107,61131.0,2030-10-30,False,True,False,False
109,50386.0,2030-10-31,False,False,False,True
102,79781.0,2030-11-01,False,False,True,False
103,76210.0,2030-11-02,False,False,True,False
104,31834.0,2030-11-03,False,True,False,False
101,84470.0,2030-11-04,False,True,False,False
107,84152.0,2030-11-05,True,False,False,False
102,83283.0,2030-11-06,False,True,False,False
105,77894.0,2030-11-07,False,True,False,False
101,85881.0,2030-11-08,False,True,False,False
103,32353.0,2030-11-09,False,True,False,False
102,43878.0,2030-11-10,False,False,False,True
101,82207.0,2030-11-11,False,True,False,False
107,41132.0,2030-11-12,False,False,False,True
105,38203.0,2030-11-13,False,False,True,False
101,40322.0,2030-11-14,False,False,False,True
106,41295.0,2030-11-15,True,False,False,False
105,88775.0,2030-11-16,False,True,False,False
103,65925.0,2030-11-17,True,False,False,False
107,85234.0,2030-11-18,False,False,False,True
109,52247.0,2030-11-19,True,False,False,False
109,72394.0,2030-11-20,False,True,False,False
109,47340.0,2030-11-21,False,False,True,False
102,50242.0,2030-11-22,False,False,False,True
103,83960.0,2030-11-23,False,False,False,True
107,52522.0,2030-11-24,False,False,False,True
105,74594.0,2030-11-25,False,False,False,False
102,42095.0,2030-11-26,False,False,False,True
103,76335.0,2030-11-27,False,False,False,True
106,87584.0,2030-11-28,False,False,False,True
107,70652.0,2030-11-29,False,True,False,False
109,53425.0,2030-11-30,False,False,False,True
101,64723.0,2030-12-01,False,False,False,True
107,40204.0,2030-12-02,False,False,True,False
108,34991.0,2030-12-03,False,True,False,False
103,61626.0,2030-12-04,True,False,False,False
104,66833.0,2030-12-05,False,False,False,False
106,46067.0,2030-12-06,False,False,False,True
107,43763.0,2030-12-07,False,False,False,False
104,81955.0,2030-12-08,False,True,False,False
108,74863.0,2030-12-09,True,False,False,False
105,47408.0,2030-12-10,False,True,False,False
101,55176.0,2030-12-11,False,False,True,False
104,65097.0,2030-12-12,False,False,True,False
103,81850.0,2030-12-13,False,False,False,False
109,83846.0,2030-12-14,False,False,True,False
108,78641.0,2030-12-15,False,True,False,False
101,65794.0,2030-12-16,False,False,False,False
106,54231.0,2030-12-17,False,False,False,True
109,88486.0,2030-12-18,True,False,False,False
107,31011.0,2030-12-19,False,True,False,False
104,53427.0,2030-12-20,False,False,True,False
101,68392.0,2030-12-21,False,True,False,False
102,88447.0,2030-12-22,True,False,False,False
105,88990.0,2030-12-23,False,True,False,False
105,80852.0,2030-12-24,False,False,True,False
108,45229.0,2030-12-25,False,True,False,False
106,43244.0,2030-12-26,False,False,False,False
108,46602.0,2030-12-27,False,False,False,True
102,74548.0,2030-12-28,True,False,False,False
103,54462.0,2030-12-29,False,False,False,True
106,55302.0,2030-12-30,True,False,False,False
103,53536.0,2030-12-31,False,False,False,True
106,52210.0,2031-01-01,False,False,True,False
106,35585.0,2031-01-02,False,True,False,False
102,79130.0,2031-01-03,False,False,False,True
107,76873.0,2031-01-04,False,False,False,False
102,87210.0,2031-01-05,False,True,False,False
106,47195.0,2031-01-06,False,True,False,False
101,44837.0,2031-01-07,False,False,False,True
103,77161.0,2031-01-08,False,False,False,True
102,35456.0,2031-01-09,True,False,False,False
107,86829.0,2031-01-10,False,False,False,True
104,84061.0,2031-01-11,False,False,False,True
108,83861.0,2031-01-12,True,False,False,False
106,67289.0,2031-01-13,False,True,False,False
104,39775.0,2031-01-14,False,False,False,True
105,44099.0,2031-01-15,False,False,False,True
109,66805.0,2031-01-16,False,False,False,True
107,71842.0,2031-01-17,False,False,False,False
109,76754.0,2031-01-18,False,False,True,False
107,87163.0,2031-01-19,False,True,False,False
101,46815.0,2031-01-20,False,False,True,False
108,42226.0,2031-01-21,False,False,False,True
104,87327.0,2031-01-22,True,False,False,False
103,60072.0,2031-01-23,False,False,True,False
107,39139.0,2031-01-24,False,True,False,False
103,60060.0,2031-01-25,False,False,False,False
108,74867.0,2031-01-26,False,False,False,False
106,39859.0,2031-01-27,False,False,False,True
105,73942.0,2031-01-28,False,False,False,False
104,85700.0,2031-01-29,False,False,False,True
108,32539.0,2031-01-30,False,False,False,True
108,73073.0,2031-01-31,True,False,False,False
101,43199.0,2031-02-01,True,False,False,False
109,63158.0,2031-02-02,False,False,False,True
105,30082.0,2031-02-03,False,False,True,False
104,80154.0,2031-02-04,False,False,True,False
106,87824.0,2031-02-05,False,False,False,False
106,71736.0,2031-02-06,False,False,False,False
102,86548.0,2031-02-07,False,False,False,True
108,42281.0,2031-02-08,True,False,False,False
107,45120.0,2031-02-09,True,False,False,False
101,39946.0,2031-02-10,False,True,False,False
105,88592.0,2031-02-11,True,False,False,False
106,88480.0,2031-02-12,False,False,False,True
104,40891.0,2031-02-13,False,True,False,False
102,49640.0,2031-02-14,True,False,False,False
104,56111.0,2031-02-15,True,False,False,False
101,82396.0,2031-02-16,False,False,False,False
107,68775.0,2031-02-17,False,False,False,False
102,63290.0,2031-02-18,False,False,False,True
102,60604.0,2031-02-19,False,False,False,False
109,64462.0,2031-02-20,True,False,False,False
105,48636.0,2031-02-21,False,True,False,False
102,34837.0,2031-02-22,False,True,False,False
109,41801.0,2031-02-23,False,False,False,True
109,53710.0,2031-02-24,False,False,False,False
101,71237.0,2031-02-25,False,False,True,False
103,61621.0,2031-02-26,False,False,False,True
104,79299.0,2031-02-27,False,False,False,True
107,70916.0,2031-02-28,False,False,False,True
104,43065.0,2031-03-01,False,False,False,True
102,75474.0,2031-03-02,False,False,False,True
107,89929.0,2031-03-03,True,False,False,False
106,58230.0,2031-03-04,False,True,False,False
103,66388.0,2031-03-05,True,False,False,False
106,40631.0,2031-03-06,True,False,False,False
106,59828.0,2031-03-07,True,False,False,False
105,39131.0,2031-03-08,False,True,False,False
104,44307.0,2031-03-09,False,False,False,False
101,33709.0,2031-03-10,False,True,False,False
106,78754.0,2031-03-11,False,False,True,False
102,76683.0,2031-03-12,True,False,False,False
103,50721.0,2031-03-13,False,False,False,False
108,62194.0,2031-03-14,False,False,False,True
106,35094.0,2031-03-15,False,True,False,False
103,39415.0,2031-03-16,False,True,False,False
107,78846.0,2031-03-17,False,False,False,True
104,78244.0,2031-03-18,False,True,False,False
109,43530.0,2031-03-19,False,True,False,False
105,37472.0,2031-03-20,False,False,False,True
103,66131.0,2031-03-21,False,False,False,False
102,49407.0,2031-03-22,False,False,True,False
102,48201.0,2031-03-23,False,True,False,False
103,57948.0,2031-03-24,False,False,False,False
102,76908.0,2031-03-25,False,False,False,True
104,79835.0,2031-03-26,False,False,True,False
102,84659.0,2031-03-27,False,True,False,False
109,53115.0,2031-03-28,False,False,False,False
102,88576.0,2031-03-29,False,False,True,False
109,57961.0,2031-03-30,False,False,False,False
106,87960.0,2031-03-31,False,False,False,False
101,77083.0,2031-04-01,False,True,False,False
104,89417.0,2031-04-02,False,True,False,False
101,82062.0,2031-04-03,True,False,False,False
106,77182.0,2031-04-04,True,False,False,False
104,32017.0,2031-04-05,False,False,False,True
103,34223.0,2031-04-06,True,False,False,False
103,64952.0,2031-04-07,False,False,False,False
109,80509.0,2031-04-08,False,False,True,False
106,53075.0,2031-04-09,False,True,False,False
109,36531.0,2031-04-10,False,False,False,False
105,34666.0,2031-04-11,False,False,False,True
102,53781.0,2031-04-12,False,True,False,False
108,74023.0,2031-04-13,False,False,True,False
105,65236.0,2031-04-14,False,False,False,False
102,70059.0,2031-04-15,False,False,False,False
104,70023.0,2031-04-16,False,False,False,False
109,66688.0,2031-04-17,False,False,False,False
104,34236.0,2031-04-18,False,True,False,False
104,31939.0,2031-04-19,True,False,False,False
102,66624.0,2031-04-20,False,False,False,False
106,62818.0,2031-04-21,False,False,True,False
102,86282.0,2031-04-22,False,True,False,False
107,45926.0,2031-04-23,False,False,False,True
103,57552.0,2031-04-24,True,False,False,False
103,60100.0,2031-04-25,False,False,True,False
105,31360.0,2031-04-26,False,False,False,False
103,69573.0,2031-04-27,True,False,False,False
102,74696.0,2031-04-28,False,False,False,True
109,41994.0,2031-04-29,False,False,False,True
102,54941.0,2031-04-30,True,False,False,False
102,57531.0,2031-05-01,True,False,False,False
108,85182.0,2031-05-02,False,False,False,True
109,65813.0,2031-05-03,False,False,True,False
107,89347.0,2031-05-04,False,False,False,False
103,41093.0,2031-05-05,False,False,False,True
109,63025.0,2031-05-06,False,True,False,False
103,41651.0,2031-05-07,False,False,False,False
105,62812.0,2031-05-08,False,False,False,False
109,54844.0,2031-05-09,False,False,False,False
103,47718.0,2031-05-10,False,False,False,True
107,79823.0,2031-05-11,False,False,False,False
101,78122.0,2031-05-12,False,False,True,False
104,43589.0,2031-05-13,True,False,False,False
104,69768.0,2031-05-14,False,False,False,True
107,50022.0,2031-05-15,True,False,False,False
108,77248.0,2031-05-16,False,False,False,True
101,68853.0,2031-05-17,False,True,False,False
105,30234.0,2031-05-18,True,False,False,False
107,36834.0,2031-05-19,False,False,True,False
104,45055.0,2031-05-20,False,False,False,False
104,33207.0,2031-05-21,False,False,False,False
104,84716.0,2031-05-22,False,False,False,True
106,32400.0,2031-05-23,False,False,False,False
107,39609.0,2031-05-24,False,True,False,False
102,51473.0,2031-05-25,False,False,False,True
105,75330.0,2031-05-26,False,False,True,False
104,53935.0,2031-05-27,True,False,False,False
103,84157.0,2031-05-28,False,False,False,False
107,53874.0,2031-05-29,False,False,True,False
106,70508.0,2031-05-30,False,False,False,False
107,55015.0,2031-05-31,False,False,False,True
105,84334.0,2031-06-01,False,True,False,False
106,44184.0,2031-06-02,True,False,False,False
105,76806.0,2031-06-03,False,False,False,True
107,59543.0,2031-06-04,False,True,False,False
102,30650.0,2031-06-05,False,True,False,False
105,62389.0,2031-06-06,False,False,False,False
106,79185.0,2031-06-07,False,False,True,False
106,57328.0,2031-06-08,False,False,False,True
105,49416.0,2031-06-09,False,False,False,True
107,43119.0,2031-06-10,True,False,False,False
108,37644.0,2031-06-11,False,False,False,False
107,80262.0,2031-06-12,False,True,False,False
105,38653.0,2031-06-13,False,True,False,False
101,44416.0,2031-06-14,True,False,False,False
105,54897.0,2031-06-15,False,False,False,False
102,83662.0,2031-06-16,False,False,False,True
105,31874.0,2031-06-17,True,False,False,False
105,82191.0,2031-06-18,False,True,False,False
102,40429.0,2031-06-19,False,False,False,False
105,42213.0,2031-06-20,False,False,False,False
104,78987.0,2031-06-21,False,True,False,False
101,47640.0,2031-06-22,False,False,False,True
103,89783.0,2031-06-23,False,False,True,False
101,66008.0,2031-06-24,False,False,False,True
105,45802.0,2031-06-25,False,False,False,True
104,46122.0,2031-06-26,False,True,False,False
107,83415.0,2031-06-27,False,False,False,True
105,51653.0,2031-06-28,False,False,False,False
104,73671.0,2031-06-29,False,False,False,False
102,54101.0,2031-06-30,False,False,False,True
104,31409.0,2031-07-01,False,True,False,False
102,73388.0,2031-07-02,False,False,False,False
108,64600.0,2031-07-03,False,False,True,False
103,48408.0,2031-07-04,False,False,False,False
109,35736.0,2031-07-05,False,True,False,False
104,34993.0,2031-07-06,False,False,False,True
106,73871.0,2031-07-07,False,False,False,True
105,77165.0,2031-07-08,False,False,False,True
101,86786.0,2031-07-09,False,False,False,True
109,61247.0,2031-07-10,False,False,False,True
101,84109.0,2031-07-11,False,False,True,False
108,58821.0,2031-07-12,False,False,False,True
109,33213.0,2031-07-13,False,False,False,True
109,73123.0,2031-07-14,False,False,False,True
101,59495.0,2031-07-15,False,False,False,True
102,36208.0,2031-07-16,False,False,False,True
101,39644.0,2031-07-17,False,False,False,False
102,36453.0,2031-07-18,False,True,False,False
108,81905.0,2031-07-19,False,True,False,False
105,41093.0,2031-07-20,False,False,False,True
107,76509.0,2031-07-21,False,False,False,True
102,41263.0,2031-07-22,False,True,False,False
108,86480.0,2031-07-23,False,False,False,False
106,30305.0,2031-07-24,False,False,True,False
108,64152.0,2031-07-25,True,False,False,False
101,62021.0,2031-07-26,False,False,False,True
101,82519.0,2031-07-27,True,False,False,False
107,47958.0,2031-07-28,False,False,True,False
108,30872.0,2031-07-29,False,False,False,True
103,71128.0,2031-07-30,False,False,False,True
105,51962.0,2031-07-31,False,True,False,False
101,72563.0,2031-08-01,False,False,False,True
107,47414.0,2031-08-02,False,True,False,False
105,86916.0,2031-08-03,True,False,False,False
108,39926.0,2031-08-04,False,True,False,False
108,78259.0,2031-08-05,False,False,False,True
109,85883.0,2031-08-06,False,False,False,False
107,69673.0,2031-08-07,False,True,False,False
101,67210.0,2031-08-08,False,False,False,True
103,45290.0,2031-08-09,False,True,False,False
108,33667.0,2031-08-10,False,False,True,False
103,47660.0,2031-08-11,False,False,True,False
108,36553.0,2031-08-12,False,False,False,True
101,46926.0,2031-08-13,True,False,False,False
105,87698.0,2031-08-14,False,False,False,True
104,34808.0,2031-08-15,False,False,True,False
105,58612.0,2031-08-16,False,False,False,False
108,70499.0,2031-08-17,False,False,False,True
104,58015.0,2031-08-18,False,False,False,False
104,63351.0,2031-08-19,True,False,False,False
103,79662.0,2031-08-20,False,False,False,True
107,85828.0,2031-08-21,False,True,False,False
103,85823.0,2031-08-22,False,False,False,False
103,39138.0,2031-08-23,False,False,False,True
105,70463.0,2031-08-24,False,False,True,False
105,66241.0,2031-08-25,False,True,False,False
106,31198.0,2031-08-26,True,False,False,False
108,57447.0,2031-08-27,False,True,False,False
106,66763.0,2031-08-28,False,False,False,False
101,42113.0,2031-08-29,False,False,True,False
108,58749.0,2031-08-30,False,False,True,False
108,67303.0,2031-08-31,False,False,True,False
109,68639.0,2031-09-01,False,False,False,False
109,49687.0,2031-09-02,False,False,True,False
102,32447.0,2031-09-03,False,False,False,False
102,39408.0,2031-09-04,False,False,False,True
103,86891.0,2031-09-05,False,False,False,False
101,69612.0,2031-09-06,False,False,False,False
104,47674.0,2031-09-07,False,False,False,True
104,42413.0,2031-09-08,False,False,False,False
109,84986.0,2031-09-09,False,True,False,False
109,77937.0,2031-09-10,False,False,True,False
109,37549.0,2031-09-11,True,False,False,False
107,53071.0,2031-09-12,False,False,False,True
102,38693.0,2031-09-13,False,True,False,False
105,73831.0,2031-09-14,False,False,False,True
104,86580.0,2031-09-15,False,False,True,False
108,46770.0,2031-09-16,False,False,False,True
102,71371.0,2031-09-17,False,False,False,False
106,32006.0,2031-09-18,False,False,True,False
105,35213.0,2031-09-19,False,False,False,False
102,81299.0,2031-09-20,False,True,False,False
101,66636.0,2031-09-21,False,False,True,False
108,39530.0,2031-09-22,False,True,False,False
102,77128.0,2031-09-23,False,False,True,False
107,85189.0,2031-09-24,False,True,False,False
109,36637.0,2031-09-25,True,False,False,False
109,79504.0,2031-09-26,False,True,False,False
108,34964.0,2031-09-27,True,False,False,False
109,82340.0,2031-09-28,False,True,False,False
102,64070.0,2031-09-29,False,False,True,False
106,37749.0,2031-09-30,False,False,False,False
104,30846.0,2031-10-01,False,True,False,False
104,43390.0,2031-10-02,True,False,False,False
105,43735.0,2031-10-03,False,False,False,False
103,53905.0,2031-10-04,False,True,False,False
101,87869.0,2031-10-05,False,True,False,False
108,44876.0,2031-10-06,False,False,False,False
105,43967.0,2031-10-07,False,True,False,False
103,81676.0,2031-10-08,False,True,False,False
107,48262.0,2031-10-09,False,False,False,True
107,66873.0,2031-10-10,True,False,False,False
101,50014.0,2031-10-11,False,False,False,False
109,54054.0,2031-10-12,False,True,False,False
102,59955.0,2031-10-13,False,False,False,True
105,53051.0,2031-10-14,False,False,True,False
105,58385.0,2031-10-15,False,False,False,True
108,65587.0,2031-10-16,False,True,False,False
108,85131.0,2031-10-17,False,False,False,True
107,57483.0,2031-10-18,False,False,False,False
107,57653.0,2031-10-19,False,False,False,True
106,70845.0,2031-10-20,False,False,False,False
106,74790.0,2031-10-21,False,False,True,False
109,72018.0,2031-10-22,False,True,False,False
106,60894.0,2031-10-23,False,False,True,False
102,81641.0,2031-10-24,True,False,False,False
102,59842.0,2031-10-25,False,False,False,False
105,84840.0,2031-10-26,False,False,True,False
104,49648.0,2031-10-27,False,True,False,False
102,61756.0,2031-10-28,False,False,False,False
103,52407.0,2031-10-29,False,False,False,False
107,74561.0,2031-10-30,False,False,False,False
108,81445.0,2031-10-31,False,False,False,True
106,47058.0,2031-11-01,False,False,False,True
105,40070.0,2031-11-02,False,True,False,False
101,69025.0,2031-11-03,False,False,False,True
108,63779.0,2031-11-04,False,False,False,True
103,88137.0,2031-11-05,True,False,False,False
106,46616.0,2031-11-06,False,True,False,False
103,60373.0,2031-11-07,True,False,False,False
107,82179.0,2031-11-08,False,False,False,True
107,82761.0,2031-11-09,False,True,False,False
109,64941.0,2031-11-10,False,False,False,True
105,66152.0,2031-11-11,False,False,False,True
108,81480.0,2031-11-12,False,False,False,False
108,30797.0,2031-11-13,False,False,False,True
101,69889.0,2031-11-14,False,False,False,True
105,59431.0,2031-11-15,False,False,False,True
103,77754.0,2031-11-16,False,False,False,False
101,82836.0,2031-11-17,False,False,True,False
104,83639.0,2031-11-18,False,True,False,False
108,37690.0,2031-11-19,False,False,False,False
103,42669.0,2031-11-20,True,False,False,False
102,48973.0,2031-11-21,False,False,False,True
109,51085.0,2031-11-22,False,True,False,False
105,58787.0,2031-11-23,False,True,False,False
107,55084.0,2031-11-24,False,False,False,False
102,54051.0,2031-11-25,False,False,False,False
109,85566.0,2031-11-26,False,False,False,True
109,80615.0,2031-11-27,False,False,False,False
104,41554.0,2031-11-28,False,False,False,False
104,82262.0,2031-11-29,False,False,True,False
106,80199.0,2031-11-30,False,True,False,False
106,67639.0,2031-12-01,False,False,True,False
101,43354.0,2031-12-02,True,False,False,False
109,35289.0,2031-12-03,True,False,False,False
102,83587.0,2031-12-04,True,False,False,False
105,54744.0,2031-12-05,False,False,False,False
109,47945.0,2031-12-06,False,False,False,True
104,54243.0,2031-12-07,False,False,False,False
103,78599.0,2031-12-08,False,False,False,True
107,85957.0,2031-12-09,False,False,False,False
106,86964.0,2031-12-10,False,True,False,False
108,69054.0,2031-12-11,False,True,False,False
103,54227.0,2031-12-12,False,False,False,True
105,57748.0,2031-12-13,False,True,False,False
104,46958.0,2031-12-14,False,True,False,False
104,76684.0,2031-12-15,False,False,False,True
104,39934.0,2031-12-16,False,False,False,True
108,75530.0,2031-12-17,False,False,False,True
106,83168.0,2031-12-18,False,False,False,False
103,40550.0,2031-12-19,True,False,False,False
105,86379.0,2031-12-20,False,True,False,False
106,34024.0,2031-12-21,False,False,True,False
105,61772.0,2031-12-22,False,False,False,False
106,38722.0,2031-12-23,False,False,False,False
108,80142.0,2031-12-24,False,False,True,False
107,32120.0,2031-12-25,False,False,False,True
105,60089.0,2031-12-26,False,False,False,False
106,51348.0,2031-12-27,False,True,False,False
104,81593.0,2031-12-28,False,False,True,False
109,35877.0,2031-12-29,False,False,False,False
104,73488.0,2031-12-30,False,False,False,True
101,48904.0,2031-12-31,False,False,False,True
107,50792.0,2032-01-01,False,True,False,False
107,56037.0,2032-01-02,False,False,False,True
104,47335.0,2032-01-03,False,False,False,True
103,44659.0,2032-01-04,True,False,False,False
108,59684.0,2032-01-05,False,True,False,False
105,30964.0,2032-01-06,False,False,True,False
107,64902.0,2032-01-07,True,False,False,False
104,83606.0,2032-01-08,True,False,False,False
104,88038.0,2032-01-09,False,False,False,True
108,65012.0,2032-01-10,False,False,False,False
108,65571.0,2032-01-11,False,False,False,False
102,33911.0,2032-01-12,False,False,True,False
102,41216.0,2032-01-13,True,False,False,False
103,31408.0,2032-01-14,False,False,False,True
103,51621.0,2032-01-15,False,False,False,True
101,50977.0,2032-01-16,False,False,False,True
103,43195.0,2032-01-17,False,False,False,False
106,73938.0,2032-01-18,False,False,False,True
108,87203.0,2032-01-19,True,False,False,False
106,87805.0,2032-01-20,False,False,False,True
105,70431.0,2032-01-21,False,False,True,False
104,72577.0,2032-01-22,False,True,False,False
103,37113.0,2032-01-23,False,True,False,False
104,70910.0,2032-01-24,False,False,False,True
107,52761.0,2032-01-25,False,True,False,False
101,54992.0,2032-01-26,True,False,False,False
107,43778.0,2032-01-27,False,True,False,False
101,51985.0,2032-01-28,False,True,False,False
102,80540.0,2032-01-29,False,True,False,False
104,85448.0,2032-01-30,False,False,True,False
101,34367.0,2032-01-31,False,False,True,False
109,75447.0,2032-02-01,False,True,False,False
106,40786.0,2032-02-02,True,False,False,False
101,75780.0,2032-02-03,False,False,False,False
101,72706.0,2032-02-04,False,False,False,True
106,74461.0,2032-02-05,True,False,False,False
104,60908.0,2032-02-06,False,True,False,False
104,41051.0,2032-02-07,False,False,True,False
106,66746.0,2032-02-08,False,True,False,False
107,45611.0,2032-02-09,False,False,False,True
109,34490.0,2032-02-10,False,True,False,False
105,80004.0,2032-02-11,False,False,False,False
109,61313.0,2032-02-12,False,False,False,True
104,36377.0,2032-02-13,False,True,False,False
102,39903.0,2032-02-14,False,False,False,False
103,44567.0,2032-02-15,False,False,False,True
101,52885.0,2032-02-16,False,False,False,False
106,89869.0,2032-02-17,False,False,False,True
106,58222.0,2032-02-18,False,True,False,False
101,87266.0,2032-02-19,True,False,False,False
103,78556.0,2032-02-20,False,False,False,False
105,56606.0,2032-02-21,True,False,False,False
103,87580.0,2032-02-22,False,False,False,True
103,47440.0,2032-02-23,False,False,False,True
103,32260.0,2032-02-24,False,False,False,False
105,60267.0,2032-02-25,False,False,False,False
105,57002.0,2032-02-26,False,False,False,True
104,88369.0,2032-02-27,False,False,False,True
101,80060.0,2032-02-28,False,False,False,True
105,46833.0,2032-02-29,False,True,False,False
105,79720.0,2032-03-01,False,False,False,True
104,33498.0,2032-03-02,False,True,False,False
106,76729.0,2032-03-03,True,False,False,False
104,40518.0,2032-03-04,False,False,False,False
107,42501.0,2032-03-05,False,False,False,True
107,52254.0,2032-03-06,False,False,False,True
102,64076.0,2032-03-07,False,False,False,True
103,45902.0,2032-03-08,False,False,False,False
101,63485.0,2032-03-09,False,False,False,True
108,55545.0,2032-03-10,True,False,False,False
109,33345.0,2032-03-11,True,False,False,False
104,45370.0,2032-03-12,False,False,True,False
106,86366.0,2032-03-13,False,False,False,True
109,86834.0,2032-03-14,False,True,False,False
106,76721.0,2032-03-15,True,False,False,False
109,89829.0,2032-03-16,False,True,False,False
104,58231.0,2032-03-17,False,False,False,False
108,81870.0,2032-03-18,True,False,False,False
109,71863.0,2032-03-19,False,False,True,False
104,39642.0,2032-03-20,False,False,False,True
105,47839.0,2032-03-21,False,False,False,False
108,53681.0,2032-03-22,True,False,False,False
106,37035.0,2032-03-23,False,False,True,False
107,83382.0,2032-03-24,False,False,True,False
103,63299.0,2032-03-25,False,False,False,True
107,65035.0,2032-03-26,False,True,False,False
108,79484.0,2032-03-27,False,False,False,False
106,84401.0,2032-03-28,False,False,False,True
109,53583.0,2032-03-29,False,True,False,False
106,52105.0,2032-03-30,False,False,False,True
109,46130.0,2032-03-31,False,False,False,True
104,43736.0,2032-04-01,False,True,False,False
108,72281.0,2032-04-02,False,True,False,False
104,43815.0,2032-04-03,False,False,False,True
102,54396.0,2032-04-04,False,False,True,False
109,54312.0,2032-04-05,False,False,False,True
105,42244.0,2032-04-06,False,True,False,False
104,72668.0,2032-04-07,False,True,False,False
102,85652.0,2032-04-08,False,False,False,False
101,41718.0,2032-04-09,False,False,False,True
107,46784.0,2032-04-10,False,False,False,True
106,60683.0,2032-04-11,False,False,False,False
102,86191.0,2032-04-12,False,True,False,False
108,74590.0,2032-04-13,False,False,False,False
104,73997.0,2032-04-14,True,False,False,False
108,61428.0,2032-04-15,False,False,False,True
107,66759.0,2032-04-16,False,False,False,True
105,88822.0,2032-04-17,False,False,True,False
108,56490.0,2032-04-18,False,True,False,False
109,80209.0,2032-04-19,True,False,False,False
105,70701.0,2032-04-20,False,False,False,True
105,77351.0,2032-04-21,False,False,False,True
102,82145.0,2032-04-22,True,False,False,False
105,71001.0,2032-04-23,False,False,True,False
103,75856.0,2032-04-24,False,False,False,False
107,89514.0,2032-04-25,False,True,False,False
105,46410.0,2032-04-26,False,False,False,False
108,82685.0,2032-04-27,False,False,False,False
101,65386.0,2032-04-28,False,False,False,False
103,39362.0,2032-04-29,True,False,False,False
103,69407.0,2032-04-30,False,True,False,False
109,85781.0,2032-05-01,False,False,False,False
105,54011.0,2032-05-02,False,False,False,False
109,37042.0,2032-05-03,False,False,False,True
109,55286.0,2032-05-04,True,False,False,False
101,41391.0,2032-05-05,False,False,False,True
102,56999.0,2032-05-06,False,False,False,True
105,32018.0,2032-05-07,False,False,False,True
104,42952.0,2032-05-08,False,False,False,True
109,46240.0,2032-05-09,False,False,False,True
107,51262.0,2032-05-10,False,False,False,False
106,49282.0,2032-05-11,False,False,False,True
107,52459.0,2032-05-12,False,False,False,True
101,64815.0,2032-05-13,False,False,False,False
101,84354.0,2032-05-14,False,True,False,False
108,47942.0,2032-05-15,False,False,False,True
102,31722.0,2032-05-16,False,False,False,False
109,66820.0,2032-05-17,False,False,False,True
107,31651.0,2032-05-18,False,False,True,False
106,51606.0,2032-05-19,False,False,False,True
101,64546.0,2032-05-20,False,True,False,False
101,30683.0,2032-05-21,False,False,True,False
102,72239.0,2032-05-22,False,False,False,False
106,89638.0,2032-05-23,False,False,False,True
106,48394.0,2032-05-24,False,False,False,True
102,88559.0,2032-05-25,False,False,False,False
101,76705.0,2032-05-26,False,False,False,True
105,48966.0,2032-05-27,False,False,False,True
105,56469.0,2032-05-28,True,False,False,False
102,38505.0,2032-05-29,False,False,True,False
106,70211.0,2032-05-30,False,False,False,False
109,35492.0,2032-05-31,False,False,True,False
102,46827.0,2032-06-01,False,False,True,False
102,80823.0,2032-06-02,True,False,False,False
103,57492.0,2032-06-03,False,False,False,True
107,33266.0,2032-06-04,False,False,True,False
106,86577.0,2032-06-05,False,False,False,False
108,35909.0,2032-06-06,False,True,False,False
108,42869.0,2032-06-07,False,False,False,True
106,69782.0,2032-06-08,False,False,True,False
103,51863.0,2032-06-09,False,True,False,False
103,74055.0,2032-06-10,False,True,False,False
101,37819.0,2032-06-11,True,False,False,False
107,59136.0,2032-06-12,False,False,True,False
105,84293.0,2032-06-13,True,False,False,False
104,44837.0,2032-06-14,False,False,False,True
104,77954.0,2032-06-15,False,True,False,False
104,40056.0,2032-06-16,True,False,False,False
106,30715.0,2032-06-17,False,True,False,False
108,47275.0,2032-06-18,True,False,False,False
108,50191.0,2032-06-19,False,False,False,True
105,46884.0,2032-06-20,False,False,False,True
106,81792.0,2032-06-21,False,False,False,False
104,75462.0,2032-06-22,False,False,False,True
109,88697.0,2032-06-23,False,False,True,False
108,38894.0,2032-06-24,False,False,False,True
101,48717.0,2032-06-25,False,False,False,True
102,48578.0,2032-06-26,False,False,True,False
109,53321.0,2032-06-27,False,False,False,True
108,72969.0,2032-06-28,False,False,False,False
103,54959.0,2032-06-29,False,False,False,True
108,89402.0,2032-06-30,False,True,False,False
101,40515.0,2032-07-01,False,True,False,False
104,39077.0,2032-07-02,True,False,False,False
103,80743.0,2032-07-03,True,False,False,False
106,51443.0,2032-07-04,False,False,False,True
107,83550.0,2032-07-05,False,False,False,True
104,40443.0,2032-07-06,False,False,False,True
107,67208.0,2032-07-07,False,False,False,True
109,31783.0,2032-07-08,False,False,False,False
102,43113.0,2032-07-09,False,False,True,False
103,35385.0,2032-07-10,True,False,False,False
105,66885.0,2032-07-11,False,False,False,True
103,36982.0,2032-07-12,False,True,False,False
108,65351.0,2032-07-13,False,True,False,False
108,72689.0,2032-07-14,False,False,True,False
108,43407.0,2032-07-15,True,False,False,False
109,45316.0,2032-07-16,True,False,False,False
104,76524.0,2032-07-17,False,True,False,False
105,54838.0,2032-07-18,True,False,False,False
105,57207.0,2032-07-19,False,False,True,False
108,78116.0,2032-07-20,False,False,True,False
107,58402.0,2032-07-21,False,True,False,False
109,32430.0,2032-07-22,True,False,False,False
108,84821.0,2032-07-23,False,True,False,False
102,69828.0,2032-07-24,True,False,False,False
104,87735.0,2032-07-25,True,False,False,False
106,32936.0,2032-07-26,False,True,False,False
102,41864.0,2032-07-27,False,False,True,False
107,55115.0,2032-07-28,False,True,False,False
103,39307.0,2032-07-29,False,False,True,False
103,36709.0,2032-07-30,False,False,False,True
102,59854.0,2032-07-31,True,False,False,False
108,71843.0,2032-08-01,False,False,False,True
106,50707.0,2032-08-02,False,False,False,True
101,69384.0,2032-08-03,False,False,False,False
101,65187.0,2032-08-04,False,False,False,False
107,31399.0,2032-08-05,False,True,False,False
108,72536.0,2032-08-06,False,False,False,False
105,81236.0,2032-08-07,True,False,False,False
105,54188.0,2032-08-08,False,False,False,True
104,44245.0,2032-08-09,False,False,True,False
106,75746.0,2032-08-10,False,False,False,False
106,53371.0,2032-08-11,True,False,False,False
103,84308.0,2032-08-12,False,False,True,False
109,77204.0,2032-08-13,False,False,False,False
107,62286.0,2032-08-14,False,True,False,False
101,51693.0,2032-08-15,False,False,False,False
107,64303.0,2032-08-16,False,False,True,False
105,51137.0,2032-08-17,False,False,False,False
105,71049.0,2032-08-18,True,False,False,False
102,45365.0,2032-08-19,False,True,False,False
104,86200.0,2032-08-20,False,False,False,True
106,43450.0,2032-08-21,False,False,False,False
107,34190.0,2032-08-22,True,False,False,False
105,80806.0,2032-08-23,False,True,False,False
109,72861.0,2032-08-24,False,True,False,False
103,73639.0,2032-08-25,False,False,True,False
101,53937.0,2032-08-26,False,False,False,True
104,89514.0,2032-08-27,False,False,False,True
109,37452.0,2032-08-28,False,True,False,False
104,87709.0,2032-08-29,False,False,False,True
102,33960.0,2032-08-30,False,True,False,False
105,69602.0,2032-08-31,False,True,False,False
103,60185.0,2032-09-01,False,False,True,False
109,40564.0,2032-09-02,False,False,False,True
104,77510.0,2032-09-03,False,True,False,False
106,35091.0,2032-09-04,False,False,False,False
102,79670.0,2032-09-05,False,False,False,True
106,60519.0,2032-09-06,False,True,False,False
103,33710.0,2032-09-07,False,False,False,True
109,79981.0,2032-09-08,False,False,False,False
102,89977.0,2032-09-09,False,True,False,False
109,69395.0,2032-09-10,False,False,False,False
105,87614.0,2032-09-11,False,True,False,False
108,37988.0,2032-09-12,False,False,False,True
102,65754.0,2032-09-13,False,True,False,False
106,58114.0,2032-09-14,False,False,True,False
103,85927.0,2032-09-15,True,False,False,False
105,53074.0,2032-09-16,False,False,True,False
108,51198.0,2032-09-17,False,False,False,True
101,88351.0,2032-09-18,False,False,False,True
105,40509.0,2032-09-19,False,False,False,True
103,55180.0,2032-09-20,False,True,False,False
104,78068.0,2032-09-21,True,False,False,False
102,75433.0,2032-09-22,False,False,False,True
109,46560.0,2032-09-23,False,False,False,True
103,73281.0,2032-09-24,False,False,False,False
102,72674.0,2032-09-25,False,False,False,False
109,87980.0,2032-09-26,False,False,False,True
107,68938.0,2032-09-27,False,False,False,True
106,65391.0,2032-09-28,True,False,False,False
101,58731.0,2032-09-29,False,False,False,True
105,49162.0,2032-09-30,False,False,False,True
103,78344.0,2032-10-01,False,False,False,False
101,82904.0,2032-10-02,True,False,False,False
104,55236.0,2032-10-03,False,True,False,False
102,67133.0,2032-10-04,True,False,False,False
102,41379.0,2032-10-05,False,False,False,True
103,34340.0,2032-10-06,False,False,False,False
108,34755.0,2032-10-07,False,False,True,False
108,78731.0,2032-10-08,False,False,False,True
107,87428.0,2032-10-09,False,False,False,False
106,82822.0,2032-10-10,False,False,True,False
109,71866.0,2032-10-11,False,True,False,False
104,78759.0,2032-10-12,False,False,True,False
101,49905.0,2032-10-13,True,False,False,False
108,48259.0,2032-10-14,False,False,False,False
107,61255.0,2032-10-15,False,False,True,False
107,66726.0,2032-10-16,False,False,True,False
103,64904.0,2032-10-17,False,False,False,True
104,73556.0,2032-10-18,False,False,True,False
109,71813.0,2032-10-19,False,True,False,False
106,61614.0,2032-10-20,False,False,True,False
105,30506.0,2032-10-21,True,False,False,False
103,38599.0,2032-10-22,False,True,False,False
109,51774.0,2032-10-23,True,False,False,False
105,38715.0,2032-10-24,False,False,False,False
105,51997.0,2032-10-25,False,False,False,False
104,85902.0,2032-10-26,False,False,False,True
104,65818.0,2032-10-27,False,False,False,True
101,44783.0,2032-10-28,False,False,True,False
107,61262.0,2032-10-29,False,False,False,True
109,53476.0,2032-10-30,False,False,False,False
103,32397.0,2032-10-31,True,False,False,False
102,70680.0,2032-11-01,False,True,False,False
103,57475.0,2032-11-02,False,False,False,False
101,87671.0,2032-11-03,False,False,False,False
106,89179.0,2032-11-04,True,False,False,False
107,64077.0,2032-11-05,False,False,False,True
102,69970.0,2032-11-06,False,False,False,False
108,37700.0,2032-11-07,False,False,False,True
106,34718.0,2032-11-08,False,False,True,False
104,57111.0,2032-11-09,False,True,False,False
105,68718.0,2032-11-10,False,False,False,True
108,40233.0,2032-11-11,True,False,False,False
103,44171.0,2032-11-12,False,False,True,False
103,40726.0,2032-11-13,False,False,False,False
104,56768.0,2032-11-14,False,False,False,True
101,47139.0,2032-11-15,False,False,False,True
109,30145.0,2032-11-16,False,True,False,False
108,84268.0,2032-11-17,False,True,False,False
108,74782.0,2032-11-18,False,False,False,True
106,49958.0,2032-11-19,False,False,False,True
107,56203.0,2032-11-20,True,False,False,False
106,51307.0,2032-11-21,False,False,False,False
109,64626.0,2032-11-22,True,False,False,False
103,67490.0,2032-11-23,False,False,False,False
103,33598.0,2032-11-24,False,False,True,False
103,43583.0,2032-11-25,False,False,False,True
103,77637.0,2032-11-26,False,False,True,False
109,47013.0,2032-11-27,False,False,False,True
104,77984.0,2032-11-28,False,False,False,True
107,74126.0,2032-11-29,False,False,False,False
109,66286.0,2032-11-30,False,False,False,False
107,85710.0,2032-12-01,True,False,False,False
109,67120.0,2032-12-02,False,False,False,True
103,74874.0,2032-12-03,False,False,False,True
104,70197.0,2032-12-04,False,False,False,False
108,39096.0,2032-12-05,False,False,False,False
106,35555.0,2032-12-06,False,True,False,False
105,62719.0,2032-12-07,False,False,False,False
104,37997.0,2032-12-08,False,False,False,True
108,40809.0,2032-12-09,False,False,False,True
101,57365.0,2032-12-10,False,False,False,True
109,79259.0,2032-12-11,False,False,False,True
101,55618.0,2032-12-12,True,False,False,False
108,55964.0,2032-12-13,False,False,False,True
104,39868.0,2032-12-14,True,False,False,False
109,51882.0,2032-12-15,False,False,True,False
105,50639.0,2032-12-16,False,False,False,False
103,66963.0,2032-12-17,False,False,True,False
109,71224.0,2032-12-18,False,True,False,False
109,66589.0,2032-12-19,False,False,True,False
104,79828.0,2032-12-20,False,False,False,False
104,59470.0,2032-12-21,False,False,False,True
108,74446.0,2032-12-22,False,False,False,False
102,35178.0,2032-12-23,False,False,False,True
109,40898.0,2032-12-24,False,False,True,False
106,35566.0,2032-12-25,False,False,False,False
109,50353.0,2032-12-26,False,True,False,False
108,68188.0,2032-12-27,False,False,False,False
107,63375.0,2032-12-28,False,False,False,True
101,35674.0,2032-12-29,False,True,False,False
103,52272.0,2032-12-30,False,False,False,False
102,51716.0,2032-12-31,False,False,True,False
105,53740.0,2033-01-01,True,False,False,False
105,53170.0,2033-01-02,False,False,False,True
105,65162.0,2033-01-03,False,False,False,False
104,41051.0,2033-01-04,False,False,False,True
105,38070.0,2033-01-05,True,False,False,False
103,59472.0,2033-01-06,True,False,False,False
101,88504.0,2033-01-07,False,False,False,True
105,84301.0,2033-01-08,False,False,True,False
109,85441.0,2033-01-09,False,True,False,False
109,72807.0,2033-01-10,False,False,False,True
104,88835.0,2033-01-11,False,False,False,True
103,64789.0,2033-01-12,False,False,False,False
101,86936.0,2033-01-13,False,True,False,False
102,50982.0,2033-01-14,False,False,False,False
108,61518.0,2033-01-15,True,False,False,False
101,49399.0,2033-01-16,False,False,False,True
108,84462.0,2033-01-17,False,False,False,True
107,57313.0,2033-01-18,False,False,False,False
108,46110.0,2033-01-19,False,False,True,False
106,64816.0,2033-01-20,False,False,False,True
109,52353.0,2033-01-21,False,True,False,False
103,58530.0,2033-01-22,False,False,False,True
104,30893.0,2033-01-23,False,False,False,False
106,88431.0,2033-01-24,False,False,False,False
108,75811.0,2033-01-25,True,False,False,False
105,58724.0,2033-01-26,False,True,False,False
103,56885.0,2033-01-27,False,False,False,True
106,74560.0,2033-01-28,False,False,False,True
104,43613.0,2033-01-29,False,False,False,True
109,44316.0,2033-01-30,False,True,False,False
103,36087.0,2033-01-31,False,False,False,True
104,65701.0,2033-02-01,False,False,True,False
107,48665.0,2033-02-02,False,False,True,False
107,71032.0,2033-02-03,False,False,False,True
104,64148.0,2033-02-04,False,False,False,False
106,59622.0,2033-02-05,True,False,False,False
103,60298.0,2033-02-06,False,False,False,False
106,46867.0,2033-02-07,False,False,True,False
102,71989.0,2033-02-08,True,False,False,False
108,74741.0,2033-02-09,False,False,False,True
102,43164.0,2033-02-10,False,False,False,True
107,50163.0,2033-02-11,False,False,False,True
109,36101.0,2033-02-12,False,False,False,False
101,89175.0,2033-02-13,False,False,False,True
108,67722.0,2033-02-14,False,False,False,True
107,89364.0,2033-02-15,False,True,False,False
106,68721.0,2033-02-16,False,True,False,False
106,69048.0,2033-02-17,False,False,True,False
106,63546.0,2033-02-18,False,False,False,True
109,33475.0,2033-02-19,False,False,False,True
102,34723.0,2033-02-20,False,False,False,True
101,44890.0,2033-02-21,True,False,False,False
106,53270.0,2033-02-22,False,False,False,False
108,36713.0,2033-02-23,True,False,False,False
103,57853.0,2033-02-24,False,False,False,True
101,38601.0,2033-02-25,False,False,False,False
109,47443.0,2033-02-26,False,True,False,False
101,85525.0,2033-02-27,False,True,False,False
103,86546.0,2033-02-28,False,False,False,False
108,81461.0,2033-03-01,False,False,False,True
103,47984.0,2033-03-02,True,False,False,False
104,42735.0,2033-03-03,False,True,False,False
108,48617.0,2033-03-04,False,True,False,False
101,56228.0,2033-03-05,False,False,True,False
106,86505.0,2033-03-06,False,False,False,False
101,72257.0,2033-03-07,True,False,False,False
101,43974.0,2033-03-08,False,False,True,False
108,79503.0,2033-03-09,False,False,False,False
104,76492.0,2033-03-10,False,False,True,False
101,74182.0,2033-03-11,False,False,False,False
107,40623.0,2033-03-12,False,False,False,True
105,45395.0,2033-03-13,False,False,False,True
105,36469.0,2033-03-14,False,False,False,False
101,55040.0,2033-03-15,False,False,False,True
106,73473.0,2033-03-16,False,False,False,True
109,33166.0,2033-03-17,False,False,False,True
109,51637.0,2033-03-18,False,True,False,False
108,32209.0,2033-03-19,False,True,False,False
105,38747.0,2033-03-20,False,True,False,False
101,63067.0,2033-03-21,False,True,False,False
109,50250.0,2033-03-22,False,False,False,True
101,54931.0,2033-03-23,False,False,False,False
108,76319.0,2033-03-24,False,True,False,False
105,63331.0,2033-03-25,False,False,True,False
103,42201.0,2033-03-26,False,False,True,False
107,84040.0,2033-03-27,False,False,False,False
107,71982.0,2033-03-28,True,False,False,False
109,61305.0,2033-03-29,False,False,False,True
107,47574.0,2033-03-30,False,True,False,False
103,60859.0,2033-03-31,False,False,False,True
101,82362.0,2033-04-01,False,True,False,False
108,40096.0,2033-04-02,False,False,False,True
103,85530.0,2033-04-03,False,False,False,False
108,40228.0,2033-04-04,False,False,False,True
108,39218.0,2033-04-05,False,False,False,False
105,54831.0,2033-04-06,False,False,False,False
101,48802.0,2033-04-07,False,True,False,False
107,77381.0,2033-04-08,False,False,False,True
105,48947.0,2033-04-09,True,False,False,False
108,49335.0,2033-04-10,False,False,False,False
109,76861.0,2033-04-11,False,False,False,True
107,59907.0,2033-04-12,False,False,False,True
107,86535.0,2033-04-13,False,False,True,False
101,46653.0,2033-04-14,False,False,False,False
104,69387.0,2033-04-15,False,False,False,False
102,52031.0,2033-04-16,False,False,False,True
102,39119.0,2033-04-17,False,False,False,True
102,87407.0,2033-04-18,False,False,False,False
104,34555.0,2033-04-19,False,False,True,False
101,76095.0,2033-04-20,False,False,True,False
104,31042.0,2033-04-21,False,False,False,True
102,68212.0,2033-04-22,False,True,False,False
105,84155.0,2033-04-23,True,False,False,False
103,34188.0,2033-04-24,False,False,False,True
108,43060.0,2033-04-25,False,False,False,True
104,88153.0,2033-04-26,False,True,False,False
101,40233.0,2033-04-27,False,False,False,True
101,33088.0,2033-04-28,False,True,False,False
103,31646.0,2033-04-29,True,False,False,False
109,43127.0,2033-04-30,False,False,True,False
107,62615.0,2033-05-01,True,False,False,False
102,30487.0,2033-05-02,False,False,False,True
109,45453.0,2033-05-03,False,True,False,False
102,82233.0,2033-05-04,False,True,False,False
103,64515.0,2033-05-05,False,False,True,False
102,88092.0,2033-05-06,False,False,True,False
103,46911.0,2033-05-07,False,False,True,False
106,47551.0,2033-05-08,False,False,True,False
109,83762.0,2033-05-09,False,False,False,True
109,46278.0,2033-05-10,False,False,False,True
107,50856.0,2033-05-11,False,False,False,True
103,41931.0,2033-05-12,False,False,False,True
104,86813.0,2033-05-13,False,False,False,True
106,52188.0,2033-05-14,True,False,False,False
105,30483.0,2033-05-15,False,False,False,True
102,30451.0,2033-05-16,False,False,True,False
106,34069.0,2033-05-17,False,True,False,False
103,84807.0,2033-05-18,False,False,True,False
108,43386.0,2033-05-19,True,False,False,False
102,37207.0,2033-05-20,False,False,False,False
101,67165.0,2033-05-21,False,False,False,False
109,68439.0,2033-05-22,False,False,False,True
103,82285.0,2033-05-23,False,False,False,False
101,48157.0,2033-05-24,False,False,False,False
107,52006.0,2033-05-25,False,False,False,False
105,39190.0,2033-05-26,False,False,False,True
105,70180.0,2033-05-27,False,True,False,False
101,48449.0,2033-05-28,False,True,False,False
109,71357.0,2033-05-29,True,False,False,False
107,59678.0,2033-05-30,False,True,False,False
108,44929.0,2033-05-31,False,False,True,False
109,69100.0,2033-06-01,True,False,False,False
106,78747.0,2033-06-02,False,False,True,False
105,37913.0,2033-06-03,False,False,True,False
106,39995.0,2033-06-04,False,True,False,False
102,56727.0,2033-06-05,False,False,True,False
104,31946.0,2033-06-06,False,False,False,False
103,66183.0,2033-06-07,False,False,True,False
107,31394.0,2033-06-08,False,False,True,False
109,77852.0,2033-06-09,False,True,False,False
105,32421.0,2033-06-10,False,False,False,True
106,50303.0,2033-06-11,False,False,False,False
102,70113.0,2033-06-12,True,False,False,False
103,49467.0,2033-06-13,False,False,False,True
103,70798.0,2033-06-14,False,False,False,True
109,54504.0,2033-06-15,False,False,False,True
107,40980.0,2033-06-16,False,False,False,False
108,31844.0,2033-06-17,False,False,False,True
109,64572.0,2033-06-18,False,False,True,False
106,71849.0,2033-06-19,False,False,False,False
104,48887.0,2033-06-20,False,True,False,False
101,48277.0,2033-06-21,False,True,False,False
108,80818.0,2033-06-22,False,False,False,False
107,67112.0,2033-06-23,False,False,True,False
102,52975.0,2033-06-24,False,False,False,True
108,49449.0,2033-06-25,False,False,False,False
105,84227.0,2033-06-26,False,False,True,False
107,74601.0,2033-06-27,False,False,False,True
104,49459.0,2033-06-28,False,False,False,True
105,31259.0,2033-06-29,False,True,False,False
108,48604.0,2033-06-30,False,False,False,True
101,84593.0,2033-07-01,True,False,False,False
101,89762.0,2033-07-02,False,False,False,True
104,43859.0,2033-07-03,False,True,False,False
103,73798.0,2033-07-04,False,True,False,False
102,55362.0,2033-07-05,False,False,True,False
103,57943.0,2033-07-06,True,False,False,False
101,51319.0,2033-07-07,False,False,False,True
101,65215.0,2033-07-08,False,False,False,True
106,65897.0,2033-07-09,False,False,False,False
105,81050.0,2033-07-10,False,True,False,False
108,37697.0,2033-07-11,False,True,False,False
102,53075.0,2033-07-12,False,False,False,False
104,83655.0,2033-07-13,False,False,False,True
108,61360.0,2033-07-14,False,True,False,False
106,58160.0,2033-07-15,False,False,True,False
101,58735.0,2033-07-16,False,True,False,False
104,61293.0,2033-07-17,True,False,False,False
101,33949.0,2033-07-18,False,False,False,True
102,40659.0,2033-07-19,False,False,True,False
105,38010.0,2033-07-20,False,True,False,False
108,56769.0,2033-07-21,False,False,True,False
108,53823.0,2033-07-22,False,True,False,False
103,46400.0,2033-07-23,False,False,False,False
104,70727.0,2033-07-24,True,False,False,False
106,69009.0,2033-07-25,False,True,False,False
103,44787.0,2033-07-26,False,False,False,True
102,37906.0,2033-07-27,False,False,True,False
106,82174.0,2033-07-28,False,False,True,False
105,75953.0,2033-07-29,False,True,False,False
105,43303.0,2033-07-30,False,True,False,False
105,31266.0,2033-07-31,False,True,False,False
105,63246.0,2033-08-01,False,True,False,False
103,83448.0,2033-08-02,False,False,False,True
107,33977.0,2033-08-03,False,False,False,False
106,36068.0,2033-08-04,False,False,False,False
104,74504.0,2033-08-05,False,False,False,True
102,83426.0,2033-08-06,False,False,False,False
109,61227.0,2033-08-07,True,False,False,False
101,42740.0,2033-08-08,False,False,False,True
104,52797.0,2033-08-09,False,False,False,True
101,37791.0,2033-08-10,False,False,False,False
106,30485.0,2033-08-11,False,True,False,False
104,75048.0,2033-08-12,False,False,False,True
105,60695.0,2033-08-13,False,True,False,False
105,67441.0,2033-08-14,False,True,False,False
109,30337.0,2033-08-15,False,False,False,False
101,55436.0,2033-08-16,False,False,False,False
102,45092.0,2033-08-17,False,False,False,True
106,86052.0,2033-08-18,False,False,False,True
105,64771.0,2033-08-19,True,False,False,False
107,31471.0,2033-08-20,False,True,False,False
103,85879.0,2033-08-21,False,False,False,False
103,81194.0,2033-08-22,False,False,True,False
102,74388.0,2033-08-23,False,True,False,False
103,57696.0,2033-08-24,False,False,True,False
101,80671.0,2033-08-25,False,False,True,False
105,36489.0,2033-08-26,False,True,False,False
105,88045.0,2033-08-27,False,True,False,False
107,83540.0,2033-08-28,False,False,False,True
104,37856.0,2033-08-29,False,True,False,False
103,58611.0,2033-08-30,False,False,True,False
101,39365.0,2033-08-31,False,False,False,False
108,64373.0,2033-09-01,False,False,False,True
103,35664.0,2033-09-02,False,True,False,False
102,53323.0,2033-09-03,False,False,False,False
104,56455.0,2033-09-04,False,False,False,False
103,84269.0,2033-09-05,True,False,False,False
101,35379.0,2033-09-06,False,False,False,True
103,74353.0,2033-09-07,False,False,True,False
102,32124.0,2033-09-08,False,False,False,True
108,76189.0,2033-09-09,False,False,True,False
106,61536.0,2033-09-10,False,False,True,False
109,34991.0,2033-09-11,False,False,False,True
108,36794.0,2033-09-12,False,False,False,False
103,59218.0,2033-09-13,False,False,True,False
105,80598.0,2033-09-14,False,False,False,False
107,61113.0,2033-09-15,False,False,False,True
105,66074.0,2033-09-16,False,False,False,True
108,57977.0,2033-09-17,False,True,False,False
105,58359.0,2033-09-18,False,True,False,False
101,81524.0,2033-09-19,False,False,True,False
105,79302.0,2033-09-20,False,True,False,False
104,78673.0,2033-09-21,False,False,True,False
106,48043.0,2033-09-22,True,False,False,False
103,52523.0,2033-09-23,False,True,False,False
105,39070.0,2033-09-24,False,False,False,False
102,37199.0,2033-09-25,False,False,True,False
106,48703.0,2033-09-26,False,False,False,False
106,49267.0,2033-09-27,False,False,False,True
105,44133.0,2033-09-28,False,False,True,False
106,86955.0,2033-09-29,False,False,False,True
107,58571.0,2033-09-30,False,True,False,False
105,56991.0,2033-10-01,False,False,False,True
101,80667.0,2033-10-02,False,False,False,False
108,41579.0,2033-10-03,False,True,False,False
104,79741.0,2033-10-04,False,False,True,False
109,63355.0,2033-10-05,False,False,True,False
106,49003.0,2033-10-06,True,False,False,False
101,51871.0,2033-10-07,False,False,False,False
103,36223.0,2033-10-08,True,False,False,False
103,44197.0,2033-10-09,True,False,False,False
104,39387.0,2033-10-10,False,False,True,False
106,67121.0,2033-10-11,False,False,False,True
107,56902.0,2033-10-12,False,False,False,False
104,44839.0,2033-10-13,False,False,True,False
106,65373.0,2033-10-14,False,False,False,True
101,65306.0,2033-10-15,False,True,False,False
108,43896.0,2033-10-16,False,True,False,False
107,71525.0,2033-10-17,False,False,True,False
109,46198.0,2033-10-18,False,True,False,False
103,64524.0,2033-10-19,False,True,False,False
102,58651.0,2033-10-20,False,True,False,False
101,62636.0,2033-10-21,False,False,False,True
103,64128.0,2033-10-22,False,False,False,True
105,57144.0,2033-10-23,False,False,False,True
102,48757.0,2033-10-24,False,False,False,True
103,63963.0,2033-10-25,True,False,False,False
104,48515.0,2033-10-26,True,False,False,False
107,70777.0,2033-10-27,False,True,False,False
103,52027.0,2033-10-28,True,False,False,False
109,43792.0,2033-10-29,True,False,False,False
108,88911.0,2033-10-30,True,False,False,False
104,45777.0,2033-10-31,False,False,False,True
101,49794.0,2033-11-01,False,False,False,False
101,62544.0,2033-11-02,False,False,True,False
101,48751.0,2033-11-03,True,False,False,False
101,61023.0,2033-11-04,True,False,False,False
108,49727.0,2033-11-05,False,False,False,False
103,77793.0,2033-11-06,False,False,False,False
106,53665.0,2033-11-07,False,False,True,False
103,61126.0,2033-11-08,False,True,False,False
105,49481.0,2033-11-09,True,False,False,False
107,55836.0,2033-11-10,False,False,False,True
102,64101.0,2033-11-11,False,False,True,False
106,53549.0,2033-11-12,False,False,False,True
106,75604.0,2033-11-13,False,False,False,True
103,33336.0,2033-11-14,True,False,False,False
106,38157.0,2033-11-15,False,False,True,False
105,82236.0,2033-11-16,False,False,False,False
102,66155.0,2033-11-17,False,False,False,False
109,67481.0,2033-11-18,False,True,False,False
108,86957.0,2033-11-19,True,False,False,False
103,61567.0,2033-11-20,True,False,False,False
108,67869.0,2033-11-21,False,False,False,True
109,32431.0,2033-11-22,False,False,False,True
103,63784.0,2033-11-23,False,False,True,False
103,47025.0,2033-11-24,False,False,False,False
102,50446.0,2033-11-25,False,False,False,False
108,38507.0,2033-11-26,False,False,True,False
101,89647.0,2033-11-27,False,False,False,True
108,63208.0,2033-11-28,False,False,False,True
107,47522.0,2033-11-29,False,False,True,False
107,77402.0,2033-11-30,False,False,False,False
103,55490.0,2033-12-01,False,True,False,False
101,68011.0,2033-12-02,False,False,False,False
104,65071.0,2033-12-03,False,False,False,False
109,77754.0,2033-12-04,False,False,False,True
105,60413.0,2033-12-05,False,True,False,False
101,75102.0,2033-12-06,False,False,True,False
105,44040.0,2033-12-07,False,True,False,False
108,68718.0,2033-12-08,False,False,False,True
108,37046.0,2033-12-09,False,False,False,True
105,69374.0,2033-12-10,False,False,True,False
109,66189.0,2033-12-11,False,True,False,False
101,76202.0,2033-12-12,False,False,True,False
104,48462.0,2033-12-13,False,False,False,False
103,68871.0,2033-12-14,False,False,False,True
102,50534.0,2033-12-15,False,False,True,False
108,64968.0,2033-12-16,True,False,False,False
107,50935.0,2033-12-17,False,False,True,False
109,85581.0,2033-12-18,True,False,False,False
102,70995.0,2033-12-19,False,False,True,False
104,39009.0,2033-12-20,False,False,False,True
106,76989.0,2033-12-21,False,True,False,False
103,76876.0,2033-12-22,True,False,False,False
108,31946.0,2033-12-23,False,False,False,False
103,66724.0,2033-12-24,False,False,False,False
102,75311.0,2033-12-25,False,False,False,False
103,81377.0,2033-12-26,False,False,False,True
106,70483.0,2033-12-27,True,False,False,False
102,33325.0,2033-12-28,False,True,False,False
108,38699.0,2033-12-29,False,False,False,True
101,33745.0,2033-12-30,False,False,False,True
107,75076.0,2033-12-31,False,False,False,True
102,74837.0,2034-01-01,False,False,False,True
106,60794.0,2034-01-02,False,False,False,False
102,54544.0,2034-01-03,False,False,False,True
102,51198.0,2034-01-04,False,False,False,True
108,87803.0,2034-01-05,False,False,True,False
102,85255.0,2034-01-06,False,False,False,False
107,43489.0,2034-01-07,False,False,False,False
103,80557.0,2034-01-08,False,False,True,False
108,76116.0,2034-01-09,False,False,False,True
107,52474.0,2034-01-10,True,False,False,False
108,86439.0,2034-01-11,False,False,True,False
107,48420.0,2034-01-12,True,False,False,False
106,85186.0,2034-01-13,False,False,False,False
107,32677.0,2034-01-14,False,False,False,False
105,85296.0,2034-01-15,False,False,False,True
107,64512.0,2034-01-16,True,False,False,False
101,41175.0,2034-01-17,False,False,True,False
101,73318.0,2034-01-18,True,False,False,False
109,72191.0,2034-01-19,True,False,False,False
105,31177.0,2034-01-20,True,False,False,False
105,30761.0,2034-01-21,False,False,False,False
103,67546.0,2034-01-22,False,False,False,False
105,36458.0,2034-01-23,False,False,False,False
103,89698.0,2034-01-24,False,True,False,False
109,84775.0,2034-01-25,False,False,False,True
109,83866.0,2034-01-26,False,True,False,False
106,50110.0,2034-01-27,False,False,True,False
101,72503.0,2034-01-28,False,False,False,True
107,58253.0,2034-01-29,False,True,False,False
107,48317.0,2034-01-30,False,True,False,False
104,82713.0,2034-01-31,True,False,False,False
108,58433.0,2034-02-01,False,True,False,False
106,37179.0,2034-02-02,False,False,False,False
104,44849.0,2034-02-03,False,True,False,False
104,34444.0,2034-02-04,False,False,True,False
102,32964.0,2034-02-05,False,False,False,True
102,71990.0,2034-02-06,False,False,False,True
104,89891.0,2034-02-07,False,False,False,False
105,89866.0,2034-02-08,True,False,False,False
108,42811.0,2034-02-09,False,False,False,False
106,40067.0,2034-02-10,False,False,False,True
104,69992.0,2034-02-11,False,False,False,False
107,87933.0,2034-02-12,False,True,False,False
108,40472.0,2034-02-13,False,False,True,False
102,45126.0,2034-02-14,False,False,False,True
107,33101.0,2034-02-15,False,False,False,False
102,56990.0,2034-02-16,False,False,False,False
102,66665.0,2034-02-17,False,False,False,False
108,33678.0,2034-02-18,False,False,True,False
102,64611.0,2034-02-19,True,False,False,False
109,60729.0,2034-02-20,True,False,False,False
101,81090.0,2034-02-21,False,False,False,False
109,89538.0,2034-02-22,False,True,False,False
101,59035.0,2034-02-23,False,False,False,False
102,45958.0,2034-02-24,False,False,False,True
106,87596.0,2034-02-25,False,False,False,True
106,54250.0,2034-02-26,True,False,False,False
101,37083.0,2034-02-27,False,False,False,True
107,51756.0,2034-02-28,False,True,False,False
108,31466.0,2034-03-01,False,False,False,False
102,79887.0,2034-03-02,False,False,True,False
108,30339.0,2034-03-03,True,False,False,False
109,74547.0,2034-03-04,False,False,True,False
106,80528.0,2034-03-05,True,False,False,False
105,51103.0,2034-03-06,False,True,False,False
109,47088.0,2034-03-07,False,True,False,False
109,33724.0,2034-03-08,False,True,False,False
101,70957.0,2034-03-09,False,False,False,False
103,83570.0,2034-03-10,False,False,False,True
109,51643.0,2034-03-11,True,False,False,False
102,89318.0,2034-03-12,True,False,False,False
104,56044.0,2034-03-13,False,False,False,True
104,40334.0,2034-03-14,False,True,False,False
102,63320.0,2034-03-15,False,True,False,False
103,66259.0,2034-03-16,True,False,False,False
103,30789.0,2034-03-17,False,False,False,False
101,63941.0,2034-03-18,False,False,False,True
106,30552.0,2034-03-19,False,False,True,False
108,49806.0,2034-03-20,False,False,False,False
103,66979.0,2034-03-21,False,False,False,False
105,38823.0,2034-03-22,True,False,False,False
101,61980.0,2034-03-23,False,False,True,False
107,79421.0,2034-03-24,True,False,False,False
101,30860.0,2034-03-25,False,False,False,False
109,30290.0,2034-03-26,False,False,False,True
108,72417.0,2034-03-27,False,False,True,False
107,44344.0,2034-03-28,False,False,False,False
107,35870.0,2034-03-29,True,False,False,False
105,63397.0,2034-03-30,False,False,True,False
105,69775.0,2034-03-31,False,False,False,True
105,46186.0,2034-04-01,False,False,False,True
101,68711.0,2034-04-02,False,True,False,False
108,79626.0,2034-04-03,False,False,False,True
101,62265.0,2034-04-04,False,False,True,False
104,51016.0,2034-04-05,False,False,False,True
109,34080.0,2034-04-06,False,True,False,False
109,42972.0,2034-04-07,False,True,False,False
105,31760.0,2034-04-08,False,False,False,True
104,41274.0,2034-04-09,False,True,False,False
103,67476.0,2034-04-10,False,True,False,False
103,53304.0,2034-04-11,True,False,False,False
105,42166.0,2034-04-12,False,True,False,False
101,33398.0,2034-04-13,False,True,False,False
105,60625.0,2034-04-14,False,False,True,False
106,77698.0,2034-04-15,False,False,True,False
107,40515.0,2034-04-16,False,False,False,True
109,44705.0,2034-04-17,False,True,False,False
103,66329.0,2034-04-18,True,False,False,False
102,89736.0,2034-04-19,False,False,False,True
103,82996.0,2034-04-20,False,True,False,False
109,40607.0,2034-04-21,False,True,False,False
107,82956.0,2034-04-22,False,True,False,False
109,60006.0,2034-04-23,False,False,False,False
102,43018.0,2034-04-24,False,False,True,False
105,39816.0,2034-04-25,False,False,True,False
104,80660.0,2034-04-26,False,False,False,False
102,50494.0,2034-04-27,False,False,False,False
109,51237.0,2034-04-28,True,False,False,False
109,36831.0,2034-04-29,False,False,False,False
106,70963.0,2034-04-30,False,False,False,True
106,60541.0,2034-05-01,True,False,False,False
108,33447.0,2034-05-02,False,False,True,False
106,76448.0,2034-05-03,False,False,False,True
101,35584.0,2034-05-04,False,False,True,False
104,57156.0,2034-05-05,False,False,False,False
107,66559.0,2034-05-06,False,False,False,False
102,51465.0,2034-05-07,False,True,False,False
109,72120.0,2034-05-08,True,False,False,False
108,47217.0,2034-05-09,False,False,True,False
108,77466.0,2034-05-10,True,False,False,False
107,40190.0,2034-05-11,False,True,False,False
104,35335.0,2034-05-12,False,True,False,False
102,84639.0,2034-05-13,False,False,False,False
103,36260.0,2034-05-14,False,False,False,False
106,55778.0,2034-05-15,False,False,False,False
105,45605.0,2034-05-16,False,False,False,True
108,48559.0,2034-05-17,True,False,False,False
106,72341.0,2034-05-18,False,False,False,False
106,50557.0,2034-05-19,False,True,False,False
101,65556.0,2034-05-20,False,True,False,False
104,86612.0,2034-05-21,True,False,False,False
105,73781.0,2034-05-22,False,False,True,False
103,75137.0,2034-05-23,True,False,False,False
109,54917.0,2034-05-24,False,False,False,False
101,55937.0,2034-05-25,False,True,False,False
106,61538.0,2034-05-26,False,False,False,True
106,36721.0,2034-05-27,False,False,False,True
105,50575.0,2034-05-28,False,False,False,False
105,37312.0,2034-05-29,False,True,False,False
105,87339.0,2034-05-30,False,False,False,False
106,77680.0,2034-05-31,False,False,True,False
108,34616.0,2034-06-01,True,False,False,False
102,63763.0,2034-06-02,True,False,False,False
106,63124.0,2034-06-03,False,True,False,False
101,54761.0,2034-06-04,False,True,False,False
104,31693.0,2034-06-05,False,True,False,False
103,32590.0,2034-06-06,False,False,False,True
109,60870.0,2034-06-07,False,False,False,False
103,39534.0,2034-06-08,False,False,True,False
106,37921.0,2034-06-09,False,True,False,False
101,31691.0,2034-06-10,False,False,False,True
106,72042.0,2034-06-11,False,False,True,False
104,81209.0,2034-06-12,False,False,False,True
108,32904.0,2034-06-13,False,False,True,False
109,74155.0,2034-06-14,False,False,False,True
104,83603.0,2034-06-15,False,False,False,True
106,74377.0,2034-06-16,False,False,False,True
101,69705.0,2034-06-17,False,False,False,True
104,60956.0,2034-06-18,False,False,False,True
107,48764.0,2034-06-19,False,False,False,True
101,38208.0,2034-06-20,True,False,False,False
108,45783.0,2034-06-21,True,False,False,False
106,38515.0,2034-06-22,False,False,True,False
105,32070.0,2034-06-23,False,False,False,True
109,47314.0,2034-06-24,False,False,False,False
102,75514.0,2034-06-25,True,False,False,False
105,43771.0,2034-06-26,False,True,False,False
106,61240.0,2034-06-27,False,False,False,True
107,75612.0,2034-06-28,True,False,False,False
105,47828.0,2034-06-29,False,False,False,True
109,74996.0,2034-06-30,False,False,False,True
101,54978.0,2034-07-01,False,True,False,False
107,82554.0,2034-07-02,False,False,False,True
107,50936.0,2034-07-03,False,False,False,True
104,56082.0,2034-07-04,False,True,False,False
109,47905.0,2034-07-05,False,False,False,True
105,33098.0,2034-07-06,False,False,True,False
104,57020.0,2034-07-07,False,False,True,False
107,87272.0,2034-07-08,False,False,False,True
104,86507.0,2034-07-09,False,True,False,False
103,81339.0,2034-07-10,True,False,False,False
109,48952.0,2034-07-11,False,False,False,False
108,40985.0,2034-07-12,False,False,True,False
101,38283.0,2034-07-13,False,True,False,False
107,84099.0,2034-07-14,True,False,False,False
109,76323.0,2034-07-15,True,False,False,False
108,67708.0,2034-07-16,False,False,False,True
108,34762.0,2034-07-17,True,False,False,False
106,64521.0,2034-07-18,False,False,False,True
104,35054.0,2034-07-19,False,True,False,False
108,43276.0,2034-07-20,True,False,False,False
103,84044.0,2034-07-21,False,False,False,False
109,35781.0,2034-07-22,False,False,True,False
102,46471.0,2034-07-23,True,False,False,False
102,48025.0,2034-07-24,False,False,False,False
107,65730.0,2034-07-25,False,False,False,False
104,35413.0,2034-07-26,False,False,False,False
108,89486.0,2034-07-27,False,False,False,True
109,37420.0,2034-07-28,False,True,False,False
107,71510.0,2034-07-29,False,False,False,False
105,73406.0,2034-07-30,False,False,False,True
108,69678.0,2034-07-31,False,False,False,True
104,84325.0,2034-08-01,False,True,False,False
102,56527.0,2034-08-02,False,True,False,False
106,73250.0,2034-08-03,False,True,False,False
109,84381.0,2034-08-04,True,False,False,False
101,42029.0,2034-08-05,False,False,False,False
107,71583.0,2034-08-06,False,False,False,False
109,66525.0,2034-08-07,True,False,False,False
109,67564.0,2034-08-08,False,False,False,True
103,66060.0,2034-08-09,False,True,False,False
105,33832.0,2034-08-10,False,False,False,False
108,32611.0,2034-08-11,False,False,False,True
108,38353.0,2034-08-12,False,False,False,False
104,89336.0,2034-08-13,False,False,False,True
101,73042.0,2034-08-14,True,False,False,False
101,57589.0,2034-08-15,True,False,False,False
104,70996.0,2034-08-16,False,False,False,False
106,55421.0,2034-08-17,True,False,False,False
108,41068.0,2034-08-18,False,True,False,False
106,85918.0,2034-08-19,False,False,False,False
109,86689.0,2034-08-20,False,False,False,False
109,84448.0,2034-08-21,False,False,False,True
102,33346.0,2034-08-22,False,False,False,True
101,66822.0,2034-08-23,False,False,True,False
102,78760.0,2034-08-24,False,True,False,False
105,34200.0,2034-08-25,False,True,False,False
104,77259.0,2034-08-26,False,False,False,False
104,38527.0,2034-08-27,False,False,False,True
109,77013.0,2034-08-28,True,False,False,False
108,40535.0,2034-08-29,True,False,False,False
106,47944.0,2034-08-30,False,False,True,False
101,70290.0,2034-08-31,False,False,False,True
102,75941.0,2034-09-01,True,False,False,False
106,34164.0,2034-09-02,False,False,True,False
102,60022.0,2034-09-03,False,False,False,True
105,42438.0,2034-09-04,False,False,False,True
105,53104.0,2034-09-05,False,False,True,False
106,88005.0,2034-09-06,False,True,False,False
106,84591.0,2034-09-07,False,False,False,True
106,34852.0,2034-09-08,False,True,False,False
102,85747.0,2034-09-09,False,True,False,False
103,36713.0,2034-09-10,False,True,False,False
106,33183.0,2034-09-11,False,False,False,False
108,61354.0,2034-09-12,True,False,False,False
101,88829.0,2034-09-13,False,False,False,True
101,38032.0,2034-09-14,False,False,True,False
102,44275.0,2034-09-15,False,False,False,False
106,48793.0,2034-09-16,False,False,False,True
109,67066.0,2034-09-17,False,False,False,True
104,48918.0,2034-09-18,False,False,True,False
103,35599.0,2034-09-19,False,False,False,True
108,62771.0,2034-09-20,True,False,False,False
109,43440.0,2034-09-21,False,False,True,False
105,41289.0,2034-09-22,False,False,False,True
109,73808.0,2034-09-23,False,False,False,True
102,76032.0,2034-09-24,False,False,True,False
103,79178.0,2034-09-25,False,False,False,False
107,35161.0,2034-09-26,False,False,True,False
107,30964.0,2034-09-27,False,False,True,False
106,45942.0,2034-09-28,False,False,False,True
106,85359.0,2034-09-29,False,False,True,False
102,82248.0,2034-09-30,False,True,False,False
106,79223.0,2034-10-01,False,False,False,True
104,68369.0,2034-10-02,False,False,False,False
103,44184.0,2034-10-03,False,False,False,True
102,32947.0,2034-10-04,False,False,False,False
101,73275.0,2034-10-05,False,False,False,False
105,74857.0,2034-10-06,False,False,False,True
102,36238.0,2034-10-07,False,False,True,False
102,83642.0,2034-10-08,True,False,False,False
107,43156.0,2034-10-09,False,False,False,True
108,32411.0,2034-10-10,False,False,False,True
108,45674.0,2034-10-11,False,False,True,False
104,38308.0,2034-10-12,False,False,True,False
101,73171.0,2034-10-13,False,False,False,True
107,32924.0,2034-10-14,False,True,False,False
101,65605.0,2034-10-15,False,False,True,False
104,30576.0,2034-10-16,True,False,False,False
108,44641.0,2034-10-17,False,True,False,False
102,38963.0,2034-10-18,False,False,False,False
106,54291.0,2034-10-19,False,False,False,False
106,71159.0,2034-10-20,False,False,True,False
109,62728.0,2034-10-21,False,False,False,True
105,80907.0,2034-10-22,False,False,False,False
104,71139.0,2034-10-23,False,True,False,False
105,48789.0,2034-10-24,False,False,False,True
105,69651.0,2034-10-25,False,False,True,False
108,87315.0,2034-10-26,True,False,False,False
108,57899.0,2034-10-27,True,False,False,False
102,45658.0,2034-10-28,False,False,False,False
107,68907.0,2034-10-29,False,False,False,True
108,44184.0,2034-10-30,False,True,False,False
106,61747.0,2034-10-31,False,False,True,False
105,42965.0,2034-11-01,False,False,False,True
109,40493.0,2034-11-02,False,False,False,True
103,82140.0,2034-11-03,False,False,False,False
104,84936.0,2034-11-04,False,False,True,False
109,56178.0,2034-11-05,False,False,True,False
106,63887.0,2034-11-06,False,False,False,False
108,32214.0,2034-11-07,False,False,False,False
107,38000.0,2034-11-08,False,False,False,True
102,38065.0,2034-11-09,False,False,False,True
103,72871.0,2034-11-10,False,False,True,False
101,82053.0,2034-11-11,True,False,False,False
109,31085.0,2034-11-12,False,False,False,True
107,79325.0,2034-11-13,False,True,False,False
101,76332.0,2034-11-14,False,False,False,False
103,33532.0,2034-11-15,False,False,False,True
104,47622.0,2034-11-16,False,True,False,False
104,34834.0,2034-11-17,False,True,False,False
105,50197.0,2034-11-18,False,False,False,True
103,42008.0,2034-11-19,True,False,False,False
103,42962.0,2034-11-20,False,False,True,False
101,77229.0,2034-11-21,False,True,False,False
107,86236.0,2034-11-22,False,False,False,False
101,77356.0,2034-11-23,False,False,False,True
102,38012.0,2034-11-24,False,False,False,False
104,81125.0,2034-11-25,False,False,True,False
104,50166.0,2034-11-26,False,False,False,False
105,48628.0,2034-11-27,False,False,True,False
102,39849.0,2034-11-28,False,False,False,False
104,71372.0,2034-11-29,True,False,False,False
101,43767.0,2034-11-30,False,False,False,False
102,45111.0,2034-12-01,False,False,True,False
101,69989.0,2034-12-02,False,False,False,True
104,70582.0,2034-12-03,True,False,False,False
104,74370.0,2034-12-04,False,False,True,False
107,75052.0,2034-12-05,False,True,False,False
109,80534.0,2034-12-06,False,False,False,True
109,78278.0,2034-12-07,False,True,False,False
105,63891.0,2034-12-08,False,False,False,True
101,75289.0,2034-12-09,False,True,False,False
101,51565.0,2034-12-10,False,False,False,True
106,83164.0,2034-12-11,False,False,True,False
102,65011.0,2034-12-12,False,False,False,True
108,32589.0,2034-12-13,False,False,True,False
109,72738.0,2034-12-14,False,False,False,False
104,80281.0,2034-12-15,False,False,False,True
105,77398.0,2034-12-16,False,False,False,True
108,87988.0,2034-12-17,False,False,False,False
103,74482.0,2034-12-18,False,True,False,False
105,39749.0,2034-12-19,True,False,False,False
103,52683.0,2034-12-20,False,False,False,True
103,34501.0,2034-12-21,False,False,True,False
103,53423.0,2034-12-22,False,False,True,False
107,49157.0,2034-12-23,False,False,False,True
107,49169.0,2034-12-24,False,False,True,False
107,53324.0,2034-12-25,False,False,True,False
108,31706.0,2034-12-26,True,False,False,False
105,81753.0,2034-12-27,False,False,False,True
105,58219.0,2034-12-28,True,False,False,False
104,71334.0,2034-12-29,False,False,False,False
107,31612.0,2034-12-30,False,False,True,False
104,46838.0,2034-12-31,False,False,False,False
102,67065.0,2035-01-01,False,True,False,False
104,60427.0,2035-01-02,False,True,False,False
108,80627.0,2035-01-03,True,False,False,False
109,45546.0,2035-01-04,False,False,False,False
103,78735.0,2035-01-05,False,False,False,True
107,39045.0,2035-01-06,False,True,False,False
109,55299.0,2035-01-07,False,False,False,False
104,31391.0,2035-01-08,False,True,False,False
103,73347.0,2035-01-09,False,False,False,True
105,71221.0,2035-01-10,False,False,False,True
101,70776.0,2035-01-11,False,False,False,False
103,62667.0,2035-01-12,False,False,False,False
108,45948.0,2035-01-13,False,False,False,True
108,55118.0,2035-01-14,False,False,True,False
104,87894.0,2035-01-15,False,False,False,True
102,68193.0,2035-01-16,False,False,False,True
108,44157.0,2035-01-17,False,True,False,False
108,47021.0,2035-01-18,False,False,False,True
104,38356.0,2035-01-19,False,True,False,False
103,65573.0,2035-01-20,False,True,False,False
102,87964.0,2035-01-21,True,False,False,False
109,78215.0,2035-01-22,True,False,False,False
101,31223.0,2035-01-23,False,False,False,False
107,66110.0,2035-01-24,False,False,True,False
105,54626.0,2035-01-25,False,True,False,False
108,79640.0,2035-01-26,False,False,False,True
104,60917.0,2035-01-27,False,True,False,False
107,51526.0,2035-01-28,True,False,False,False
105,38856.0,2035-01-29,False,True,False,False
105,80398.0,2035-01-30,False,False,True,False
109,68829.0,2035-01-31,False,False,False,False
109,43532.0,2035-02-01,False,True,False,False
109,81862.0,2035-02-02,True,False,False,False
106,50745.0,2035-02-03,False,True,False,False
106,50336.0,2035-02-04,False,False,True,False
105,60796.0,2035-02-05,True,False,False,False
109,57167.0,2035-02-06,False,False,False,True
108,30880.0,2035-02-07,False,False,False,True
107,46818.0,2035-02-08,False,True,False,False
107,68892.0,2035-02-09,True,False,False,False
106,54488.0,2035-02-10,False,False,False,True
105,67952.0,2035-02-11,False,False,False,False
104,48368.0,2035-02-12,False,False,False,True
103,59028.0,2035-02-13,False,False,False,True
103,43223.0,2035-02-14,False,False,False,True
106,61395.0,2035-02-15,True,False,False,False
104,60261.0,2035-02-16,False,False,False,True
106,89966.0,2035-02-17,False,False,False,False
103,39984.0,2035-02-18,True,False,False,False
104,32798.0,2035-02-19,False,False,False,False
109,37603.0,2035-02-20,False,True,False,False
105,76051.0,2035-02-21,False,True,False,False
107,41704.0,2035-02-22,False,False,True,False
102,76088.0,2035-02-23,True,False,False,False
105,64261.0,2035-02-24,False,False,False,False
109,81831.0,2035-02-25,False,True,False,False
103,45707.0,2035-02-26,False,False,True,False
109,48009.0,2035-02-27,False,False,False,True
106,89763.0,2035-02-28,False,True,False,False
104,82169.0,2035-03-01,False,True,False,False
107,48231.0,2035-03-02,False,False,True,False
108,33246.0,2035-03-03,False,False,True,False
106,88882.0,2035-03-04,True,False,False,False
105,59825.0,2035-03-05,False,False,False,True
106,45925.0,2035-03-06,True,False,False,False
105,31316.0,2035-03-07,False,False,False,True
108,89063.0,2035-03-08,True,False,False,False
101,48334.0,2035-03-09,True,False,False,False
107,61072.0,2035-03-10,False,False,False,True
102,79375.0,2035-03-11,False,False,False,True
109,32026.0,2035-03-12,False,False,False,False
101,31547.0,2035-03-13,False,False,True,False
106,45289.0,2035-03-14,False,False,False,True
109,66546.0,2035-03-15,False,False,False,True
101,78886.0,2035-03-16,False,False,True,False
104,69279.0,2035-03-17,False,False,False,False
104,52169.0,2035-03-18,True,False,False,False
109,70525.0,2035-03-19,False,False,True,False
105,50107.0,2035-03-20,False,False,False,True
105,64291.0,2035-03-21,False,False,False,True
106,57279.0,2035-03-22,True,False,False,False
101,48356.0,2035-03-23,False,False,False,False
101,75488.0,2035-03-24,False,False,False,False
109,60043.0,2035-03-25,False,False,False,True
103,76342.0,2035-03-26,False,False,False,True
104,59966.0,2035-03-27,False,False,False,True
101,83756.0,2035-03-28,False,False,False,True
109,42795.0,2035-03-29,False,False,False,True
108,47000.0,2035-03-30,False,False,False,False
102,50899.0,2035-03-31,False,False,False,True
108,51575.0,2035-04-01,False,False,True,False
107,52158.0,2035-04-02,False,False,False,True
106,78630.0,2035-04-03,False,False,False,False
101,49005.0,2035-04-04,True,False,False,False
107,75201.0,2035-04-05,False,True,False,False
107,48477.0,2035-04-06,False,False,True,False
109,89108.0,2035-04-07,False,False,True,False
101,49560.0,2035-04-08,False,False,True,False
102,55708.0,2035-04-09,False,False,False,True
109,70252.0,2035-04-10,False,False,False,False
109,75176.0,2035-04-11,False,True,False,False
106,49954.0,2035-04-12,False,False,False,True
106,80218.0,2035-04-13,False,False,False,False
104,60635.0,2035-04-14,False,False,False,True
104,48530.0,2035-04-15,False,False,True,False
105,30705.0,2035-04-16,False,False,False,True
103,81510.0,2035-04-17,False,False,True,False
101,76293.0,2035-04-18,False,True,False,False
101,82686.0,2035-04-19,True,False,False,False
107,66580.0,2035-04-20,False,True,False,False
101,57046.0,2035-04-21,False,False,False,True
101,74420.0,2035-04-22,False,False,False,False
103,50152.0,2035-04-23,True,False,False,False
104,61855.0,2035-04-24,True,False,False,False
104,89278.0,2035-04-25,False,True,False,False
102,85130.0,2035-04-26,False,True,False,False
101,32319.0,2035-04-27,False,True,False,False
103,38163.0,2035-04-28,False,True,False,False
104,51605.0,2035-04-29,False,True,False,False
103,30209.0,2035-04-30,True,False,False,False
108,34834.0,2035-05-01,False,False,True,False
101,61512.0,2035-05-02,False,False,False,False
102,81959.0,2035-05-03,True,False,False,False
107,42446.0,2035-05-04,False,False,False,True
104,33962.0,2035-05-05,False,False,False,True
108,43028.0,2035-05-06,False,False,False,True
103,89297.0,2035-05-07,False,False,True,False
106,81542.0,2035-05-08,False,False,False,True
109,51903.0,2035-05-09,False,False,True,False
101,41717.0,2035-05-10,False,True,False,False
101,67562.0,2035-05-11,True,False,False,False
108,60545.0,2035-05-12,False,True,False,False
103,78997.0,2035-05-13,False,True,False,False
105,65212.0,2035-05-14,False,True,False,False
101,73543.0,2035-05-15,False,False,False,True
105,71100.0,2035-05-16,False,False,False,True
106,87635.0,2035-05-17,False,False,False,True
108,82016.0,2035-05-18,False,False,False,False
103,83329.0,2035-05-19,False,False,False,True
103,65375.0,2035-05-20,False,False,False,False
109,50320.0,2035-05-21,False,False,False,True
104,49301.0,2035-05-22,False,False,False,False
104,81370.0,2035-05-23,False,False,True,False
107,48181.0,2035-05-24,False,False,False,False
102,39168.0,2035-05-25,False,False,True,False
108,87923.0,2035-05-26,False,False,False,False
106,32573.0,2035-05-27,False,False,False,True
103,48973.0,2035-05-28,False,False,False,True
109,66051.0,2035-05-29,False,True,False,False
105,72759.0,2035-05-30,False,False,False,False
108,80613.0,2035-05-31,False,True,False,False
107,50801.0,2035-06-01,False,False,True,False
108,58644.0,2035-06-02,False,False,False,False
107,57523.0,2035-06-03,False,False,True,False
103,63481.0,2035-06-04,False,False,False,True
102,48807.0,2035-06-05,False,False,True,False
107,86372.0,2035-06-06,False,False,False,True
103,31890.0,2035-06-07,False,False,False,False
103,59431.0,2035-06-08,False,True,False,False
102,35375.0,2035-06-09,False,False,False,True
104,61305.0,2035-06-10,False,False,True,False
108,45579.0,2035-06-11,False,False,True,False
101,39870.0,2035-06-12,True,False,False,False
101,48531.0,2035-06-13,True,False,False,False
105,39109.0,2035-06-14,False,True,False,False
105,56842.0,2035-06-15,True,False,False,False
101,40716.0,2035-06-16,False,True,False,False
106,48190.0,2035-06-17,False,False,False,True
101,78585.0,2035-06-18,False,False,False,False
105,66819.0,2035-06-19,False,False,False,False
109,62433.0,2035-06-20,False,True,False,False
105,71519.0,2035-06-21,False,False,True,False
106,55204.0,2035-06-22,False,False,True,False
108,76408.0,2035-06-23,True,False,False,False
101,72871.0,2035-06-24,False,False,False,False
102,66530.0,2035-06-25,False,False,False,True
109,74511.0,2035-06-26,False,True,False,False
103,56384.0,2035-06-27,True,False,False,False
106,89730.0,2035-06-28,False,True,False,False
105,40087.0,2035-06-29,False,False,False,True
102,42122.0,2035-06-30,False,False,False,False
107,60898.0,2035-07-01,True,False,False,False
104,45841.0,2035-07-02,False,True,False,False
101,55582.0,2035-07-03,False,False,False,True
104,87392.0,2035-07-04,False,False,False,False
106,40042.0,2035-07-05,False,False,False,False
107,56505.0,2035-07-06,True,False,False,False
107,53294.0,2035-07-07,False,False,False,True
107,36173.0,2035-07-08,False,False,False,False
103,48516.0,2035-07-09,False,True,False,False
106,36932.0,2035-07-10,False,True,False,False
108,47909.0,2035-07-11,False,False,False,False
104,60241.0,2035-07-12,True,False,False,False
108,46712.0,2035-07-13,False,True,False,False
102,32657.0,2035-07-14,False,True,False,False
109,59105.0,2035-07-15,False,False,False,False
109,71547.0,2035-07-16,False,False,False,True
108,60382.0,2035-07-17,False,False,False,True
101,52356.0,2035-07-18,False,False,False,False
102,84520.0,2035-07-19,False,True,False,False
106,85123.0,2035-07-20,False,True,False,False
105,49589.0,2035-07-21,False,False,True,False
109,69601.0,2035-07-22,True,False,False,False
105,85293.0,2035-07-23,True,False,False,False
102,53916.0,2035-07-24,False,False,False,False
104,70675.0,2035-07-25,True,False,False,False
109,64366.0,2035-07-26,False,False,False,True
101,33851.0,2035-07-27,True,False,False,False
101,57048.0,2035-07-28,False,False,False,True
107,37582.0,2035-07-29,False,False,False,False
103,73777.0,2035-07-30,False,False,False,False
102,70591.0,2035-07-31,False,False,False,False
109,34607.0,2035-08-01,False,False,False,False
103,88752.0,2035-08-02,False,False,True,False
102,35507.0,2035-08-03,True,False,False,False
108,35934.0,2035-08-04,False,True,False,False
106,71971.0,2035-08-05,False,True,False,False
106,51952.0,2035-08-06,False,False,False,False
107,34659.0,2035-08-07,False,True,False,False
107,59431.0,2035-08-08,False,False,False,True
106,36242.0,2035-08-09,False,False,False,True
104,58620.0,2035-08-10,False,False,False,True
109,55905.0,2035-08-11,False,False,False,True
106,40796.0,2035-08-12,False,False,False,True
104,77145.0,2035-08-13,False,False,False,True
103,69379.0,2035-08-14,False,True,False,False
104,77543.0,2035-08-15,False,False,False,False
103,69480.0,2035-08-16,False,True,False,False
102,81175.0,2035-08-17,True,False,False,False
105,85328.0,2035-08-18,False,True,False,False
102,67275.0,2035-08-19,False,False,False,False
106,43937.0,2035-08-20,False,False,True,False
103,61531.0,2035-08-21,False,True,False,False
106,49569.0,2035-08-22,False,False,False,False
109,42343.0,2035-08-23,False,False,False,False
101,86875.0,2035-08-24,False,False,True,False
106,76803.0,2035-08-25,False,False,False,False
109,89937.0,2035-08-26,False,False,False,False
104,41533.0,2035-08-27,False,False,True,False
102,79347.0,2035-08-28,False,False,False,False
104,61132.0,2035-08-29,False,False,False,True
101,61356.0,2035-08-30,False,True,False,False
103,45438.0,2035-08-31,True,False,False,False
109,56366.0,2035-09-01,False,False,True,False
105,43968.0,2035-09-02,False,False,False,True
106,47490.0,2035-09-03,False,False,False,True
103,49173.0,2035-09-04,False,False,True,False
105,40376.0,2035-09-05,True,False,False,False
108,55114.0,2035-09-06,False,False,True,False
106,51168.0,2035-09-07,False,False,False,False
104,30718.0,2035-09-08,False,False,False,False
102,69844.0,2035-09-09,False,False,False,True
109,66763.0,2035-09-10,False,False,False,True
101,30305.0,2035-09-11,False,False,True,False
101,51814.0,2035-09-12,False,False,False,False
104,71347.0,2035-09-13,False,False,False,True
107,71684.0,2035-09-14,False,False,False,True
101,60711.0,2035-09-15,False,False,True,False
109,44177.0,2035-09-16,True,False,False,False
104,75970.0,2035-09-17,False,False,False,False
103,54570.0,2035-09-18,False,False,False,False
101,65364.0,2035-09-19,False,False,False,False
104,77609.0,2035-09-20,False,True,False,False
109,48819.0,2035-09-21,False,False,False,False
106,89684.0,2035-09-22,False,False,True,False
106,87522.0,2035-09-23,False,False,False,True
101,61391.0,2035-09-24,False,False,False,True
102,45788.0,2035-09-25,False,True,False,False
106,81055.0,2035-09-26,False,False,False,False
102,78651.0,2035-09-27,False,True,False,False
103,39896.0,2035-09-28,False,False,False,False
104,82535.0,2035-09-29,False,False,False,False
105,50559.0,2035-09-30,False,False,True,False
109,53565.0,2035-10-01,False,False,False,False
104,50926.0,2035-10-02,False,False,False,True
109,43376.0,2035-10-03,False,False,False,False
103,51875.0,2035-10-04,True,False,False,False
108,77606.0,2035-10-05,False,True,False,False
101,42857.0,2035-10-06,True,False,False,False
109,87439.0,2035-10-07,False,False,False,True
109,31283.0,2035-10-08,False,False,False,True
102,44920.0,2035-10-09,True,False,False,False
104,30247.0,2035-10-10,False,False,True,False
108,60846.0,2035-10-11,False,False,False,False
107,36642.0,2035-10-12,True,False,False,False
101,47365.0,2035-10-13,False,False,False,True
105,67131.0,2035-10-14,False,False,False,True
107,76719.0,2035-10-15,True,False,False,False
104,47949.0,2035-10-16,True,False,False,False
101,81293.0,2035-10-17,False,False,False,True
109,63503.0,2035-10-18,False,False,False,True
105,40851.0,2035-10-19,False,False,False,False
102,44406.0,2035-10-20,False,False,False,True
108,44928.0,2035-10-21,False,True,False,False
102,46832.0,2035-10-22,False,False,False,False
103,37534.0,2035-10-23,False,False,False,True
101,31835.0,2035-10-24,False,False,False,True
102,34715.0,2035-10-25,False,False,False,True
107,63381.0,2035-10-26,False,False,False,True
102,88777.0,2035-10-27,False,False,False,True
106,52618.0,2035-10-28,False,False,True,False
103,84780.0,2035-10-29,False,True,False,False
104,30876.0,2035-10-30,False,False,True,False
108,73535.0,2035-10-31,True,False,False,False
103,39325.0,2035-11-01,False,False,True,False
106,59446.0,2035-11-02,False,False,False,True
101,63439.0,2035-11-03,False,False,False,False
107,31630.0,2035-11-04,False,False,True,False
108,86591.0,2035-11-05,False,False,False,True
108,63128.0,2035-11-06,False,False,False,True
103,44713.0,2035-11-07,False,False,True,False
101,86525.0,2035-11-08,False,False,False,True
109,40584.0,2035-11-09,False,False,False,True
106,33901.0,2035-11-10,False,False,False,True
109,79949.0,2035-11-11,False,False,False,True
107,80935.0,2035-11-12,False,False,False,True
101,77558.0,2035-11-13,False,False,False,True
101,86203.0,2035-11-14,False,False,False,False
106,46450.0,2035-11-15,False,False,False,False
105,57610.0,2035-11-16,False,False,False,True
109,52061.0,2035-11-17,False,True,False,False
102,45314.0,2035-11-18,False,False,False,False
108,32090.0,2035-11-19,False,False,True,False
105,56852.0,2035-11-20,False,True,False,False
102,52454.0,2035-11-21,False,False,True,False
106,85084.0,2035-11-22,True,False,False,False
108,41707.0,2035-11-23,True,False,False,False
104,87577.0,2035-11-24,True,False,False,False
102,88566.0,2035-11-25,False,False,False,True
105,89888.0,2035-11-26,False,False,False,False
102,61567.0,2035-11-27,False,False,True,False
102,63823.0,2035-11-28,False,False,False,True
106,62007.0,2035-11-29,False,False,False,False
109,69024.0,2035-11-30,False,True,False,False
104,44141.0,2035-12-01,True,False,False,False
106,42746.0,2035-12-02,False,False,False,False
107,33347.0,2035-12-03,False,False,False,False
106,39361.0,2035-12-04,False,True,False,False
108,76436.0,2035-12-05,False,False,False,True
104,34101.0,2035-12-06,False,False,False,True
101,70275.0,2035-12-07,True,False,False,False
107,78095.0,2035-12-08,False,False,False,False
103,71453.0,2035-12-09,False,False,True,False
106,65947.0,2035-12-10,False,False,False,True
102,62668.0,2035-12-11,False,False,True,False
109,74803.0,2035-12-12,False,False,False,True
101,85366.0,2035-12-13,False,False,False,False
106,59610.0,2035-12-14,True,False,False,False
106,47747.0,2035-12-15,False,False,True,False
105,45009.0,2035-12-16,True,False,False,False
105,53651.0,2035-12-17,False,False,True,False
101,74358.0,2035-12-18,False,False,False,True
105,31056.0,2035-12-19,False,False,False,True
102,62910.0,2035-12-20,False,True,False,False
107,41507.0,2035-12-21,True,False,False,False
103,51215.0,2035-12-22,False,False,False,False
104,57349.0,2035-12-23,False,False,False,False
103,86951.0,2035-12-24,False,False,False,True
103,60375.0,2035-12-25,False,False,False,False
104,40076.0,2035-12-26,False,True,False,False
105,81416.0,2035-12-27,False,False,False,True
101,81076.0,2035-12-28,False,True,False,False
104,75005.0,2035-12-29,False,False,False,False
108,65249.0,2035-12-30,False,True,False,False
107,40082.0,2035-12-31,False,True,False,False
109,86129.0,2036-01-01,False,True,False,False
105,70664.0,2036-01-02,False,False,False,True
104,49509.0,2036-01-03,False,False,True,False
108,88285.0,2036-01-04,False,False,False,True
109,88959.0,2036-01-05,False,True,False,False
107,37050.0,2036-01-06,True,False,False,False
107,68779.0,2036-01-07,True,False,False,False
105,89312.0,2036-01-08,False,False,False,False
104,78098.0,2036-01-09,True,False,False,False
101,41414.0,2036-01-10,False,False,False,True
107,66918.0,2036-01-11,False,False,False,False
101,45876.0,2036-01-12,False,False,False,True
101,88815.0,2036-01-13,False,True,False,False
105,88402.0,2036-01-14,True,False,False,False
109,37004.0,2036-01-15,False,False,False,False
106,39198.0,2036-01-16,False,False,False,True
103,57766.0,2036-01-17,False,False,False,False
103,63988.0,2036-01-18,False,False,True,False
107,67429.0,2036-01-19,False,False,True,False
106,67634.0,2036-01-20,True,False,False,False
109,31797.0,2036-01-21,False,False,False,False
106,68742.0,2036-01-22,False,False,False,False
105,43165.0,2036-01-23,False,False,False,True
107,49255.0,2036-01-24,False,True,False,False
101,87857.0,2036-01-25,False,False,False,True
107,80769.0,2036-01-26,False,False,False,False
103,69773.0,2036-01-27,False,False,False,False
109,85223.0,2036-01-28,False,False,False,True
106,34612.0,2036-01-29,False,False,True,False
109,82909.0,2036-01-30,False,True,False,False
105,81184.0,2036-01-31,False,True,False,False
107,55280.0,2036-02-01,False,True,False,False
104,72633.0,2036-02-02,True,False,False,False
107,61528.0,2036-02-03,True,False,False,False
101,74659.0,2036-02-04,False,False,False,True
107,40283.0,2036-02-05,False,False,False,False
108,34953.0,2036-02-06,False,False,True,False
105,50698.0,2036-02-07,False,False,False,False
102,83815.0,2036-02-08,False,False,True,False
105,89121.0,2036-02-09,True,False,False,False
106,69819.0,2036-02-10,True,False,False,False
102,75313.0,2036-02-11,False,False,False,False
106,52016.0,2036-02-12,True,False,False,False
106,43248.0,2036-02-13,False,False,False,False
101,84648.0,2036-02-14,False,True,False,False
101,47276.0,2036-02-15,False,True,False,False
103,61008.0,2036-02-16,False,False,False,False
103,62213.0,2036-02-17,False,False,False,False
104,47355.0,2036-02-18,False,True,False,False
102,46486.0,2036-02-19,False,False,False,True
109,45139.0,2036-02-20,False,False,False,True
107,78276.0,2036-02-21,False,False,False,False
107,88451.0,2036-02-22,False,False,False,True
106,85203.0,2036-02-23,False,True,False,False
103,51529.0,2036-02-24,False,True,False,False
106,66014.0,2036-02-25,False,True,False,False
108,85006.0,2036-02-26,False,False,True,False
108,50096.0,2036-02-27,False,False,False,True
109,60117.0,2036-02-28,True,False,False,False
101,76733.0,2036-02-29,False,False,False,False
101,33417.0,2036-03-01,False,False,False,True
103,36445.0,2036-03-02,False,False,False,True
103,35417.0,2036-03-03,False,True,False,False
108,45494.0,2036-03-04,False,True,False,False
101,76134.0,2036-03-05,False,False,False,True
102,83303.0,2036-03-06,True,False,False,False
102,43302.0,2036-03-07,False,True,False,False
103,85669.0,2036-03-08,False,False,False,True
106,66427.0,2036-03-09,False,False,True,False
101,88263.0,2036-03-10,False,False,False,False
102,70274.0,2036-03-11,False,True,False,False
101,83704.0,2036-03-12,False,True,False,False
105,62098.0,2036-03-13,False,True,False,False
107,58803.0,2036-03-14,False,False,False,True
108,59164.0,2036-03-15,False,False,True,False
101,68441.0,2036-03-16,False,False,True,False
107,64925.0,2036-03-17,False,False,False,True
105,79733.0,2036-03-18,False,False,False,False
101,63563.0,2036-03-19,False,False,False,True
103,41389.0,2036-03-20,False,False,False,False
107,81035.0,2036-03-21,True,False,False,False
101,74327.0,2036-03-22,False,False,True,False
107,43490.0,2036-03-23,False,False,False,False
105,36044.0,2036-03-24,False,False,False,False
101,71769.0,2036-03-25,False,False,False,True
101,57509.0,2036-03-26,False,True,False,False
101,57844.0,2036-03-27,False,False,True,False
109,51604.0,2036-03-28,False,True,False,False
103,57560.0,2036-03-29,False,False,False,False
105,30572.0,2036-03-30,False,False,False,True
109,31206.0,2036-03-31,True,False,False,False
106,79051.0,2036-04-01,False,False,False,False
109,43096.0,2036-04-02,False,False,False,True
108,59550.0,2036-04-03,False,False,True,False
108,82232.0,2036-04-04,True,False,False,False
101,65228.0,2036-04-05,True,False,False,False
109,89085.0,2036-04-06,False,True,False,False
106,50389.0,2036-04-07,False,False,True,False
109,67693.0,2036-04-08,False,True,False,False
103,48997.0,2036-04-09,False,False,False,True
103,64483.0,2036-04-10,False,True,False,False
106,77207.0,2036-04-11,False,False,False,False
109,51629.0,2036-04-12,False,False,True,False
107,64337.0,2036-04-13,False,False,False,True
103,47060.0,2036-04-14,False,False,False,True
103,76000.0,2036-04-15,False,False,True,False
102,72793.0,2036-04-16,True,False,False,False
109,44605.0,2036-04-17,False,False,True,False
103,65281.0,2036-04-18,False,False,False,True
105,71760.0,2036-04-19,True,False,False,False
109,39333.0,2036-04-20,False,False,False,True
108,78993.0,2036-04-21,False,False,False,True
102,59787.0,2036-04-22,False,False,False,False
103,43923.0,2036-04-23,True,False,False,False
102,82204.0,2036-04-24,False,True,False,False
108,64799.0,2036-04-25,False,False,False,True
106,80660.0,2036-04-26,False,True,False,False
106,72070.0,2036-04-27,False,False,False,True
109,34329.0,2036-04-28,False,False,False,True
108,80064.0,2036-04-29,True,False,False,False
104,84395.0,2036-04-30,False,True,False,False
104,35322.0,2036-05-01,False,False,True,False
109,63823.0,2036-05-02,False,True,False,False
101,61076.0,2036-05-03,False,False,False,True
102,86782.0,2036-05-04,False,False,True,False
102,69875.0,2036-05-05,True,False,False,False
106,68438.0,2036-05-06,False,False,False,False
104,75149.0,2036-05-07,False,True,False,False
103,43833.0,2036-05-08,True,False,False,False
103,48134.0,2036-05-09,False,False,False,False
103,37575.0,2036-05-10,False,False,False,True
106,41363.0,2036-05-11,True,False,False,False
108,52771.0,2036-05-12,False,False,False,False
107,58729.0,2036-05-13,False,True,False,False
104,65780.0,2036-05-14,False,False,False,True
104,49812.0,2036-05-15,False,False,True,False
102,74522.0,2036-05-16,False,True,False,False
101,52847.0,2036-05-17,False,False,False,False
109,35138.0,2036-05-18,False,True,False,False
102,54932.0,2036-05-19,False,False,True,False
108,85412.0,2036-05-20,True,False,False,False
109,51639.0,2036-05-21,False,True,False,False
104,78966.0,2036-05-22,False,True,False,False
108,67159.0,2036-05-23,False,True,False,False
109,75580.0,2036-05-24,False,False,False,False
105,76180.0,2036-05-25,True,False,False,False
107,86699.0,2036-05-26,False,True,False,False
104,70090.0,2036-05-27,False,False,False,True
101,72577.0,2036-05-28,False,False,False,True
103,56199.0,2036-05-29,False,False,False,True
105,67992.0,2036-05-30,False,False,False,True
103,56241.0,2036-05-31,False,False,False,False
107,37951.0,2036-06-01,True,False,False,False
109,43837.0,2036-06-02,False,False,False,True
106,74159.0,2036-06-03,False,False,False,True
101,42688.0,2036-06-04,False,False,False,False
107,39787.0,2036-06-05,True,False,False,False
103,64757.0,2036-06-06,False,False,False,True
105,55104.0,2036-06-07,False,True,False,False
104,32604.0,2036-06-08,False,True,False,False
105,61269.0,2036-06-09,False,True,False,False
105,81559.0,2036-06-10,False,False,False,False
106,30063.0,2036-06-11,False,False,True,False
106,42152.0,2036-06-12,False,False,False,True
108,49196.0,2036-06-13,False,False,False,False
108,73781.0,2036-06-14,False,False,False,False
109,66795.0,2036-06-15,False,True,False,False
108,44959.0,2036-06-16,False,False,False,True
102,62869.0,2036-06-17,False,True,False,False
101,61280.0,2036-06-18,False,True,False,False
102,57924.0,2036-06-19,False,False,True,False
102,74258.0,2036-06-20,False,False,True,False
103,57467.0,2036-06-21,False,False,True,False
107,46056.0,2036-06-22,True,False,False,False
102,33135.0,2036-06-23,False,False,True,False
101,47564.0,2036-06-24,True,False,False,False
106,68277.0,2036-06-25,True,False,False,False
109,57462.0,2036-06-26,True,False,False,False
103,86682.0,2036-06-27,False,False,False,False
106,32728.0,2036-06-28,False,False,False,True
103,37631.0,2036-06-29,True,False,False,False
101,40884.0,2036-06-30,False,False,False,True
105,54974.0,2036-07-01,False,False,False,False
104,79556.0,2036-07-02,False,False,False,False
107,65641.0,2036-07-03,False,False,False,True
106,78259.0,2036-07-04,False,False,False,True
107,66036.0,2036-07-05,False,False,False,True
105,49078.0,2036-07-06,False,False,False,True
104,40274.0,2036-07-07,False,True,False,False
107,48851.0,2036-07-08,False,False,True,False
107,78526.0,2036-07-09,False,False,False,False
106,83467.0,2036-07-10,True,False,False,False
108,81073.0,2036-07-11,False,False,True,False
104,33959.0,2036-07-12,False,False,False,True
105,53224.0,2036-07-13,False,True,False,False
104,88884.0,2036-07-14,False,True,False,False
101,43894.0,2036-07-15,True,False,False,False
108,56965.0,2036-07-16,True,False,False,False
101,67616.0,2036-07-17,False,False,False,True
105,60558.0,2036-07-18,False,True,False,False
106,89807.0,2036-07-19,False,True,False,False
106,86775.0,2036-07-20,True,False,False,False
105,82520.0,2036-07-21,False,True,False,False
103,73945.0,2036-07-22,False,True,False,False
105,45690.0,2036-07-23,False,False,False,True
108,87024.0,2036-07-24,True,False,False,False
102,63447.0,2036-07-25,True,False,False,False
106,86658.0,2036-07-26,False,False,False,False
109,47131.0,2036-07-27,True,False,False,False
108,57429.0,2036-07-28,False,False,False,False
108,47705.0,2036-07-29,False,False,False,True
108,87079.0,2036-07-30,False,True,False,False
107,82900.0,2036-07-31,True,False,False,False
108,78710.0,2036-08-01,False,False,False,False
106,52246.0,2036-08-02,False,True,False,False
102,75110.0,2036-08-03,True,False,False,False
102,34789.0,2036-08-04,False,False,False,True
108,30533.0,2036-08-05,False,False,False,True
101,80970.0,2036-08-06,False,False,False,True
106,58776.0,2036-08-07,False,False,False,True
106,78302.0,2036-08-08,False,False,False,False
104,48725.0,2036-08-09,False,False,False,False
103,36694.0,2036-08-10,True,False,False,False
103,35006.0,2036-08-11,False,False,True,False
101,56998.0,2036-08-12,False,True,False,False
103,67313.0,2036-08-13,False,False,False,False
104,72428.0,2036-08-14,False,False,True,False
105,86379.0,2036-08-15,False,True,False,False
103,60087.0,2036-08-16,False,False,False,False
106,67675.0,2036-08-17,False,False,True,False
105,54362.0,2036-08-18,True,False,False,False
103,34485.0,2036-08-19,False,True,False,False
106,31235.0,2036-08-20,False,False,False,True
106,73674.0,2036-08-21,False,False,False,False
108,72668.0,2036-08-22,False,False,False,True
102,78662.0,2036-08-23,False,True,False,False
101,61983.0,2036-08-24,False,False,False,True
104,54039.0,2036-08-25,False,False,False,True
107,60416.0,2036-08-26,False,False,False,True
103,31145.0,2036-08-27,False,False,False,False
103,53804.0,2036-08-28,True,False,False,False
105,77244.0,2036-08-29,False,False,False,True
105,31475.0,2036-08-30,False,False,False,True
103,82073.0,2036-08-31,False,False,True,False
109,40047.0,2036-09-01,False,False,False,True
104,42156.0,2036-09-02,False,False,False,True
103,60421.0,2036-09-03,False,True,False,False
102,57955.0,2036-09-04,False,False,True,False
109,52063.0,2036-09-05,True,False,False,False
104,78444.0,2036-09-06,False,True,False,False
103,86848.0,2036-09-07,False,False,False,True
107,51799.0,2036-09-08,False,True,False,False
108,51322.0,2036-09-09,True,False,False,False
102,64372.0,2036-09-10,False,False,False,False
107,44932.0,2036-09-11,False,False,False,False
105,76361.0,2036-09-12,False,False,False,True
105,74239.0,2036-09-13,True,False,False,False
103,67815.0,2036-09-14,False,False,False,True
105,87895.0,2036-09-15,False,False,False,False
102,72964.0,2036-09-16,False,False,False,False
104,70943.0,2036-09-17,False,False,False,True
106,54003.0,2036-09-18,False,False,True,False
101,52501.0,2036-09-19,False,False,False,True
104,87081.0,2036-09-20,False,False,True,False
106,61092.0,2036-09-21,False,False,False,False
109,44983.0,2036-09-22,False,False,False,True
102,59768.0,2036-09-23,False,True,False,False
107,64604.0,2036-09-24,False,False,False,False
106,52288.0,2036-09-25,False,False,False,False
102,76760.0,2036-09-26,False,False,False,False
108,36476.0,2036-09-27,False,False,True,False
107,78837.0,2036-09-28,True,False,False,False
105,62602.0,2036-09-29,False,True,False,False
105,86425.0,2036-09-30,False,False,False,True
107,72084.0,2036-10-01,False,False,False,True
109,80534.0,2036-10-02,False,False,False,False
109,39962.0,2036-10-03,False,False,False,True
109,58439.0,2036-10-04,False,True,False,False
106,33400.0,2036-10-05,True,False,False,False
106,54440.0,2036-10-06,False,False,True,False
103,76697.0,2036-10-07,False,False,False,True
101,54610.0,2036-10-08,False,False,False,True
107,81356.0,2036-10-09,False,False,True,False
104,59575.0,2036-10-10,False,True,False,False
101,49728.0,2036-10-11,False,False,True,False
108,82166.0,2036-10-12,False,False,False,True
106,59067.0,2036-10-13,True,False,False,False
106,54303.0,2036-10-14,False,False,False,False
102,75262.0,2036-10-15,False,False,True,False
101,72740.0,2036-10-16,False,False,False,False
102,31628.0,2036-10-17,False,True,False,False
104,69532.0,2036-10-18,False,False,False,False
102,39521.0,2036-10-19,False,True,False,False
101,68513.0,2036-10-20,False,False,False,True
107,72519.0,2036-10-21,False,False,False,False
108,55380.0,2036-10-22,False,False,False,False
106,89853.0,2036-10-23,False,False,False,True
104,58923.0,2036-10-24,True,False,False,False
106,64058.0,2036-10-25,False,False,False,True
103,86162.0,2036-10-26,False,False,False,True
108,58880.0,2036-10-27,False,False,False,False
102,48970.0,2036-10-28,False,False,True,False
105,68891.0,2036-10-29,False,False,True,False
101,34930.0,2036-10-30,False,False,False,True
106,65318.0,2036-10-31,False,True,False,False
102,80107.0,2036-11-01,False,False,False,True
104,71539.0,2036-11-02,False,True,False,False
106,72897.0,2036-11-03,False,False,True,False
108,59843.0,2036-11-04,False,True,False,False
108,79108.0,2036-11-05,False,True,False,False
106,62574.0,2036-11-06,False,False,False,False
104,81149.0,2036-11-07,False,False,False,False
108,69751.0,2036-11-08,True,False,False,False
108,39857.0,2036-11-09,False,False,False,False
101,53513.0,2036-11-10,False,False,False,False
104,64898.0,2036-11-11,False,False,False,False
104,53593.0,2036-11-12,False,False,True,False
107,52683.0,2036-11-13,False,False,False,True
107,66508.0,2036-11-14,False,False,False,True
108,48884.0,2036-11-15,False,False,False,True
105,88986.0,2036-11-16,False,True,False,False
107,86603.0,2036-11-17,False,False,True,False
108,35307.0,2036-11-18,False,True,False,False
109,42904.0,2036-11-19,False,False,False,True
103,69535.0,2036-11-20,False,False,False,True
103,47881.0,2036-11-21,False,False,True,False
104,59178.0,2036-11-22,False,False,True,False
105,43582.0,2036-11-23,False,False,False,False
101,87965.0,2036-11-24,True,False,False,False
107,65912.0,2036-11-25,False,False,False,True
109,72911.0,2036-11-26,False,False,False,False
108,72419.0,2036-11-27,False,False,False,True
105,38025.0,2036-11-28,False,False,False,False
104,79444.0,2036-11-29,False,False,True,False
107,71614.0,2036-11-30,False,False,False,True
105,73944.0,2036-12-01,False,False,True,False
107,49188.0,2036-12-02,False,False,False,True
101,37604.0,2036-12-03,False,False,False,False
101,69907.0,2036-12-04,False,False,False,True
103,78979.0,2036-12-05,True,False,False,False
102,57290.0,2036-12-06,True,False,False,False
102,70596.0,2036-12-07,True,False,False,False
107,36203.0,2036-12-08,False,False,False,True
102,80773.0,2036-12-09,False,False,False,True
104,37871.0,2036-12-10,True,False,False,False
102,44662.0,2036-12-11,False,False,False,False
106,66782.0,2036-12-12,False,True,False,False
108,41445.0,2036-12-13,False,True,False,False
104,41038.0,2036-12-14,False,False,False,True
105,75840.0,2036-12-15,False,False,False,False
104,75822.0,2036-12-16,False,False,True,False
103,33505.0,2036-12-17,False,False,True,False
105,71478.0,2036-12-18,False,False,False,False
109,49069.0,2036-12-19,False,True,False,False
108,44418.0,2036-12-20,False,False,False,True
108,46411.0,2036-12-21,False,False,False,True
108,63033.0,2036-12-22,True,False,False,False
108,39498.0,2036-12-23,False,True,False,False
107,77500.0,2036-12-24,False,False,False,False
108,86257.0,2036-12-25,False,False,False,True
108,86058.0,2036-12-26,True,False,False,False
108,51459.0,2036-12-27,False,False,True,False
107,52203.0,2036-12-28,True,False,False,False
101,58030.0,2036-12-29,False,False,False,True
104,79962.0,2036-12-30,False,True,False,False
104,51060.0,2036-12-31,False,False,True,False
105,49774.0,2037-01-01,True,False,False,False
106,76917.0,2037-01-02,False,False,False,False
104,63378.0,2037-01-03,False,True,False,False
102,75248.0,2037-01-04,True,False,False,False
106,89618.0,2037-01-05,False,True,False,False
108,50930.0,2037-01-06,False,True,False,False
108,43493.0,2037-01-07,False,False,False,True
107,67795.0,2037-01-08,False,False,False,False
106,43638.0,2037-01-09,False,True,False,False
102,35724.0,2037-01-10,False,True,False,False
107,30202.0,2037-01-11,True,False,False,False
105,63169.0,2037-01-12,False,False,False,False
106,32027.0,2037-01-13,False,False,False,False
108,76723.0,2037-01-14,False,False,False,False
108,44807.0,2037-01-15,False,False,False,True
103,58426.0,2037-01-16,False,True,False,False
107,71849.0,2037-01-17,False,True,False,False
101,30178.0,2037-01-18,True,False,False,False
101,35817.0,2037-01-19,False,True,False,False
107,64747.0,2037-01-20,False,False,False,False
109,37185.0,2037-01-21,False,False,False,False
107,89854.0,2037-01-22,False,False,False,True
105,33984.0,2037-01-23,False,False,True,False
108,52049.0,2037-01-24,False,False,False,True
102,51405.0,2037-01-25,False,True,False,False
109,84674.0,2037-01-26,False,False,True,False
106,40236.0,2037-01-27,False,True,False,False
109,51896.0,2037-01-28,True,False,False,False
102,65751.0,2037-01-29,True,False,False,False
103,44635.0,2037-01-30,False,True,False,False
108,38542.0,2037-01-31,True,False,False,False
101,67050.0,2037-02-01,False,True,False,False
107,74378.0,2037-02-02,False,False,False,True
107,61342.0,2037-02-03,False,False,False,True
101,84680.0,2037-02-04,False,True,False,False
109,74790.0,2037-02-05,False,True,False,False
108,37988.0,2037-02-06,False,False,False,False
104,89311.0,2037-02-07,False,False,True,False
105,62070.0,2037-02-08,False,True,False,False
102,61955.0,2037-02-09,False,False,False,True
109,42596.0,2037-02-10,False,False,True,False
106,53659.0,2037-02-11,False,True,False,False
103,40416.0,2037-02-12,False,False,False,True
107,49171.0,2037-02-13,False,False,True,False
109,83778.0,2037-02-14,False,False,False,False
103,62577.0,2037-02-15,False,False,True,False
102,85713.0,2037-02-16,False,True,False,False
107,75303.0,2037-02-17,False,False,False,True
107,52736.0,2037-02-18,False,False,False,True
104,75271.0,2037-02-19,False,True,False,False
109,34808.0,2037-02-20,False,True,False,False
108,87781.0,2037-02-21,False,False,False,True
101,68656.0,2037-02-22,False,False,False,False
101,35737.0,2037-02-23,False,False,False,False
105,65126.0,2037-02-24,True,False,False,False
106,87726.0,2037-02-25,False,False,True,False
103,59652.0,2037-02-26,False,False,True,False
109,35390.0,2037-02-27,False,True,False,False
106,50600.0,2037-02-28,False,False,False,True
104,30406.0,2037-03-01,False,False,True,False
107,83492.0,2037-03-02,False,False,True,False
108,62764.0,2037-03-03,True,False,False,False
109,79217.0,2037-03-04,False,False,False,True
106,62995.0,2037-03-05,True,False,False,False
106,75937.0,2037-03-06,False,False,False,True
108,48568.0,2037-03-07,False,False,True,False
105,40433.0,2037-03-08,False,False,False,False
103,59377.0,2037-03-09,False,True,False,False
103,53184.0,2037-03-10,False,False,False,True
106,88856.0,2037-03-11,False,False,True,False
102,86903.0,2037-03-12,False,False,False,True
106,78481.0,2037-03-13,False,False,False,True
106,39121.0,2037-03-14,False,False,False,True
108,58612.0,2037-03-15,False,False,False,False
107,52207.0,2037-03-16,False,False,True,False
108,40795.0,2037-03-17,True,False,False,False
109,47564.0,2037-03-18,False,False,False,False
106,78603.0,2037-03-19,True,False,False,False
103,71999.0,2037-03-20,False,False,False,True
103,31101.0,2037-03-21,False,False,False,False
101,64867.0,2037-03-22,False,False,False,True
105,30513.0,2037-03-23,False,False,True,False
104,41324.0,2037-03-24,False,True,False,False
109,45491.0,2037-03-25,True,False,False,False
109,43693.0,2037-03-26,False,False,False,True
105,45923.0,2037-03-27,False,False,False,False
104,64600.0,2037-03-28,False,False,False,True
107,89801.0,2037-03-29,False,False,False,True
106,89546.0,2037-03-30,False,False,False,True
104,40872.0,2037-03-31,False,False,True,False
102,73058.0,2037-04-01,False,False,False,True
101,37137.0,2037-04-02,True,False,False,False
104,41358.0,2037-04-03,False,False,False,False
104,35807.0,2037-04-04,False,False,False,False
101,78650.0,2037-04-05,False,False,False,False
106,56503.0,2037-04-06,False,False,False,True
104,44859.0,2037-04-07,False,False,False,True
101,82268.0,2037-04-08,False,False,False,True
101,77905.0,2037-04-09,False,False,False,True
101,52234.0,2037-04-10,False,True,False,False
108,41079.0,2037-04-11,False,False,True,False
108,86750.0,2037-04-12,False,True,False,False
102,60975.0,2037-04-13,True,False,False,False
107,34343.0,2037-04-14,False,True,False,False
108,34628.0,2037-04-15,False,False,False,True
108,52568.0,2037-04-16,False,False,False,False
107,58106.0,2037-04-17,False,False,False,True
105,38981.0,2037-04-18,False,True,False,False
101,64068.0,2037-04-19,False,False,False,True
109,64715.0,2037-04-20,True,False,False,False
107,32242.0,2037-04-21,False,False,False,True
102,88438.0,2037-04-22,False,False,False,True
106,78397.0,2037-04-23,False,False,False,False
102,80510.0,2037-04-24,False,False,False,False
101,66424.0,2037-04-25,False,True,False,False
107,79459.0,2037-04-26,False,True,False,False
102,64218.0,2037-04-27,True,False,False,False
102,70134.0,2037-04-28,False,False,False,True
105,81275.0,2037-04-29,False,False,False,True
105,84034.0,2037-04-30,False,False,True,False
107,32842.0,2037-05-01,False,True,False,False
101,46017.0,2037-05-02,False,False,False,True
108,43836.0,2037-05-03,False,False,False,False
103,44186.0,2037-05-04,False,False,False,True
104,64432.0,2037-05-05,False,False,False,False
109,52757.0,2037-05-06,False,False,True,False
104,77188.0,2037-05-07,False,False,False,True
105,61116.0,2037-05-08,False,True,False,False
107,66716.0,2037-05-09,False,False,False,True
104,88738.0,2037-05-10,False,False,False,True
101,50456.0,2037-05-11,False,False,False,True
109,33634.0,2037-05-12,True,False,False,False
104,79366.0,2037-05-13,False,False,False,True
109,65840.0,2037-05-14,False,False,False,True
106,50856.0,2037-05-15,False,True,False,False
101,32459.0,2037-05-16,False,False,True,False
103,66474.0,2037-05-17,False,False,True,False
102,61519.0,2037-05-18,False,False,False,True
109,47590.0,2037-05-19,False,False,True,False
101,38601.0,2037-05-20,False,False,False,True
109,33469.0,2037-05-21,False,True,False,False
109,54791.0,2037-05-22,False,False,True,False
108,67615.0,2037-05-23,False,False,False,False
108,30348.0,2037-05-24,False,False,False,True
101,66419.0,2037-05-25,False,False,False,True
108,32878.0,2037-05-26,False,False,False,True
103,41857.0,2037-05-27,False,False,True,False
107,67517.0,2037-05-28,False,False,True,False
101,74029.0,2037-05-29,False,True,False,False
101,50378.0,2037-05-30,False,False,True,False
105,74072.0,2037-05-31,False,False,False,True
105,30002.0,2037-06-01,False,False,False,True
108,80269.0,2037-06-02,False,True,False,False
107,55658.0,2037-06-03,False,False,False,True
108,53267.0,2037-06-04,False,False,False,False
106,75462.0,2037-06-05,False,False,True,False
106,44353.0,2037-06-06,False,False,True,False
102,31517.0,2037-06-07,False,False,False,True
106,83998.0,2037-06-08,False,False,False,False
105,72855.0,2037-06-09,False,False,True,False
103,49963.0,2037-06-10,False,True,False,False
106,89977.0,2037-06-11,False,False,True,False
108,43175.0,2037-06-12,False,False,False,True
109,81531.0,2037-06-13,False,True,False,False
101,88356.0,2037-06-14,False,True,False,False
103,83416.0,2037-06-15,False,False,False,True
103,81975.0,2037-06-16,False,True,False,False
108,60367.0,2037-06-17,False,False,False,False
101,47232.0,2037-06-18,True,False,False,False
105,89048.0,2037-06-19,False,False,False,False
103,67804.0,2037-06-20,False,True,False,False
102,79357.0,2037-06-21,True,False,False,False
108,56468.0,2037-06-22,True,False,False,False
103,30520.0,2037-06-23,False,False,False,True
107,82728.0,2037-06-24,False,True,False,False
101,51497.0,2037-06-25,True,False,False,False
106,78473.0,2037-06-26,False,False,False,True
103,56927.0,2037-06-27,False,False,False,False
108,36258.0,2037-06-28,False,False,False,True
106,85959.0,2037-06-29,False,True,False,False
102,64902.0,2037-06-30,False,False,True,False
106,45454.0,2037-07-01,False,False,False,True
107,67606.0,2037-07-02,False,False,False,True
105,81627.0,2037-07-03,False,False,True,False
103,84969.0,2037-07-04,False,False,False,True
104,50929.0,2037-07-05,False,False,False,False
104,54177.0,2037-07-06,False,True,False,False
106,30785.0,2037-07-07,False,False,False,True
101,38143.0,2037-07-08,True,False,False,False
104,54092.0,2037-07-09,True,False,False,False
104,77818.0,2037-07-10,False,False,False,True
101,83249.0,2037-07-11,False,False,True,False
109,84349.0,2037-07-12,False,False,False,True
104,43635.0,2037-07-13,False,False,False,False
107,40982.0,2037-07-14,False,False,False,False
103,43409.0,2037-07-15,False,False,False,True
103,78756.0,2037-07-16,False,False,False,True
108,48541.0,2037-07-17,True,False,False,False
108,88022.0,2037-07-18,False,False,False,False
101,33528.0,2037-07-19,False,False,False,False
102,66327.0,2037-07-20,False,True,False,False
108,76888.0,2037-07-21,False,False,False,True
101,54518.0,2037-07-22,True,False,False,False
108,54946.0,2037-07-23,False,False,False,True
108,62080.0,2037-07-24,False,False,True,False
102,65705.0,2037-07-25,False,False,False,True
104,54556.0,2037-07-26,False,False,False,False
106,70906.0,2037-07-27,False,True,False,False
109,67909.0,2037-07-28,False,True,False,False
108,79873.0,2037-07-29,False,False,False,False
108,80075.0,2037-07-30,False,False,False,False
107,51775.0,2037-07-31,False,False,False,True
109,54041.0,2037-08-01,True,False,False,False
102,30835.0,2037-08-02,True,False,False,False
103,81645.0,2037-08-03,False,False,False,True
108,65747.0,2037-08-04,False,False,True,False
106,73285.0,2037-08-05,False,False,False,True
109,74884.0,2037-08-06,False,False,False,False
104,65192.0,2037-08-07,False,False,True,False
108,77335.0,2037-08-08,False,False,False,False
103,46104.0,2037-08-09,False,False,False,True
103,44927.0,2037-08-10,False,True,False,False
108,34521.0,2037-08-11,False,False,False,False
105,74086.0,2037-08-12,False,False,False,False
103,44280.0,2037-08-13,True,False,False,False
101,77544.0,2037-08-14,False,False,True,False
103,60753.0,2037-08-15,True,False,False,False
109,81528.0,2037-08-16,False,False,True,False
105,77948.0,2037-08-17,False,False,False,True
102,79605.0,2037-08-18,False,False,False,True
107,33459.0,2037-08-19,True,False,False,False
102,59435.0,2037-08-20,False,False,False,False
104,58077.0,2037-08-21,False,False,False,True
107,82699.0,2037-08-22,False,True,False,False
104,31148.0,2037-08-23,False,False,False,True
107,79674.0,2037-08-24,False,False,False,False
107,67345.0,2037-08-25,False,False,True,False
101,61036.0,2037-08-26,False,False,False,True
106,79273.0,2037-08-27,False,False,False,True
109,50002.0,2037-08-28,False,True,False,False
102,78440.0,2037-08-29,False,False,False,False
103,69398.0,2037-08-30,False,False,False,True
105,66490.0,2037-08-31,False,False,False,True
109,82235.0,2037-09-01,False,False,False,False
104,89516.0,2037-09-02,False,False,False,True
101,35930.0,2037-09-03,False,False,False,True
104,43388.0,2037-09-04,False,False,False,True
106,85875.0,2037-09-05,False,False,True,False
105,83965.0,2037-09-06,False,True,False,False
101,49691.0,2037-09-07,False,False,False,True
104,33642.0,2037-09-08,False,False,False,True
106,49201.0,2037-09-09,False,True,False,False
104,37421.0,2037-09-10,True,False,False,False
109,69815.0,2037-09-11,False,False,False,True
105,43554.0,2037-09-12,False,False,False,False
108,88828.0,2037-09-13,False,True,False,False
109,87620.0,2037-09-14,False,False,False,True
105,35588.0,2037-09-15,False,False,False,False
106,53771.0,2037-09-16,False,False,False,True
101,55824.0,2037-09-17,False,False,False,False
107,78028.0,2037-09-18,False,False,False,True
104,39316.0,2037-09-19,True,False,False,False
102,72617.0,2037-09-20,False,False,False,True
105,72713.0,2037-09-21,False,True,False,False
103,75562.0,2037-09-22,False,False,False,True
106,58234.0,2037-09-23,False,False,True,False
108,49786.0,2037-09-24,True,False,False,False
107,67100.0,2037-09-25,False,True,False,False
103,45329.0,2037-09-26,False,False,False,False
108,45698.0,2037-09-27,False,False,False,True
102,55327.0,2037-09-28,False,True,False,False
109,77609.0,2037-09-29,False,False,False,True
104,46548.0,2037-09-30,False,False,True,False
101,69757.0,2037-10-01,True,False,False,False
108,89036.0,2037-10-02,False,False,False,True
107,48340.0,2037-10-03,False,True,False,False
105,33860.0,2037-10-04,False,False,True,False
105,49159.0,2037-10-05,False,True,False,False
107,57865.0,2037-10-06,False,False,False,True
105,64536.0,2037-10-07,False,False,False,True
108,89767.0,2037-10-08,False,False,False,False
106,61755.0,2037-10-09,False,False,False,True
105,43743.0,2037-10-10,False,False,False,True
109,36226.0,2037-10-11,False,False,True,False
102,42718.0,2037-10-12,True,False,False,False
101,74656.0,2037-10-13,False,True,False,False
108,69389.0,2037-10-14,True,False,False,False
103,79934.0,2037-10-15,False,False,False,True
107,86972.0,2037-10-16,False,False,False,False
108,55530.0,2037-10-17,True,False,False,False
106,89336.0,2037-10-18,False,False,False,True
109,89003.0,2037-10-19,False,False,False,True
107,62908.0,2037-10-20,True,False,False,False
105,79871.0,2037-10-21,False,False,False,True
108,31650.0,2037-10-22,False,False,False,False
102,70653.0,2037-10-23,False,True,False,False
107,82725.0,2037-10-24,False,False,False,True
104,77032.0,2037-10-25,False,False,False,True
109,63783.0,2037-10-26,False,False,False,True
101,83535.0,2037-10-27,False,False,False,False
107,77458.0,2037-10-28,True,False,False,False
106,71302.0,2037-10-29,False,True,False,False
108,36292.0,2037-10-30,False,False,False,True
105,52737.0,2037-10-31,False,False,False,False
101,55551.0,2037-11-01,False,False,False,True
101,73543.0,2037-11-02,False,False,False,True
109,49504.0,2037-11-03,False,False,False,False
106,46371.0,2037-11-04,False,False,True,False
105,80975.0,2037-11-05,False,False,True,False
101,50810.0,2037-11-06,False,False,True,False
106,59036.0,2037-11-07,False,True,False,False
106,79162.0,2037-11-08,False,False,False,True
103,45547.0,2037-11-09,False,True,False,False
108,83756.0,2037-11-10,False,True,False,False
101,57203.0,2037-11-11,False,False,False,False
101,88812.0,2037-11-12,False,True,False,False
106,39305.0,2037-11-13,False,True,False,False
101,38813.0,2037-11-14,False,False,False,True
106,30900.0,2037-11-15,False,False,False,True
101,33747.0,2037-11-16,True,False,False,False
106,75024.0,2037-11-17,False,True,False,False
103,80623.0,2037-11-18,False,False,False,False
108,53245.0,2037-11-19,False,False,False,True
106,33103.0,2037-11-20,False,False,False,False
101,71286.0,2037-11-21,True,False,False,False
105,30073.0,2037-11-22,False,False,False,True
108,79402.0,2037-11-23,False,True,False,False
103,32497.0,2037-11-24,False,False,False,False
106,59577.0,2037-11-25,False,False,True,False
105,89746.0,2037-11-26,False,False,False,True
106,51012.0,2037-11-27,True,False,False,False
101,38487.0,2037-11-28,False,True,False,False
107,79449.0,2037-11-29,False,False,False,True
109,60023.0,2037-11-30,False,True,False,False
102,54877.0,2037-12-01,False,False,False,True
105,75567.0,2037-12-02,False,False,False,True
104,87928.0,2037-12-03,False,False,False,False
106,36517.0,2037-12-04,False,False,True,False
106,74584.0,2037-12-05,False,False,True,False
102,76173.0,2037-12-06,True,False,False,False
102,80786.0,2037-12-07,False,True,False,False
104,84157.0,2037-12-08,False,False,False,False
101,85181.0,2037-12-09,True,False,False,False
109,71012.0,2037-12-10,False,False,False,False
107,35615.0,2037-12-11,False,False,False,True
107,40468.0,2037-12-12,False,False,True,False
103,40879.0,2037-12-13,True,False,False,False
103,61955.0,2037-12-14,False,True,False,False
101,81996.0,2037-12-15,True,False,False,False
103,43078.0,2037-12-16,False,False,False,True
103,84775.0,2037-12-17,False,False,False,True
104,34590.0,2037-12-18,False,False,True,False
104,84100.0,2037-12-19,False,False,False,True
103,40910.0,2037-12-20,False,False,False,False
108,74895.0,2037-12-21,True,False,False,False
108,61976.0,2037-12-22,True,False,False,False
101,51574.0,2037-12-23,False,False,True,False
107,70652.0,2037-12-24,False,False,False,True
102,52716.0,2037-12-25,False,False,False,True
101,63430.0,2037-12-26,True,False,False,False
103,38199.0,2037-12-27,False,True,False,False
104,85627.0,2037-12-28,False,False,False,False
106,82239.0,2037-12-29,False,True,False,False
105,83913.0,2037-12-30,False,True,False,False
104,63436.0,2037-12-31,True,False,False,False
108,57740.0,2038-01-01,True,False,False,False
104,39477.0,2038-01-02,False,True,False,False
102,82772.0,2038-01-03,False,False,False,True
103,30160.0,2038-01-04,False,True,False,False
106,73358.0,2038-01-05,False,False,False,False
108,74205.0,2038-01-06,False,True,False,False
108,36460.0,2038-01-07,False,False,False,False
109,46401.0,2038-01-08,True,False,False,False
107,65301.0,2038-01-09,True,False,False,False
102,52894.0,2038-01-10,False,False,False,True
108,67214.0,2038-01-11,True,False,False,False
107,89919.0,2038-01-12,False,False,False,True
108,75927.0,2038-01-13,False,False,False,True
103,68322.0,2038-01-14,False,False,False,True
107,78036.0,2038-01-15,False,False,False,False
109,73277.0,2038-01-16,False,False,False,True
103,32918.0,2038-01-17,True,False,False,False
106,76147.0,2038-01-18,False,False,True,False
102,55629.0,2038-01-19,False,False,False,False
102,46699.0,2038-01-20,True,False,False,False
105,76900.0,2038-01-21,True,False,False,False
105,83984.0,2038-01-22,False,True,False,False
107,81363.0,2038-01-23,False,True,False,False
102,37069.0,2038-01-24,False,False,True,False
107,71279.0,2038-01-25,False,False,False,True
105,84285.0,2038-01-26,False,False,True,False
106,69190.0,2038-01-27,False,False,False,True
108,34527.0,2038-01-28,False,False,False,True
104,49099.0,2038-01-29,False,False,False,True
107,87977.0,2038-01-30,False,False,False,True
106,45622.0,2038-01-31,False,True,False,False
102,56281.0,2038-02-01,False,False,True,False
108,69433.0,2038-02-02,False,False,False,True
109,69875.0,2038-02-03,False,False,True,False
105,45531.0,2038-02-04,False,False,False,False
104,35132.0,2038-02-05,False,False,False,True
106,59396.0,2038-02-06,False,True,False,False
108,88016.0,2038-02-07,False,False,False,True
103,73239.0,2038-02-08,True,False,False,False
101,71430.0,2038-02-09,False,False,False,False
104,57807.0,2038-02-10,False,False,False,True
104,69550.0,2038-02-11,False,False,True,False
101,81759.0,2038-02-12,False,True,False,False
109,82484.0,2038-02-13,False,True,False,False
103,57196.0,2038-02-14,True,False,False,False
105,45993.0,2038-02-15,False,False,False,True
106,83849.0,2038-02-16,False,False,True,False
108,55958.0,2038-02-17,False,False,False,False
106,77358.0,2038-02-18,False,False,False,True
103,69513.0,2038-02-19,False,False,False,False
106,68402.0,2038-02-20,False,False,False,False
101,75335.0,2038-02-21,False,False,True,False
104,69028.0,2038-02-22,False,True,False,False
106,44945.0,2038-02-23,False,False,True,False
107,47569.0,2038-02-24,True,False,False,False
103,53379.0,2038-02-25,True,False,False,False
109,89254.0,2038-02-26,False,True,False,False
107,59431.0,2038-02-27,True,False,False,False
101,52825.0,2038-02-28,False,False,False,False
102,30915.0,2038-03-01,False,False,False,False
101,53848.0,2038-03-02,False,False,True,False
109,80769.0,2038-03-03,False,False,False,False
109,43669.0,2038-03-04,False,False,True,False
107,39875.0,2038-03-05,False,False,False,True
103,44853.0,2038-03-06,False,False,True,False
105,32425.0,2038-03-07,False,True,False,False
104,62440.0,2038-03-08,False,False,True,False
107,63193.0,2038-03-09,False,False,False,True
109,64555.0,2038-03-10,False,False,False,True
102,65352.0,2038-03-11,False,False,False,False
108,67416.0,2038-03-12,True,False,False,False
109,46552.0,2038-03-13,False,True,False,False
109,63282.0,2038-03-14,False,False,False,False
107,66203.0,2038-03-15,False,False,False,True
109,67293.0,2038-03-16,False,False,True,False
109,49000.0,2038-03-17,False,False,True,False
103,60802.0,2038-03-18,True,False,False,False
104,40569.0,2038-03-19,True,False,False,False
102,55266.0,2038-03-20,True,False,False,False
103,33204.0,2038-03-21,False,False,False,True
105,37765.0,2038-03-22,False,False,False,False
105,40696.0,2038-03-23,False,False,False,False
106,54928.0,2038-03-24,False,False,False,True
107,78910.0,2038-03-25,True,False,False,False
107,44679.0,2038-03-26,False,False,False,False
101,63885.0,2038-03-27,False,False,True,False
102,64173.0,2038-03-28,False,False,False,True
109,74899.0,2038-03-29,True,False,False,False
102,77865.0,2038-03-30,False,False,False,False
106,68182.0,2038-03-31,False,False,False,True
101,69109.0,2038-04-01,True,False,False,False
103,34174.0,2038-04-02,True,False,False,False
102,47061.0,2038-04-03,False,False,False,False
103,71510.0,2038-04-04,False,False,False,False
105,55395.0,2038-04-05,True,False,False,False
106,30213.0,2038-04-06,False,False,True,False
109,64434.0,2038-04-07,False,False,True,False
104,43276.0,2038-04-08,False,False,False,True
107,39085.0,2038-04-09,False,False,False,True
106,83406.0,2038-04-10,True,False,False,False
102,75036.0,2038-04-11,False,False,True,False
108,58481.0,2038-04-12,True,False,False,False
107,81938.0,2038-04-13,False,False,False,True
107,61276.0,2038-04-14,False,True,False,False
108,89592.0,2038-04-15,True,False,False,False
101,54597.0,2038-04-16,False,False,False,False
101,52244.0,2038-04-17,True,False,False,False
108,60601.0,2038-04-18,False,False,False,False
104,64029.0,2038-04-19,False,False,False,True
105,80324.0,2038-04-20,False,False,False,True
108,51264.0,2038-04-21,True,False,False,False
105,43890.0,2038-04-22,False,False,False,True
104,81206.0,2038-04-23,True,False,False,False
106,76312.0,2038-04-24,False,False,False,True
105,72852.0,2038-04-25,False,False,True,False
107,77907.0,2038-04-26,False,True,False,False
107,81967.0,2038-04-27,False,False,False,True
104,51058.0,2038-04-28,True,False,False,False
105,46121.0,2038-04-29,False,False,False,False
103,67964.0,2038-04-30,False,False,False,True
104,67352.0,2038-05-01,False,False,False,True
104,35021.0,2038-05-02,False,False,False,True
103,52614.0,2038-05-03,False,False,False,False
105,89131.0,2038-05-04,False,False,False,True
105,72950.0,2038-05-05,False,False,False,True
107,75277.0,2038-05-06,False,False,False,False
104,73420.0,2038-05-07,False,False,False,True
104,32631.0,2038-05-08,False,False,True,False
109,36345.0,2038-05-09,False,False,False,True
106,70864.0,2038-05-10,True,False,False,False
104,77674.0,2038-05-11,False,False,False,True
102,56844.0,2038-05-12,False,False,False,True
106,36300.0,2038-05-13,False,True,False,False
102,86500.0,2038-05-14,False,False,True,False
105,68612.0,2038-05-15,True,False,False,False
106,48560.0,2038-05-16,False,False,True,False
104,35362.0,2038-05-17,False,False,False,False
103,38097.0,2038-05-18,False,False,True,False
107,35599.0,2038-05-19,True,False,False,False
102,55452.0,2038-05-20,False,True,False,False
106,77373.0,2038-05-21,False,False,False,True
104,34258.0,2038-05-22,False,False,False,False
106,55530.0,2038-05-23,True,False,False,False
104,83271.0,2038-05-24,False,True,False,False
104,36640.0,2038-05-25,True,False,False,False
104,67056.0,2038-05-26,False,False,False,False
109,47261.0,2038-05-27,False,False,False,False
107,83637.0,2038-05-28,False,False,False,True
103,81696.0,2038-05-29,False,False,False,False
103,67827.0,2038-05-30,False,True,False,False
106,45141.0,2038-05-31,False,True,False,False
106,56752.0,2038-06-01,True,False,False,False
104,53548.0,2038-06-02,False,False,False,True
109,65368.0,2038-06-03,False,False,False,True
104,45902.0,2038-06-04,False,False,False,True
109,57683.0,2038-06-05,False,False,False,False
104,82680.0,2038-06-06,False,True,False,False
102,48792.0,2038-06-07,False,False,False,True
102,67628.0,2038-06-08,False,False,False,False
105,72933.0,2038-06-09,False,False,False,False
104,83100.0,2038-06-10,False,False,False,True
107,88582.0,2038-06-11,False,False,False,True
105,32334.0,2038-06-12,False,False,False,True
106,30767.0,2038-06-13,False,False,False,False
104,61644.0,2038-06-14,False,True,False,False
102,56992.0,2038-06-15,False,False,True,False
109,59570.0,2038-06-16,False,False,False,False
107,41737.0,2038-06-17,False,True,False,False
104,43372.0,2038-06-18,False,False,True,False
103,56885.0,2038-06-19,False,True,False,False
103,84035.0,2038-06-20,False,False,False,True
109,50590.0,2038-06-21,False,False,True,False
105,85100.0,2038-06-22,False,False,False,False
103,69853.0,2038-06-23,False,True,False,False
105,30744.0,2038-06-24,False,False,False,True
102,57158.0,2038-06-25,False,False,False,True
104,50558.0,2038-06-26,False,False,False,True
102,88861.0,2038-06-27,False,False,False,False
102,86350.0,2038-06-28,False,False,False,True
108,62259.0,2038-06-29,False,False,False,False
101,81708.0,2038-06-30,True,False,False,False
107,51450.0,2038-07-01,True,False,False,False
105,86949.0,2038-07-02,False,False,True,False
108,66929.0,2038-07-03,False,True,False,False
101,76589.0,2038-07-04,False,False,False,False
107,39586.0,2038-07-05,False,False,True,False
105,30286.0,2038-07-06,False,False,True,False
104,33247.0,2038-07-07,False,False,False,True
107,61974.0,2038-07-08,True,False,False,False
102,73562.0,2038-07-09,False,False,False,True
101,35099.0,2038-07-10,False,False,False,False
101,46387.0,2038-07-11,False,True,False,False
101,78829.0,2038-07-12,True,False,False,False
105,52319.0,2038-07-13,False,False,False,False
107,30411.0,2038-07-14,True,False,False,False
102,50729.0,2038-07-15,False,False,False,True
108,50111.0,2038-07-16,True,False,False,False
104,76566.0,2038-07-17,False,False,False,True
103,45704.0,2038-07-18,False,True,False,False
108,40109.0,2038-07-19,False,False,True,False
102,31356.0,2038-07-20,False,True,False,False
103,61172.0,2038-07-21,False,True,False,False
103,38349.0,2038-07-22,False,False,False,True
101,47984.0,2038-07-23,False,False,False,False
106,57460.0,2038-07-24,False,True,False,False
102,86309.0,2038-07-25,False,False,False,True
101,68474.0,2038-07-26,False,False,False,True
102,74449.0,2038-07-27,False,False,False,True
106,84711.0,2038-07-28,False,True,False,False
104,37196.0,2038-07-29,False,False,False,True
106,51457.0,2038-07-30,False,False,False,True
109,81534.0,2038-07-31,False,False,False,True
108,43549.0,2038-08-01,True,False,False,False
101,79304.0,2038-08-02,True,False,False,False
108,39821.0,2038-08-03,False,True,False,False
109,65564.0,2038-08-04,False,False,True,False
106,41073.0,2038-08-05,False,True,False,False
105,37282.0,2038-08-06,False,False,False,True
106,69719.0,2038-08-07,False,False,False,True
106,49189.0,2038-08-08,False,False,False,False
109,66848.0,2038-08-09,False,True,False,False
104,74430.0,2038-08-10,False,False,False,True
102,39247.0,2038-08-11,False,False,False,True
109,40771.0,2038-08-12,False,True,False,False
102,73725.0,2038-08-13,False,False,True,False
109,52234.0,2038-08-14,False,False,False,True
102,53746.0,2038-08-15,False,False,False,True
108,64096.0,2038-08-16,False,False,False,True
109,42236.0,2038-08-17,False,True,False,False
109,81544.0,2038-08-18,False,False,False,True
109,65921.0,2038-08-19,False,True,False,False
102,54576.0,2038-08-20,False,False,False,True
104,30166.0,2038-08-21,True,False,False,False
107,44652.0,2038-08-22,False,False,True,False
102,49638.0,2038-08-23,True,False,False,False
101,51444.0,2038-08-24,False,True,False,False
103,45233.0,2038-08-25,False,False,False,True
104,31885.0,2038-08-26,False,False,True,False
108,83520.0,2038-08-27,False,False,False,True
106,60364.0,2038-08-28,False,True,False,False
102,44708.0,2038-08-29,True,False,False,False
109,70297.0,2038-08-30,True,False,False,False
102,63667.0,2038-08-31,False,False,True,False
105,65016.0,2038-09-01,False,True,False,False
104,74223.0,2038-09-02,False,True,False,False
107,33412.0,2038-09-03,False,False,False,False
108,41769.0,2038-09-04,True,False,False,False
105,45947.0,2038-09-05,False,True,False,False
105,73147.0,2038-09-06,False,False,False,True
102,36449.0,2038-09-07,False,False,False,False
108,72179.0,2038-09-08,True,False,False,False
102,65900.0,2038-09-09,False,False,False,True
106,70923.0,2038-09-10,False,False,False,False
108,38136.0,2038-09-11,False,False,True,False
106,63127.0,2038-09-12,False,False,False,True
104,36450.0,2038-09-13,False,False,False,True
104,72999.0,2038-09-14,False,False,False,True
106,54031.0,2038-09-15,False,False,False,True
104,61052.0,2038-09-16,False,False,False,True
108,41346.0,2038-09-17,True,False,False,False
109,87677.0,2038-09-18,True,False,False,False
101,44852.0,2038-09-19,False,False,False,True
104,79882.0,2038-09-20,True,False,False,False
104,37067.0,2038-09-21,True,False,False,False
102,61485.0,2038-09-22,False,False,False,False
106,39689.0,2038-09-23,False,True,False,False
103,47801.0,2038-09-24,False,False,False,True
107,70535.0,2038-09-25,False,False,False,False
105,54272.0,2038-09-26,True,False,False,False
104,33763.0,2038-09-27,False,False,True,False
105,89087.0,2038-09-28,False,False,False,False
108,69696.0,2038-09-29,False,False,True,False
103,84848.0,2038-09-30,False,False,False,True
107,60075.0,2038-10-01,False,False,False,True
106,58692.0,2038-10-02,False,False,False,False
101,56549.0,2038-10-03,False,False,False,True
107,30878.0,2038-10-04,False,True,False,False
107,58848.0,2038-10-05,False,True,False,False
101,84634.0,2038-10-06,False,False,False,True
109,60741.0,2038-10-07,False,False,True,False
106,49268.0,2038-10-08,False,False,False,True
102,40787.0,2038-10-09,False,True,False,False
105,81449.0,2038-10-10,False,True,False,False
104,71620.0,2038-10-11,False,True,False,False
107,61671.0,2038-10-12,True,False,False,False
108,41336.0,2038-10-13,True,False,False,False
101,57738.0,2038-10-14,False,False,False,True
105,43487.0,2038-10-15,False,True,False,False
103,70139.0,2038-10-16,True,False,False,False
101,83137.0,2038-10-17,False,False,False,False
103,64037.0,2038-10-18,False,True,False,False
106,42898.0,2038-10-19,False,False,False,True
107,47678.0,2038-10-20,False,True,False,False
108,80161.0,2038-10-21,True,False,False,False
104,73051.0,2038-10-22,False,False,True,False
103,48141.0,2038-10-23,False,False,False,False
105,40156.0,2038-10-24,False,False,False,True
109,54160.0,2038-10-25,False,False,False,True
106,42835.0,2038-10-26,False,False,True,False
109,39383.0,2038-10-27,False,False,False,True
106,69346.0,2038-10-28,True,False,False,False
102,54564.0,2038-10-29,False,False,False,True
105,72013.0,2038-10-30,False,False,False,True
109,49225.0,2038-10-31,False,False,False,False
108,68484.0,2038-11-01,False,False,True,False
107,81556.0,2038-11-02,False,False,False,True
101,49946.0,2038-11-03,False,False,False,True
104,58280.0,2038-11-04,False,False,False,True
107,72782.0,2038-11-05,False,True,False,False
107,80423.0,2038-11-06,False,True,False,False
106,56295.0,2038-11-07,False,False,True,False
108,87596.0,2038-11-08,False,False,False,False
106,62700.0,2038-11-09,False,False,True,False
103,77888.0,2038-11-10,False,False,True,False
104,65536.0,2038-11-11,True,False,False,False
103,62609.0,2038-11-12,True,False,False,False
101,78509.0,2038-11-13,False,True,False,False
105,39751.0,2038-11-14,False,False,True,False
101,86953.0,2038-11-15,False,False,False,False
101,38928.0,2038-11-16,False,False,False,False
102,36142.0,2038-11-17,False,True,False,False
104,75955.0,2038-11-18,False,False,False,True
106,81080.0,2038-11-19,False,False,False,True
108,46257.0,2038-11-20,False,False,False,False
103,52650.0,2038-11-21,False,False,False,False
101,68181.0,2038-11-22,True,False,False,False
103,53212.0,2038-11-23,False,False,False,True
103,32190.0,2038-11-24,False,False,False,True
105,31002.0,2038-11-25,True,False,False,False
104,73945.0,2038-11-26,False,True,False,False
104,72882.0,2038-11-27,False,False,False,False
109,53038.0,2038-11-28,False,False,False,False
107,38094.0,2038-11-29,False,False,False,True
104,52451.0,2038-11-30,False,True,False,False
103,33752.0,2038-12-01,False,False,False,True
106,85352.0,2038-12-02,False,False,False,True
103,50521.0,2038-12-03,False,False,False,False
106,82854.0,2038-12-04,True,False,False,False
109,57768.0,2038-12-05,False,False,False,True
106,85095.0,2038-12-06,False,True,False,False
104,58410.0,2038-12-07,False,False,True,False
105,67206.0,2038-12-08,False,False,False,True
106,34427.0,2038-12-09,False,False,False,False
103,35556.0,2038-12-10,False,False,False,False
108,71300.0,2038-12-11,False,False,False,False
104,48772.0,2038-12-12,True,False,False,False
108,58063.0,2038-12-13,False,False,False,True
103,69760.0,2038-12-14,False,False,False,True
107,52709.0,2038-12-15,False,False,True,False
109,80852.0,2038-12-16,False,False,False,True
104,45319.0,2038-12-17,False,True,False,False
108,35383.0,2038-12-18,False,True,False,False
103,31233.0,2038-12-19,False,False,False,True
107,57146.0,2038-12-20,False,False,False,False
103,81450.0,2038-12-21,False,False,False,False
107,54713.0,2038-12-22,False,False,False,True
106,78345.0,2038-12-23,False,True,False,False
102,73758.0,2038-12-24,True,False,False,False
103,44789.0,2038-12-25,False,False,True,False
106,32930.0,2038-12-26,False,False,False,True
104,42112.0,2038-12-27,False,False,False,True
106,42374.0,2038-12-28,False,False,False,True
101,80985.0,2038-12-29,False,False,True,False
101,61012.0,2038-12-30,True,False,False,False
103,48523.0,2038-12-31,False,True,False,False
108,54783.0,2039-01-01,True,False,False,False
108,45563.0,2039-01-02,False,True,False,False
104,73193.0,2039-01-03,False,False,True,False
106,40042.0,2039-01-04,False,False,False,False
108,89031.0,2039-01-05,True,False,False,False
107,73163.0,2039-01-06,False,True,False,False
107,52820.0,2039-01-07,False,False,False,False
104,61252.0,2039-01-08,False,False,False,True
109,32208.0,2039-01-09,False,False,False,True
106,70321.0,2039-01-10,False,False,False,True
103,43796.0,2039-01-11,False,True,False,False
105,68390.0,2039-01-12,False,False,False,False
105,55426.0,2039-01-13,False,False,False,False
105,89547.0,2039-01-14,False,False,True,False
108,52670.0,2039-01-15,False,False,False,False
109,54320.0,2039-01-16,False,False,False,True
109,50074.0,2039-01-17,False,False,False,True
106,57931.0,2039-01-18,False,False,False,False
106,48993.0,2039-01-19,False,False,False,False
109,85330.0,2039-01-20,False,False,False,False
104,62991.0,2039-01-21,False,False,True,False
106,45003.0,2039-01-22,False,False,False,True
104,77496.0,2039-01-23,False,False,False,True
101,44743.0,2039-01-24,False,False,True,False
107,82926.0,2039-01-25,False,True,False,False
106,88755.0,2039-01-26,False,False,True,False
109,44007.0,2039-01-27,False,False,False,False
107,54300.0,2039-01-28,False,False,False,False
107,75352.0,2039-01-29,False,False,True,False
102,71282.0,2039-01-30,False,False,False,True
109,46175.0,2039-01-31,False,False,True,False
109,35973.0,2039-02-01,False,False,False,True
106,39703.0,2039-02-02,False,False,False,False
103,62313.0,2039-02-03,False,False,False,True
101,48470.0,2039-02-04,False,True,False,False
104,59176.0,2039-02-05,False,False,True,False
103,53280.0,2039-02-06,False,False,False,True
101,53867.0,2039-02-07,False,False,False,True
103,70431.0,2039-02-08,False,False,False,True
104,86436.0,2039-02-09,False,False,False,True
108,51845.0,2039-02-10,False,False,False,True
109,46241.0,2039-02-11,False,False,False,True
103,65055.0,2039-02-12,False,False,True,False
106,38878.0,2039-02-13,False,True,False,False
105,40209.0,2039-02-14,False,True,False,False
106,88812.0,2039-02-15,False,False,True,False
104,58499.0,2039-02-16,False,False,False,True
106,59431.0,2039-02-17,False,True,False,False
107,88340.0,2039-02-18,False,False,False,False
109,65302.0,2039-02-19,False,False,False,False
107,41004.0,2039-02-20,False,False,False,True
106,84682.0,2039-02-21,True,False,False,False
101,60587.0,2039-02-22,True,False,False,False
102,63390.0,2039-02-23,False,True,False,False
101,58400.0,2039-02-24,False,False,False,True
109,40975.0,2039-02-25,False,False,False,False
109,42585.0,2039-02-26,False,False,False,True
107,80227.0,2039-02-27,False,False,False,True
102,36876.0,2039-02-28,False,True,False,False
106,78104.0,2039-03-01,False,False,False,False
104,87647.0,2039-03-02,False,True,False,False
101,43599.0,2039-03-03,False,False,False,False
101,55239.0,2039-03-04,False,True,False,False
105,73906.0,2039-03-05,True,False,False,False
102,84389.0,2039-03-06,False,False,True,False
104,50378.0,2039-03-07,False,False,False,False
101,56568.0,2039-03-08,True,False,False,False
104,61510.0,2039-03-09,False,False,False,True
106,65462.0,2039-03-10,True,False,False,False
104,50688.0,2039-03-11,False,False,False,True
101,82350.0,2039-03-12,False,False,False,False
107,51796.0,2039-03-13,False,False,True,False
102,71478.0,2039-03-14,False,True,False,False
109,86541.0,2039-03-15,False,False,False,True
103,60796.0,2039-03-16,False,False,False,False
108,50817.0,2039-03-17,True,False,False,False
108,85061.0,2039-03-18,False,False,True,False
103,40061.0,2039-03-19,False,False,False,True
104,54401.0,2039-03-20,False,True,False,False
102,33810.0,2039-03-21,False,False,False,True
104,63680.0,2039-03-22,False,True,False,False
109,53826.0,2039-03-23,False,True,False,False
102,34902.0,2039-03-24,False,False,False,False
103,82340.0,2039-03-25,False,False,True,False
104,88659.0,2039-03-26,False,False,True,False
105,49612.0,2039-03-27,False,False,False,True
101,79723.0,2039-03-28,False,True,False,False
107,40663.0,2039-03-29,False,False,False,True
107,43967.0,2039-03-30,False,False,False,True
109,77776.0,2039-03-31,False,False,True,False
104,70536.0,2039-04-01,False,False,False,False
106,35135.0,2039-04-02,False,True,False,False
102,44072.0,2039-04-03,True,False,False,False
104,71057.0,2039-04-04,False,False,False,True
102,50417.0,2039-04-05,False,False,False,False
105,80791.0,2039-04-06,False,False,True,False
107,36443.0,2039-04-07,False,False,False,True
101,67610.0,2039-04-08,False,False,False,True
107,51925.0,2039-04-09,False,False,False,True
106,60002.0,2039-04-10,False,False,False,True
106,66795.0,2039-04-11,False,True,False,False
108,60993.0,2039-04-12,True,False,False,False
108,30260.0,2039-04-13,False,False,False,True
106,39127.0,2039-04-14,False,False,False,True
103,80949.0,2039-04-15,False,False,False,True
105,79483.0,2039-04-16,False,False,False,True
102,66978.0,2039-04-17,False,False,False,True
105,54843.0,2039-04-18,False,False,True,False
109,81211.0,2039-04-19,False,False,False,False
101,62840.0,2039-04-20,False,False,True,False
105,67879.0,2039-04-21,False,False,True,False
106,32921.0,2039-04-22,False,False,False,True
107,73413.0,2039-04-23,False,False,True,False
109,33888.0,2039-04-24,False,True,False,False
106,30177.0,2039-04-25,False,False,True,False
105,81151.0,2039-04-26,False,False,False,True
107,88115.0,2039-04-27,False,False,False,True
101,88289.0,2039-04-28,False,True,False,False
105,37426.0,2039-04-29,True,False,False,False
102,34495.0,2039-04-30,False,True,False,False
104,63037.0,2039-05-01,False,False,False,True
107,40047.0,2039-05-02,True,False,False,False
105,48039.0,2039-05-03,False,False,False,True
106,65301.0,2039-05-04,False,False,False,False
102,78707.0,2039-05-05,False,False,True,False
103,75114.0,2039-05-06,False,True,False,False
107,51366.0,2039-05-07,False,True,False,False
102,50745.0,2039-05-08,False,False,False,False
106,73082.0,2039-05-09,False,False,False,True
105,85270.0,2039-05-10,False,False,True,False
101,41353.0,2039-05-11,False,False,False,True
104,55080.0,2039-05-12,False,False,False,False
102,48788.0,2039-05-13,False,False,False,False
104,64969.0,2039-05-14,False,False,False,True
101,85171.0,2039-05-15,False,False,False,True
102,35659.0,2039-05-16,False,False,False,False
108,63921.0,2039-05-17,False,False,False,False
106,34161.0,2039-05-18,False,False,True,False
102,45503.0,2039-05-19,False,False,False,True
106,57003.0,2039-05-20,False,False,True,False
109,80488.0,2039-05-21,False,True,False,False
107,54982.0,2039-05-22,False,True,False,False
109,33478.0,2039-05-23,False,False,False,True
105,58620.0,2039-05-24,False,False,True,False
107,79428.0,2039-05-25,False,False,False,True
107,85910.0,2039-05-26,True,False,False,False
103,82632.0,2039-05-27,False,False,False,True
107,65129.0,2039-05-28,False,False,False,True
101,57172.0,2039-05-29,False,True,False,False
109,84520.0,2039-05-30,False,False,False,False
106,40160.0,2039-05-31,False,True,False,False
105,87804.0,2039-06-01,False,True,False,False
107,65214.0,2039-06-02,False,False,True,False
105,41931.0,2039-06-03,False,True,False,False
105,61170.0,2039-06-04,False,False,True,False
107,61190.0,2039-06-05,False,False,False,False
107,88926.0,2039-06-06,False,False,False,False
103,37601.0,2039-06-07,True,False,False,False
103,67819.0,2039-06-08,False,False,False,False
103,33517.0,2039-06-09,False,True,False,False
106,34802.0,2039-06-10,False,True,False,False
106,75158.0,2039-06-11,False,False,True,False
103,48759.0,2039-06-12,False,False,False,True
103,37850.0,2039-06-13,False,True,False,False
108,36744.0,2039-06-14,False,False,False,True
108,52773.0,2039-06-15,False,False,False,True
107,78185.0,2039-06-16,False,False,False,True
104,36248.0,2039-06-17,False,True,False,False
104,80123.0,2039-06-18,True,False,False,False
103,78196.0,2039-06-19,False,False,True,False
105,37136.0,2039-06-20,False,True,False,False
103,72285.0,2039-06-21,False,True,False,False
108,87496.0,2039-06-22,False,False,True,False
107,41800.0,2039-06-23,False,False,False,True
103,83112.0,2039-06-24,False,False,True,False
109,82238.0,2039-06-25,False,False,False,True
105,43417.0,2039-06-26,False,False,False,False
109,55305.0,2039-06-27,True,False,False,False
107,66735.0,2039-06-28,False,True,False,False
107,75129.0,2039-06-29,False,False,False,True
106,67719.0,2039-06-30,False,False,False,True
102,34002.0,2039-07-01,False,False,False,False
109,32332.0,2039-07-02,False,False,False,False
106,56149.0,2039-07-03,False,False,True,False
108,74228.0,2039-07-04,False,False,True,False
101,34375.0,2039-07-05,False,False,False,True
105,59458.0,2039-07-06,False,False,True,False
101,63453.0,2039-07-07,False,False,False,True
108,50272.0,2039-07-08,False,False,False,True
108,88923.0,2039-07-09,False,False,False,False
101,47352.0,2039-07-10,False,True,False,False
109,86472.0,2039-07-11,False,False,False,True
102,32033.0,2039-07-12,False,True,False,False
109,69843.0,2039-07-13,False,False,False,True
101,51645.0,2039-07-14,False,False,False,False
109,55343.0,2039-07-15,False,False,False,False
104,77415.0,2039-07-16,True,False,False,False
109,30645.0,2039-07-17,False,False,False,False
107,61775.0,2039-07-18,False,False,False,True
106,59431.0,2039-07-19,False,False,False,True
105,38112.0,2039-07-20,False,False,False,True
109,39271.0,2039-07-21,False,False,False,True
102,69204.0,2039-07-22,False,False,False,True
102,55212.0,2039-07-23,False,False,False,False
109,75285.0,2039-07-24,False,True,False,False
103,40292.0,2039-07-25,False,False,False,False
108,53481.0,2039-07-26,True,False,False,False
109,71060.0,2039-07-27,False,False,True,False
108,68354.0,2039-07-28,True,False,False,False
104,58493.0,2039-07-29,False,True,False,False
101,59475.0,2039-07-30,False,False,False,False
104,30868.0,2039-07-31,False,True,False,False
109,77370.0,2039-08-01,False,True,False,False
102,68682.0,2039-08-02,False,False,False,False
103,38213.0,2039-08-03,False,False,False,True
108,89969.0,2039-08-04,True,False,False,False
106,52739.0,2039-08-05,True,False,False,False
108,31903.0,2039-08-06,False,False,True,False
107,65344.0,2039-08-07,False,False,True,False
105,77491.0,2039-08-08,False,True,False,False
109,66877.0,2039-08-09,False,False,False,True
104,50998.0,2039-08-10,False,False,False,True
106,87166.0,2039-08-11,False,False,False,True
102,82445.0,2039-08-12,False,True,False,False
102,48319.0,2039-08-13,False,True,False,False
102,63383.0,2039-08-14,False,False,False,False
107,51441.0,2039-08-15,True,False,False,False
102,40642.0,2039-08-16,True,False,False,False
102,41776.0,2039-08-17,False,False,False,False
109,54862.0,2039-08-18,False,False,False,False
107,61103.0,2039-08-19,False,False,False,False
103,41510.0,2039-08-20,True,False,False,False
103,64691.0,2039-08-21,False,True,False,False
107,43402.0,2039-08-22,True,False,False,False
105,36455.0,2039-08-23,False,False,False,False
106,70372.0,2039-08-24,False,True,False,False
108,70920.0,2039-08-25,False,True,False,False
109,32773.0,2039-08-26,False,True,False,False
101,73050.0,2039-08-27,False,False,False,False
103,84345.0,2039-08-28,False,False,True,False
107,57377.0,2039-08-29,False,False,False,True
106,88336.0,2039-08-30,False,False,False,True
107,39776.0,2039-08-31,False,False,False,True
108,81055.0,2039-09-01,False,False,False,True
106,88219.0,2039-09-02,False,True,False,False
103,62059.0,2039-09-03,False,False,False,True
102,59405.0,2039-09-04,True,False,False,False
107,89229.0,2039-09-05,True,False,False,False
101,30143.0,2039-09-06,False,False,False,False
103,86648.0,2039-09-07,False,False,False,True
104,81408.0,2039-09-08,True,False,False,False
101,55698.0,2039-09-09,False,True,False,False
105,47083.0,2039-09-10,True,False,False,False
103,75169.0,2039-09-11,False,True,False,False
102,52702.0,2039-09-12,True,False,False,False
103,63038.0,2039-09-13,False,False,False,True
108,71022.0,2039-09-14,True,False,False,False
106,31007.0,2039-09-15,False,False,False,True
107,57419.0,2039-09-16,False,False,True,False
106,76483.0,2039-09-17,False,False,False,True
106,73232.0,2039-09-18,True,False,False,False
103,40174.0,2039-09-19,False,False,False,True
108,60880.0,2039-09-20,False,False,False,True
107,37203.0,2039-09-21,False,False,True,False
107,89772.0,2039-09-22,False,False,False,True
106,66492.0,2039-09-23,False,False,False,True
105,58989.0,2039-09-24,False,False,False,True
108,57331.0,2039-09-25,True,False,False,False
105,74694.0,2039-09-26,True,False,False,False
109,52983.0,2039-09-27,False,True,False,False
109,88636.0,2039-09-28,False,False,False,True
101,85639.0,2039-09-29,False,False,False,True
106,59735.0,2039-09-30,False,True,False,False
107,70685.0,2039-10-01,False,False,True,False
103,50893.0,2039-10-02,True,False,False,False
107,45739.0,2039-10-03,False,True,False,False
107,59917.0,2039-10-04,False,True,False,False
102,84552.0,2039-10-05,True,False,False,False
107,50704.0,2039-10-06,False,True,False,False
101,60152.0,2039-10-07,False,False,False,True
105,88521.0,2039-10-08,True,False,False,False
109,77383.0,2039-10-09,False,False,False,True
107,68240.0,2039-10-10,False,False,False,True
107,37206.0,2039-10-11,False,False,False,False
102,53256.0,2039-10-12,False,False,False,True
108,54307.0,2039-10-13,False,False,True,False
103,34716.0,2039-10-14,False,False,False,True
108,86270.0,2039-10-15,False,False,False,False
103,65388.0,2039-10-16,False,False,False,False
107,48920.0,2039-10-17,False,False,False,True
102,67871.0,2039-10-18,True,False,False,False
104,72928.0,2039-10-19,True,False,False,False
106,53464.0,2039-10-20,True,False,False,False
109,68085.0,2039-10-21,False,True,False,False
105,43587.0,2039-10-22,False,False,True,False
109,31195.0,2039-10-23,False,False,False,True
105,55083.0,2039-10-24,True,False,False,False
108,79556.0,2039-10-25,False,False,True,False
101,80446.0,2039-10-26,True,False,False,False
107,52438.0,2039-10-27,False,False,False,True
104,50009.0,2039-10-28,True,False,False,False
105,70636.0,2039-10-29,False,True,False,False
106,65587.0,2039-10-30,False,False,True,False
105,51143.0,2039-10-31,False,True,False,False
101,84897.0,2039-11-01,False,False,False,True
109,43696.0,2039-11-02,False,True,False,False
102,37564.0,2039-11-03,False,False,True,False
109,33637.0,2039-11-04,False,False,False,False
102,64641.0,2039-11-05,True,False,False,False
109,47790.0,2039-11-06,True,False,False,False
106,58159.0,2039-11-07,False,False,True,False
109,35514.0,2039-11-08,False,True,False,False
106,64345.0,2039-11-09,True,False,False,False
106,86924.0,2039-11-10,False,False,False,False
102,51763.0,2039-11-11,False,True,False,False
108,42568.0,2039-11-12,False,False,False,True
103,58003.0,2039-11-13,False,False,False,True
107,35311.0,2039-11-14,False,True,False,False
105,71596.0,2039-11-15,False,False,False,True
103,68315.0,2039-11-16,False,True,False,False
101,47191.0,2039-11-17,False,False,False,False
108,81547.0,2039-11-18,False,False,False,True
103,50908.0,2039-11-19,False,False,False,True
102,31415.0,2039-11-20,False,False,False,True
101,70276.0,2039-11-21,False,False,False,False
104,77650.0,2039-11-22,False,False,False,True
108,48833.0,2039-11-23,False,False,False,False
103,45406.0,2039-11-24,False,False,False,True
101,59336.0,2039-11-25,False,True,False,False
104,59421.0,2039-11-26,False,True,False,False
109,66264.0,2039-11-27,False,False,False,True
101,41780.0,2039-11-28,True,False,False,False
102,69871.0,2039-11-29,False,False,True,False
109,42221.0,2039-11-30,False,False,False,True
102,51116.0,2039-12-01,False,False,False,True
103,69790.0,2039-12-02,True,False,False,False
107,70263.0,2039-12-03,True,False,False,False
103,44422.0,2039-12-04,False,False,False,True
109,71474.0,2039-12-05,False,True,False,False
106,51483.0,2039-12-06,False,False,False,False
103,70100.0,2039-12-07,False,False,False,False
109,82446.0,2039-12-08,False,False,False,True
101,82060.0,2039-12-09,False,False,False,False
103,35416.0,2039-12-10,True,False,False,False
101,45251.0,2039-12-11,False,False,False,False
102,57074.0,2039-12-12,False,True,False,False
108,88710.0,2039-12-13,False,False,False,False
107,87684.0,2039-12-14,False,False,False,False
102,76540.0,2039-12-15,False,False,False,False
102,42164.0,2039-12-16,False,False,False,False
109,88904.0,2039-12-17,False,True,False,False
106,84822.0,2039-12-18,False,False,False,False
105,32468.0,2039-12-19,True,False,False,False
106,81580.0,2039-12-20,False,False,False,False
109,82840.0,2039-12-21,False,False,False,False
107,85300.0,2039-12-22,False,True,False,False
109,73655.0,2039-12-23,False,True,False,False
104,32027.0,2039-12-24,False,False,False,True
102,53555.0,2039-12-25,False,False,False,False
108,41944.0,2039-12-26,False,False,False,False
104,30315.0,2039-12-27,False,False,True,False
109,44133.0,2039-12-28,False,True,False,False
104,66757.0,2039-12-29,False,True,False,False
108,88445.0,2039-12-30,False,False,False,False
109,63298.0,2039-12-31,False,False,False,False
109,54268.0,2040-01-01,False,False,False,False
104,73362.0,2040-01-02,False,False,True,False
101,81011.0,2040-01-03,False,False,True,False
103,34757.0,2040-01-04,False,True,False,False
109,70640.0,2040-01-05,False,False,False,True
104,78266.0,2040-01-06,False,True,False,False
105,59967.0,2040-01-07,True,False,False,False
107,55795.0,2040-01-08,True,False,False,False
105,58798.0,2040-01-09,True,False,False,False
104,72726.0,2040-01-10,False,False,False,True
102,63835.0,2040-01-11,False,False,False,True
102,61461.0,2040-01-12,False,False,False,False
104,63495.0,2040-01-13,False,True,False,False
109,46627.0,2040-01-14,False,True,False,False
108,56361.0,2040-01-15,False,False,False,False
103,30711.0,2040-01-16,False,False,False,False
109,41085.0,2040-01-17,True,False,False,False
105,57726.0,2040-01-18,False,True,False,False
103,37924.0,2040-01-19,False,False,True,False
105,45549.0,2040-01-20,False,True,False,False
104,88852.0,2040-01-21,False,False,True,False
108,38462.0,2040-01-22,False,False,False,False
105,72757.0,2040-01-23,False,False,False,False
108,32560.0,2040-01-24,False,False,True,False
109,51523.0,2040-01-25,False,False,False,True
104,49944.0,2040-01-26,False,True,False,False
107,83155.0,2040-01-27,False,False,False,False
102,32177.0,2040-01-28,False,False,False,True
106,79989.0,2040-01-29,False,False,False,False
108,50098.0,2040-01-30,False,False,False,True
107,65846.0,2040-01-31,False,False,True,False
107,57475.0,2040-02-01,True,False,False,False
108,72736.0,2040-02-02,False,True,False,False
107,62447.0,2040-02-03,False,False,True,False
105,51416.0,2040-02-04,False,False,False,True
107,44120.0,2040-02-05,False,False,False,True
103,80802.0,2040-02-06,False,False,False,True
105,32948.0,2040-02-07,True,False,False,False
107,32520.0,2040-02-08,False,False,False,False
109,37269.0,2040-02-09,True,False,False,False
102,56961.0,2040-02-10,False,True,False,False
104,43336.0,2040-02-11,False,False,False,True
107,86749.0,2040-02-12,True,False,False,False
101,75198.0,2040-02-13,False,False,False,True
102,44020.0,2040-02-14,True,False,False,False
109,57280.0,2040-02-15,False,False,False,False
107,88516.0,2040-02-16,False,True,False,False
107,73478.0,2040-02-17,False,True,False,False
106,46746.0,2040-02-18,False,True,False,False
103,87993.0,2040-02-19,False,False,True,False
103,32256.0,2040-02-20,False,False,False,False
102,70120.0,2040-02-21,False,False,False,True
106,57712.0,2040-02-22,False,True,False,False
104,42836.0,2040-02-23,False,False,False,False
105,55711.0,2040-02-24,False,False,False,False
103,34358.0,2040-02-25,True,False,False,False
106,41339.0,2040-02-26,False,False,False,True
103,62039.0,2040-02-27,False,False,False,False
108,84449.0,2040-02-28,False,False,False,False
109,51245.0,2040-02-29,False,False,False,True
104,77251.0,2040-03-01,False,False,True,False
109,47259.0,2040-03-02,False,True,False,False
107,85107.0,2040-03-03,False,False,False,True
103,37129.0,2040-03-04,True,False,False,False
107,83003.0,2040-03-05,False,True,False,False
101,78789.0,2040-03-06,False,False,False,True
103,72112.0,2040-03-07,True,False,False,False
106,70573.0,2040-03-08,False,True,False,False
104,85808.0,2040-03-09,False,False,False,True
107,81074.0,2040-03-10,False,False,False,False
103,71588.0,2040-03-11,False,False,False,False
101,41211.0,2040-03-12,False,True,False,False
109,60197.0,2040-03-13,False,False,False,True
106,45628.0,2040-03-14,False,True,False,False
108,56300.0,2040-03-15,True,False,False,False
103,75708.0,2040-03-16,False,True,False,False
108,77092.0,2040-03-17,False,False,False,False
102,47512.0,2040-03-18,False,True,False,False
104,50945.0,2040-03-19,False,True,False,False
103,71723.0,2040-03-20,False,True,False,False
101,63787.0,2040-03-21,False,False,False,False
107,51408.0,2040-03-22,False,False,False,False
102,78408.0,2040-03-23,False,True,False,False
104,86726.0,2040-03-24,False,False,False,True
109,50311.0,2040-03-25,False,False,False,True
106,65609.0,2040-03-26,False,False,False,False
108,41139.0,2040-03-27,False,False,False,True
102,68245.0,2040-03-28,False,False,False,False
107,71634.0,2040-03-29,False,False,True,False
106,80160.0,2040-03-30,False,False,False,False
109,47610.0,2040-03-31,False,False,False,True
107,80787.0,2040-04-01,False,False,False,True
101,58952.0,2040-04-02,False,False,True,False
108,43568.0,2040-04-03,False,True,False,False
103,86413.0,2040-04-04,False,False,False,True
102,54899.0,2040-04-05,False,True,False,False
103,73798.0,2040-04-06,False,False,False,True
106,42002.0,2040-04-07,False,True,False,False
103,37529.0,2040-04-08,False,False,True,False
105,48069.0,2040-04-09,True,False,False,False
106,78478.0,2040-04-10,False,False,False,False
108,33712.0,2040-04-11,False,False,False,True
107,69826.0,2040-04-12,False,False,False,False
108,87885.0,2040-04-13,False,False,False,False
103,49328.0,2040-04-14,False,False,False,False
104,47711.0,2040-04-15,False,True,False,False
106,35906.0,2040-04-16,False,False,False,True
107,87982.0,2040-04-17,False,False,False,False
109,59107.0,2040-04-18,False,False,False,True
101,81412.0,2040-04-19,False,True,False,False
108,47813.0,2040-04-20,False,False,False,True
108,39153.0,2040-04-21,False,True,False,False
106,76213.0,2040-04-22,False,False,True,False
104,61679.0,2040-04-23,False,False,False,True
103,59588.0,2040-04-24,False,False,True,False
103,78096.0,2040-04-25,False,False,True,False
106,82114.0,2040-04-26,True,False,False,False
108,53770.0,2040-04-27,True,False,False,False
107,48852.0,2040-04-28,True,False,False,False
101,77422.0,2040-04-29,True,False,False,False
106,49612.0,2040-04-30,False,False,False,True
107,60907.0,2040-05-01,True,False,False,False
107,60171.0,2040-05-02,False,False,True,False
109,87472.0,2040-05-03,False,False,False,True
105,83551.0,2040-05-04,False,False,False,True
101,45448.0,2040-05-05,False,True,False,False
102,33966.0,2040-05-06,False,False,False,True
104,71876.0,2040-05-07,False,True,False,False
105,84433.0,2040-05-08,False,True,False,False
109,51401.0,2040-05-09,False,False,True,False
101,51539.0,2040-05-10,False,False,False,True
103,64018.0,2040-05-11,False,False,True,False
105,89542.0,2040-05-12,False,False,False,True
103,34688.0,2040-05-13,False,False,False,True
104,50457.0,2040-05-14,False,True,False,False
103,66555.0,2040-05-15,False,False,False,False
104,71899.0,2040-05-16,False,False,True,False
101,61379.0,2040-05-17,False,True,False,False
108,40470.0,2040-05-18,False,False,False,True
104,68426.0,2040-05-19,True,False,False,False
107,39193.0,2040-05-20,False,False,False,True
102,82924.0,2040-05-21,False,False,False,True
102,64980.0,2040-05-22,False,False,False,False
106,69635.0,2040-05-23,False,False,True,False
102,69731.0,2040-05-24,False,False,True,False
106,88954.0,2040-05-25,False,False,False,True
102,88971.0,2040-05-26,False,False,False,True
104,52077.0,2040-05-27,False,False,True,False
107,74097.0,2040-05-28,False,True,False,False
108,66759.0,2040-05-29,False,True,False,False
103,39295.0,2040-05-30,False,False,False,False
109,81339.0,2040-05-31,False,False,False,False
102,44735.0,2040-06-01,True,False,False,False
108,77011.0,2040-06-02,False,True,False,False
108,75185.0,2040-06-03,True,False,False,False
104,33032.0,2040-06-04,True,False,False,False
101,73773.0,2040-06-05,False,False,False,True
101,89837.0,2040-06-06,False,False,False,False
102,66671.0,2040-06-07,False,False,False,True
109,87372.0,2040-06-08,False,True,False,False
102,75019.0,2040-06-09,False,False,False,False
102,59897.0,2040-06-10,False,False,False,True
106,55836.0,2040-06-11,False,False,False,True
107,66438.0,2040-06-12,False,False,False,True
107,84879.0,2040-06-13,False,False,False,True
109,51278.0,2040-06-14,False,False,False,True
106,51902.0,2040-06-15,False,False,False,False
108,81488.0,2040-06-16,True,False,False,False
106,66091.0,2040-06-17,False,True,False,False
102,37120.0,2040-06-18,False,False,False,True
101,37859.0,2040-06-19,False,True,False,False
105,62867.0,2040-06-20,False,False,True,False
109,60611.0,2040-06-21,False,False,True,False
108,66424.0,2040-06-22,False,False,False,False
104,75477.0,2040-06-23,False,True,False,False
105,36786.0,2040-06-24,False,False,False,False
105,63461.0,2040-06-25,True,False,False,False
106,51185.0,2040-06-26,False,False,True,False
103,70977.0,2040-06-27,False,False,False,False
105,61190.0,2040-06-28,False,False,False,False
102,33709.0,2040-06-29,False,False,True,False
101,49154.0,2040-06-30,False,False,False,True
101,80182.0,2040-07-01,True,False,False,False
107,50859.0,2040-07-02,False,False,True,False
102,77611.0,2040-07-03,False,False,False,False
104,34209.0,2040-07-04,True,False,False,False
105,53379.0,2040-07-05,True,False,False,False
107,44846.0,2040-07-06,True,False,False,False
102,48003.0,2040-07-07,False,False,False,True
106,55426.0,2040-07-08,False,False,False,False
101,72856.0,2040-07-09,False,False,False,False
107,55551.0,2040-07-10,False,False,False,True
109,48900.0,2040-07-11,False,False,False,True
105,42380.0,2040-07-12,False,False,True,False
105,39707.0,2040-07-13,False,False,False,False
104,54379.0,2040-07-14,False,True,False,False
103,80277.0,2040-07-15,False,False,True,False
109,55068.0,2040-07-16,False,False,True,False
105,36906.0,2040-07-17,False,False,False,False
108,45895.0,2040-07-18,False,False,False,True
109,84756.0,2040-07-19,False,False,False,True
105,49420.0,2040-07-20,False,False,True,False
109,81678.0,2040-07-21,False,False,False,True
102,45212.0,2040-07-22,False,True,False,False
109,44323.0,2040-07-23,False,False,False,False
104,62934.0,2040-07-24,True,False,False,False
106,83341.0,2040-07-25,False,True,False,False
106,37348.0,2040-07-26,False,False,False,False
106,30575.0,2040-07-27,False,False,False,False
102,69939.0,2040-07-28,False,False,True,False
107,87949.0,2040-07-29,False,False,False,False
106,45748.0,2040-07-30,False,False,False,False
101,33343.0,2040-07-31,False,False,False,True
102,80970.0,2040-08-01,False,False,False,True
107,72115.0,2040-08-02,False,False,False,True
101,55391.0,2040-08-03,False,False,True,False
101,52407.0,2040-08-04,False,False,False,True
101,89984.0,2040-08-05,False,False,True,False
108,72495.0,2040-08-06,False,True,False,False
104,73693.0,2040-08-07,False,True,False,False
104,70747.0,2040-08-08,False,False,False,True
102,39154.0,2040-08-09,False,False,False,False
101,51555.0,2040-08-10,True,False,False,False
109,56623.0,2040-08-11,False,False,False,True
107,68177.0,2040-08-12,False,True,False,False
104,67309.0,2040-08-13,False,False,True,False
106,85532.0,2040-08-14,False,False,False,True
102,50244.0,2040-08-15,False,False,False,False
107,80666.0,2040-08-16,False,True,False,False
102,57927.0,2040-08-17,False,False,False,True
108,31067.0,2040-08-18,False,False,True,False
108,47265.0,2040-08-19,False,False,True,False
101,36909.0,2040-08-20,True,False,False,False
108,51416.0,2040-08-21,True,False,False,False
102,44236.0,2040-08-22,False,False,False,False
106,85654.0,2040-08-23,False,False,False,False
101,61365.0,2040-08-24,True,False,False,False
105,82791.0,2040-08-25,False,False,False,True
107,56125.0,2040-08-26,False,False,False,True
101,40929.0,2040-08-27,False,False,False,True
102,83709.0,2040-08-28,False,True,False,False
107,71060.0,2040-08-29,False,True,False,False
106,61411.0,2040-08-30,False,False,False,False
103,45319.0,2040-08-31,True,False,False,False
102,82684.0,2040-09-01,False,False,False,False
104,65584.0,2040-09-02,False,False,False,True
103,36411.0,2040-09-03,False,False,False,True
107,61602.0,2040-09-04,True,False,False,False
108,78489.0,2040-09-05,False,False,True,False
102,79559.0,2040-09-06,False,True,False,False
107,37204.0,2040-09-07,False,False,False,True
108,48899.0,2040-09-08,False,False,False,True
106,54517.0,2040-09-09,False,True,False,False
106,64507.0,2040-09-10,False,True,False,False
101,34052.0,2040-09-11,False,False,False,True
104,79410.0,2040-09-12,False,False,False,False
101,87852.0,2040-09-13,True,False,False,False
104,68554.0,2040-09-14,False,False,True,False
102,42013.0,2040-09-15,False,True,False,False
105,75364.0,2040-09-16,False,False,False,False
109,82835.0,2040-09-17,False,True,False,False
103,67488.0,2040-09-18,False,False,False,False
108,77213.0,2040-09-19,False,False,False,False
103,66494.0,2040-09-20,False,False,False,False
106,30678.0,2040-09-21,False,False,True,False
104,88627.0,2040-09-22,False,False,True,False
108,60352.0,2040-09-23,True,False,False,False
106,75797.0,2040-09-24,False,False,True,False
108,39098.0,2040-09-25,True,False,False,False
101,38459.0,2040-09-26,False,False,True,False
106,68894.0,2040-09-27,False,False,False,False
101,57679.0,2040-09-28,False,False,False,False
101,62666.0,2040-09-29,True,False,False,False
108,43227.0,2040-09-30,False,True,False,False
107,34906.0,2040-10-01,True,False,False,False
103,37898.0,2040-10-02,False,False,False,True
106,80352.0,2040-10-03,True,False,False,False
109,77207.0,2040-10-04,False,True,False,False
107,84507.0,2040-10-05,False,False,False,True
103,63884.0,2040-10-06,False,False,True,False
106,36344.0,2040-10-07,False,False,False,True
104,85082.0,2040-10-08,False,False,False,True
103,71858.0,2040-10-09,False,False,True,False
109,57366.0,2040-10-10,False,False,True,False
102,75980.0,2040-10-11,False,True,False,False
101,76846.0,2040-10-12,False,False,True,False
102,40836.0,2040-10-13,False,False,False,True
107,47442.0,2040-10-14,False,False,False,False
101,86436.0,2040-10-15,False,False,False,False
106,79839.0,2040-10-16,True,False,False,False
107,84729.0,2040-10-17,True,False,False,False
109,84742.0,2040-10-18,False,False,False,False
108,70920.0,2040-10-19,False,False,True,False
106,86215.0,2040-10-20,False,False,True,False
103,71747.0,2040-10-21,False,False,True,False
108,42686.0,2040-10-22,False,False,False,False
107,73604.0,2040-10-23,False,True,False,False
103,40356.0,2040-10-24,False,False,False,False
109,71163.0,2040-10-25,False,False,True,False
102,57793.0,2040-10-26,False,True,False,False
103,32491.0,2040-10-27,False,False,False,True
102,51206.0,2040-10-28,False,False,True,False
101,89382.0,2040-10-29,True,False,False,False
104,43928.0,2040-10-30,True,False,False,False
105,69772.0,2040-10-31,False,False,False,False
106,41560.0,2040-11-01,True,False,False,False
105,37011.0,2040-11-02,False,False,False,False
101,52084.0,2040-11-03,False,False,True,False
103,74518.0,2040-11-04,True,False,False,False
101,58633.0,2040-11-05,False,False,True,False
105,34862.0,2040-11-06,False,False,True,False
105,68118.0,2040-11-07,False,True,False,False
106,88570.0,2040-11-08,False,True,False,False
108,42682.0,2040-11-09,False,False,True,False
101,75303.0,2040-11-10,False,False,False,True
104,41703.0,2040-11-11,False,False,False,False
101,88257.0,2040-11-12,False,False,False,False
109,72379.0,2040-11-13,False,True,False,False
107,45096.0,2040-11-14,False,True,False,False
107,44106.0,2040-11-15,False,False,True,False
105,30355.0,2040-11-16,True,False,False,False
107,82624.0,2040-11-17,False,False,False,False
102,38432.0,2040-11-18,False,False,False,True
104,45700.0,2040-11-19,False,True,False,False
107,89254.0,2040-11-20,False,False,False,True
103,89620.0,2040-11-21,False,False,True,False
102,86862.0,2040-11-22,False,False,True,False
102,55196.0,2040-11-23,False,False,False,False
101,61650.0,2040-11-24,False,False,False,True
105,76618.0,2040-11-25,False,False,False,True
106,47238.0,2040-11-26,False,True,False,False
106,74703.0,2040-11-27,False,True,False,False
109,89658.0,2040-11-28,False,False,True,False
104,57776.0,2040-11-29,False,False,False,True
101,85515.0,2040-11-30,False,True,False,False
106,36704.0,2040-12-01,False,False,True,False
105,50008.0,2040-12-02,False,False,False,False
106,45379.0,2040-12-03,False,False,False,False
103,84598.0,2040-12-04,False,True,False,False
102,72020.0,2040-12-05,True,False,False,False
106,38573.0,2040-12-06,False,False,False,False
101,52415.0,2040-12-07,False,False,False,True
107,52566.0,2040-12-08,False,False,False,True
107,31132.0,2040-12-09,False,False,False,False
107,81628.0,2040-12-10,False,False,False,True
101,82287.0,2040-12-11,False,False,False,True
104,78302.0,2040-12-12,False,False,False,True
107,73798.0,2040-12-13,True,False,False,False
109,64847.0,2040-12-14,False,False,True,False
105,30944.0,2040-12-15,False,False,True,False
102,35840.0,2040-12-16,False,False,False,False
107,83114.0,2040-12-17,False,True,False,False
101,69442.0,2040-12-18,False,False,True,False
107,73489.0,2040-12-19,False,True,False,False
106,75261.0,2040-12-20,False,True,False,False
107,74278.0,2040-12-21,True,False,False,False
103,63602.0,2040-12-22,False,False,False,True
103,50134.0,2040-12-23,False,False,False,True
107,34184.0,2040-12-24,True,False,False,False
102,57963.0,2040-12-25,False,False,False,True
101,37178.0,2040-12-26,False,False,True,False
109,35168.0,2040-12-27,False,False,False,False
109,62654.0,2040-12-28,False,False,False,True
107,34991.0,2040-12-29,False,False,False,True
107,38146.0,2040-12-30,False,False,False,False
103,76652.0,2040-12-31,False,True,False,False
102,35290.0,2041-01-01,False,True,False,False
107,83390.0,2041-01-02,True,False,False,False
109,87550.0,2041-01-03,False,False,False,False
101,54549.0,2041-01-04,True,False,False,False
104,82686.0,2041-01-05,False,True,False,False
106,44844.0,2041-01-06,True,False,False,False
107,81204.0,2041-01-07,False,False,False,False
107,58882.0,2041-01-08,False,True,False,False
102,70919.0,2041-01-09,False,False,False,False
104,30028.0,2041-01-10,False,True,False,False
105,88557.0,2041-01-11,False,False,True,False
101,87531.0,2041-01-12,True,False,False,False
101,48244.0,2041-01-13,False,False,False,False
103,37934.0,2041-01-14,False,True,False,False
103,59845.0,2041-01-15,False,False,False,True
108,65340.0,2041-01-16,False,False,False,False
109,78049.0,2041-01-17,True,False,False,False
101,70819.0,2041-01-18,False,True,False,False
102,85280.0,2041-01-19,False,True,False,False
102,50398.0,2041-01-20,False,False,False,True
104,60061.0,2041-01-21,False,False,False,False
102,83404.0,2041-01-22,False,True,False,False
107,32127.0,2041-01-23,False,False,False,False
109,40083.0,2041-01-24,False,False,False,True
107,49091.0,2041-01-25,False,False,False,False
106,39933.0,2041-01-26,False,False,False,True
101,45877.0,2041-01-27,True,False,False,False
109,64581.0,2041-01-28,False,True,False,False
105,42519.0,2041-01-29,False,True,False,False
105,37816.0,2041-01-30,False,False,False,False
106,38351.0,2041-01-31,False,False,False,True
109,87687.0,2041-02-01,False,False,False,True
108,45648.0,2041-02-02,False,False,True,False
108,87548.0,2041-02-03,False,False,True,False
108,74002.0,2041-02-04,False,False,False,True
101,57461.0,2041-02-05,False,False,True,False
101,71264.0,2041-02-06,False,False,False,False
108,74901.0,2041-02-07,False,False,False,True
105,71359.0,2041-02-08,False,False,False,True
109,74480.0,2041-02-09,False,False,True,False
102,69017.0,2041-02-10,False,False,False,True
109,45441.0,2041-02-11,False,True,False,False
108,69253.0,2041-02-12,False,True,False,False
109,39177.0,2041-02-13,False,False,False,False
104,64573.0,2041-02-14,True,False,False,False
101,51431.0,2041-02-15,False,True,False,False
101,51924.0,2041-02-16,False,False,True,False
105,64864.0,2041-02-17,False,False,False,False
102,42493.0,2041-02-18,False,False,False,False
108,35337.0,2041-02-19,True,False,False,False
105,46035.0,2041-02-20,True,False,False,False
105,80611.0,2041-02-21,False,True,False,False
102,53318.0,2041-02-22,False,False,False,True
107,72305.0,2041-02-23,False,False,False,True
108,71190.0,2041-02-24,False,True,False,False
101,33782.0,2041-02-25,False,False,True,False
102,43798.0,2041-02-26,False,False,False,True
104,49884.0,2041-02-27,False,False,True,False
105,39074.0,2041-02-28,False,False,True,False
102,57349.0,2041-03-01,True,False,False,False
101,56907.0,2041-03-02,False,False,False,True
109,51989.0,2041-03-03,False,True,False,False
101,69187.0,2041-03-04,False,False,True,False
104,38624.0,2041-03-05,True,False,False,False
102,88552.0,2041-03-06,False,True,False,False
104,37889.0,2041-03-07,False,False,False,False
108,57256.0,2041-03-08,False,False,False,False
108,40455.0,2041-03-09,True,False,False,False
109,77200.0,2041-03-10,False,True,False,False
105,41194.0,2041-03-11,False,False,True,False
107,51622.0,2041-03-12,False,True,False,False
103,56988.0,2041-03-13,False,False,False,False
104,80969.0,2041-03-14,False,False,True,False
109,37570.0,2041-03-15,False,False,False,False
101,51487.0,2041-03-16,False,False,False,True
102,30617.0,2041-03-17,False,True,False,False
105,75452.0,2041-03-18,True,False,False,False
103,89849.0,2041-03-19,False,False,False,True
102,71277.0,2041-03-20,False,False,False,True
101,77485.0,2041-03-21,True,False,False,False
103,36285.0,2041-03-22,False,True,False,False
101,63224.0,2041-03-23,False,False,False,True
101,30500.0,2041-03-24,False,True,False,False
101,87226.0,2041-03-25,False,False,False,True
108,58994.0,2041-03-26,False,False,False,True
103,81467.0,2041-03-27,False,False,False,True
101,66642.0,2041-03-28,True,False,False,False
107,53014.0,2041-03-29,False,False,False,True
103,34973.0,2041-03-30,True,False,False,False
108,34774.0,2041-03-31,False,False,False,True
104,45519.0,2041-04-01,True,False,False,False
104,77117.0,2041-04-02,False,False,True,False
105,80155.0,2041-04-03,False,False,True,False
106,86000.0,2041-04-04,False,False,False,True
107,50580.0,2041-04-05,False,True,False,False
104,53099.0,2041-04-06,False,True,False,False
108,80218.0,2041-04-07,False,False,False,True
106,76390.0,2041-04-08,True,False,False,False
101,67484.0,2041-04-09,False,False,False,True
101,72588.0,2041-04-10,False,False,False,True
109,78855.0,2041-04-11,False,True,False,False
106,43302.0,2041-04-12,False,False,False,True
108,85760.0,2041-04-13,False,False,False,True
107,33234.0,2041-04-14,False,False,True,False
106,36494.0,2041-04-15,False,True,False,False
104,89625.0,2041-04-16,False,True,False,False
107,44239.0,2041-04-17,False,False,False,True
109,34498.0,2041-04-18,False,False,True,False
107,89742.0,2041-04-19,False,False,False,True
101,74198.0,2041-04-20,False,True,False,False
109,35267.0,2041-04-21,False,False,False,True
104,85323.0,2041-04-22,False,False,False,True
103,42546.0,2041-04-23,False,True,False,False
104,54479.0,2041-04-24,True,False,False,False
104,66437.0,2041-04-25,False,False,False,True
102,83867.0,2041-04-26,False,False,False,True
101,39657.0,2041-04-27,False,False,False,False
101,52453.0,2041-04-28,False,False,False,False
108,64729.0,2041-04-29,False,False,False,False
102,76708.0,2041-04-30,False,False,False,False
105,47259.0,2041-05-01,False,False,False,False
104,58645.0,2041-05-02,True,False,False,False
108,42093.0,2041-05-03,True,False,False,False
102,38734.0,2041-05-04,False,False,False,False
109,33516.0,2041-05-05,False,True,False,False
107,83017.0,2041-05-06,True,False,False,False
107,45032.0,2041-05-07,False,False,True,False
101,50883.0,2041-05-08,True,False,False,False
102,55594.0,2041-05-09,False,False,False,False
104,70001.0,2041-05-10,False,False,False,True
104,56004.0,2041-05-11,True,False,False,False
103,43170.0,2041-05-12,False,False,False,True
107,68715.0,2041-05-13,False,False,False,True
108,46958.0,2041-05-14,True,False,False,False
102,47842.0,2041-05-15,False,False,False,True
104,70163.0,2041-05-16,False,False,False,False
103,56075.0,2041-05-17,False,False,True,False
102,56067.0,2041-05-18,False,False,False,True
106,33172.0,2041-05-19,False,False,False,False
104,81622.0,2041-05-20,True,False,False,False
106,66195.0,2041-05-21,False,False,True,False
102,70566.0,2041-05-22,False,True,False,False
104,37736.0,2041-05-23,False,False,False,False
106,78258.0,2041-05-24,False,False,False,True
105,61268.0,2041-05-25,False,False,False,True
103,73475.0,2041-05-26,True,False,False,False
108,74511.0,2041-05-27,False,False,False,True
107,34206.0,2041-05-28,False,False,False,False
103,81352.0,2041-05-29,False,False,False,False
106,49348.0,2041-05-30,False,False,False,False
104,86057.0,2041-05-31,False,True,False,False
105,66081.0,2041-06-01,False,False,False,False
105,77823.0,2041-06-02,False,False,False,False
107,82079.0,2041-06-03,False,False,True,False
105,71641.0,2041-06-04,False,False,True,False
103,54854.0,2041-06-05,True,False,False,False
105,67226.0,2041-06-06,False,False,False,True
107,48032.0,2041-06-07,False,True,False,False
105,84679.0,2041-06-08,False,False,False,True
105,59272.0,2041-06-09,True,False,False,False
109,72118.0,2041-06-10,False,False,False,True
103,70952.0,2041-06-11,False,False,False,False
106,78633.0,2041-06-12,False,False,False,True
101,65109.0,2041-06-13,False,False,True,False
105,80670.0,2041-06-14,False,False,True,False
108,64606.0,2041-06-15,True,False,False,False
105,80022.0,2041-06-16,False,False,False,True
109,35538.0,2041-06-17,False,False,False,False
106,74237.0,2041-06-18,False,True,False,False
108,39533.0,2041-06-19,False,True,False,False
108,60792.0,2041-06-20,False,True,False,False
103,89650.0,2041-06-21,False,True,False,False
107,35477.0,2041-06-22,False,True,False,False
107,39363.0,2041-06-23,False,False,False,True
106,42264.0,2041-06-24,False,True,False,False
107,76304.0,2041-06-25,True,False,False,False
102,80280.0,2041-06-26,False,False,False,True
109,41819.0,2041-06-27,False,False,True,False
101,42191.0,2041-06-28,False,True,False,False
101,36499.0,2041-06-29,False,False,False,False
103,74847.0,2041-06-30,False,False,True,False
103,47668.0,2041-07-01,False,True,False,False
101,38762.0,2041-07-02,False,False,True,False
107,61292.0,2041-07-03,False,False,False,False
104,49248.0,2041-07-04,False,False,False,True
102,68813.0,2041-07-05,False,False,True,False
105,74944.0,2041-07-06,True,False,False,False
106,41333.0,2041-07-07,True,False,False,False
109,81129.0,2041-07-08,False,False,False,True
104,60652.0,2041-07-09,False,True,False,False
102,71406.0,2041-07-10,False,False,False,False
105,43070.0,2041-07-11,False,True,False,False
103,55856.0,2041-07-12,False,True,False,False
102,61628.0,2041-07-13,False,False,False,True
101,67807.0,2041-07-14,False,False,True,False
102,53423.0,2041-07-15,False,True,False,False
106,78033.0,2041-07-16,False,False,False,True
108,55212.0,2041-07-17,False,False,False,False
103,65741.0,2041-07-18,False,False,False,False
109,34626.0,2041-07-19,False,True,False,False
109,79270.0,2041-07-20,False,False,False,True
102,70767.0,2041-07-21,False,False,False,False
108,32292.0,2041-07-22,False,False,False,False
105,81256.0,2041-07-23,False,True,False,False
104,80219.0,2041-07-24,False,False,False,False
105,44859.0,2041-07-25,False,False,True,False
104,60585.0,2041-07-26,False,False,False,True
108,46807.0,2041-07-27,False,False,False,True
104,33819.0,2041-07-28,False,True,False,False
106,54087.0,2041-07-29,False,False,False,True
102,75450.0,2041-07-30,False,True,False,False
105,77553.0,2041-07-31,False,False,True,False
106,31280.0,2041-08-01,False,False,False,True
105,43241.0,2041-08-02,False,False,False,False
102,72779.0,2041-08-03,True,False,False,False
107,44147.0,2041-08-04,False,True,False,False
104,49816.0,2041-08-05,False,False,False,False
108,79914.0,2041-08-06,False,False,False,True
107,31629.0,2041-08-07,False,True,False,False
107,68267.0,2041-08-08,False,False,True,False
109,38634.0,2041-08-09,False,True,False,False
101,33014.0,2041-08-10,True,False,False,False
106,40773.0,2041-08-11,False,False,False,True
106,47881.0,2041-08-12,False,True,False,False
106,38280.0,2041-08-13,True,False,False,False
106,89593.0,2041-08-14,False,False,False,False
107,55555.0,2041-08-15,False,False,False,True
106,71421.0,2041-08-16,False,False,False,False
101,49936.0,2041-08-17,False,False,False,True
103,57332.0,2041-08-18,False,False,True,False
102,74588.0,2041-08-19,False,False,False,True
106,57077.0,2041-08-20,False,False,False,True
108,37637.0,2041-08-21,False,False,True,False
103,54955.0,2041-08-22,False,True,False,False
108,50880.0,2041-08-23,False,False,False,True
108,76158.0,2041-08-24,False,False,False,True
105,83798.0,2041-08-25,False,False,True,False
108,82135.0,2041-08-26,False,False,False,True
106,46155.0,2041-08-27,True,False,False,False
105,33060.0,2041-08-28,False,False,False,False
109,76465.0,2041-08-29,True,False,False,False
107,78081.0,2041-08-30,False,False,False,False
108,86986.0,2041-08-31,False,False,False,True
101,85956.0,2041-09-01,False,False,False,True
102,70278.0,2041-09-02,False,True,False,False
108,32950.0,2041-09-03,False,False,False,True
109,83692.0,2041-09-04,False,False,True,False
104,77155.0,2041-09-05,True,False,False,False
109,53802.0,2041-09-06,False,True,False,False
104,36063.0,2041-09-07,False,True,False,False
109,44205.0,2041-09-08,False,False,False,False
107,74690.0,2041-09-09,False,False,False,False
102,56507.0,2041-09-10,False,False,False,False
109,37661.0,2041-09-11,False,False,False,True
104,66189.0,2041-09-12,False,False,False,True
108,64758.0,2041-09-13,False,False,False,True
107,43057.0,2041-09-14,False,False,False,False
107,50240.0,2041-09-15,False,False,False,False
108,64250.0,2041-09-16,False,True,False,False
101,65313.0,2041-09-17,False,False,False,True
105,66988.0,2041-09-18,False,False,False,True
102,42491.0,2041-09-19,False,False,True,False
102,63410.0,2041-09-20,False,True,False,False
101,43332.0,2041-09-21,False,False,True,False
105,50302.0,2041-09-22,False,False,False,True
102,64354.0,2041-09-23,True,False,False,False
104,48793.0,2041-09-24,False,True,False,False
103,36504.0,2041-09-25,False,False,True,False
103,58425.0,2041-09-26,False,True,False,False
102,59811.0,2041-09-27,False,False,False,False
106,79206.0,2041-09-28,False,False,True,False
102,77395.0,2041-09-29,False,True,False,False
108,59746.0,2041-09-30,False,False,False,False
108,47225.0,2041-10-01,False,True,False,False
105,69696.0,2041-10-02,True,False,False,False
107,60973.0,2041-10-03,False,False,False,True
104,67355.0,2041-10-04,False,False,False,False
101,88328.0,2041-10-05,False,False,False,True
102,57196.0,2041-10-06,False,False,False,True
104,49290.0,2041-10-07,False,True,False,False
101,84240.0,2041-10-08,True,False,False,False
108,72954.0,2041-10-09,False,False,True,False
109,40124.0,2041-10-10,False,False,False,True
104,67824.0,2041-10-11,False,True,False,False
103,68750.0,2041-10-12,False,False,False,True
102,32272.0,2041-10-13,False,False,True,False
105,36141.0,2041-10-14,False,False,True,False
103,87167.0,2041-10-15,True,False,False,False
107,54678.0,2041-10-16,False,False,False,True
106,39161.0,2041-10-17,False,False,False,True
101,31071.0,2041-10-18,False,True,False,False
108,47120.0,2041-10-19,False,False,False,True
102,55941.0,2041-10-20,False,True,False,False
105,69144.0,2041-10-21,False,False,False,False
109,54133.0,2041-10-22,False,False,False,False
108,33630.0,2041-10-23,False,False,False,True
102,30227.0,2041-10-24,False,False,False,True
109,78110.0,2041-10-25,True,False,False,False
105,69433.0,2041-10-26,False,False,False,True
106,44008.0,2041-10-27,False,False,False,True
103,84863.0,2041-10-28,False,False,False,True
103,85308.0,2041-10-29,False,False,True,False
108,49954.0,2041-10-30,False,False,False,True
102,87788.0,2041-10-31,True,False,False,False
102,70761.0,2041-11-01,False,False,True,False
105,44675.0,2041-11-02,False,False,False,False
106,31619.0,2041-11-03,True,False,False,False
102,42885.0,2041-11-04,False,False,False,True
105,32204.0,2041-11-05,False,False,False,False
107,81855.0,2041-11-06,False,True,False,False
108,70510.0,2041-11-07,False,False,False,True
107,41694.0,2041-11-08,False,False,True,False
108,74586.0,2041-11-09,False,False,False,True
109,70342.0,2041-11-10,False,False,False,True
105,39373.0,2041-11-11,False,False,False,True
105,41448.0,2041-11-12,False,False,False,True
104,79949.0,2041-11-13,True,False,False,False
109,61210.0,2041-11-14,False,False,False,True
105,55410.0,2041-11-15,True,False,False,False
102,82151.0,2041-11-16,False,True,False,False
108,89376.0,2041-11-17,False,True,False,False
107,59028.0,2041-11-18,False,False,False,False
108,32764.0,2041-11-19,False,False,False,False
103,73369.0,2041-11-20,False,True,False,False
104,82836.0,2041-11-21,False,False,False,True
105,41467.0,2041-11-22,False,False,False,False
106,38199.0,2041-11-23,False,True,False,False
101,57095.0,2041-11-24,False,False,False,True
104,73179.0,2041-11-25,False,False,True,False
105,62463.0,2041-11-26,False,False,False,False
107,69007.0,2041-11-27,False,True,False,False
105,83026.0,2041-11-28,False,True,False,False
101,77711.0,2041-11-29,False,False,False,False
107,43617.0,2041-11-30,False,False,False,True
108,58304.0,2041-12-01,True,False,False,False
107,33329.0,2041-12-02,False,False,False,True
104,61193.0,2041-12-03,False,False,False,True
108,85221.0,2041-12-04,False,False,True,False
105,41563.0,2041-12-05,False,False,False,True
109,35584.0,2041-12-06,False,False,False,True
105,38805.0,2041-12-07,False,False,False,True
101,55264.0,2041-12-08,False,False,True,False
109,39089.0,2041-12-09,False,False,False,False
105,43639.0,2041-12-10,False,False,False,False
106,54685.0,2041-12-11,False,False,False,False
104,78256.0,2041-12-12,False,False,True,False
106,41110.0,2041-12-13,False,False,False,True
108,63928.0,2041-12-14,False,True,False,False
103,74941.0,2041-12-15,False,True,False,False
105,82762.0,2041-12-16,False,False,True,False
102,51128.0,2041-12-17,False,False,True,False
102,70099.0,2041-12-18,False,False,False,False
107,44684.0,2041-12-19,False,False,False,True
106,81155.0,2041-12-20,True,False,False,False
104,77566.0,2041-12-21,False,True,False,False
105,54419.0,2041-12-22,False,False,False,False
101,31527.0,2041-12-23,False,False,False,True
107,45220.0,2041-12-24,False,False,False,True
108,53702.0,2041-12-25,False,False,False,False
109,72873.0,2041-12-26,False,False,False,False
108,57757.0,2041-12-27,True,False,False,False
105,76664.0,2041-12-28,False,False,False,False
103,43085.0,2041-12-29,False,False,False,True
109,45205.0,2041-12-30,False,False,False,False
106,86386.0,2041-12-31,False,False,False,True
105,84321.0,2042-01-01,False,False,False,False
103,50994.0,2042-01-02,True,False,False,False
106,60945.0,2042-01-03,False,False,False,True
103,85873.0,2042-01-04,False,False,True,False
106,87849.0,2042-01-05,True,False,False,False
104,50634.0,2042-01-06,True,False,False,False
102,72966.0,2042-01-07,False,False,False,True
108,60569.0,2042-01-08,False,False,False,True
104,60175.0,2042-01-09,False,False,False,True
109,75166.0,2042-01-10,True,False,False,False
107,36626.0,2042-01-11,False,False,False,True
102,65623.0,2042-01-12,False,True,False,False
104,33964.0,2042-01-13,False,False,False,True
105,87087.0,2042-01-14,False,False,False,True
103,77377.0,2042-01-15,False,False,True,False
109,77258.0,2042-01-16,False,False,False,False
105,48058.0,2042-01-17,False,False,False,False
102,55766.0,2042-01-18,False,False,False,True
103,76098.0,2042-01-19,False,False,False,False
109,65160.0,2042-01-20,True,False,False,False
107,46262.0,2042-01-21,False,False,False,False
102,69646.0,2042-01-22,False,True,False,False
109,77672.0,2042-01-23,False,False,False,False
104,64689.0,2042-01-24,False,False,False,True
109,58965.0,2042-01-25,False,False,False,True
102,40884.0,2042-01-26,False,False,False,True
104,34433.0,2042-01-27,False,False,False,True
105,48211.0,2042-01-28,False,False,False,True
102,40691.0,2042-01-29,False,True,False,False
101,61063.0,2042-01-30,True,False,False,False
107,63484.0,2042-01-31,False,False,True,False
101,79782.0,2042-02-01,False,False,False,False
108,51244.0,2042-02-02,False,False,False,True
103,54660.0,2042-02-03,False,True,False,False
106,66536.0,2042-02-04,True,False,False,False
107,88080.0,2042-02-05,False,True,False,False
101,65475.0,2042-02-06,False,False,False,True
106,59431.0,2042-02-07,True,False,False,False
107,78919.0,2042-02-08,False,True,False,False
106,54802.0,2042-02-09,False,True,False,False
104,82509.0,2042-02-10,False,True,False,False
101,72267.0,2042-02-11,False,False,False,True
109,87012.0,2042-02-12,False,False,False,True
104,79074.0,2042-02-13,False,False,False,True
107,83356.0,2042-02-14,False,False,False,True
107,50614.0,2042-02-15,False,False,True,False
102,35033.0,2042-02-16,False,False,False,True
101,34386.0,2042-02-17,False,False,False,False
108,42150.0,2042-02-18,False,False,True,False
108,38157.0,2042-02-19,False,False,True,False
107,76881.0,2042-02-20,False,False,True,False
108,78742.0,2042-02-21,False,False,True,False
103,60408.0,2042-02-22,False,False,False,True
102,37675.0,2042-02-23,False,False,False,False
107,56228.0,2042-02-24,False,False,False,False
108,48251.0,2042-02-25,False,False,True,False
101,53349.0,2042-02-26,False,False,False,True
109,86348.0,2042-02-27,False,False,False,True
104,79178.0,2042-02-28,False,False,False,False
104,45826.0,2042-03-01,True,False,False,False
103,85308.0,2042-03-02,False,False,False,True
106,75609.0,2042-03-03,False,False,False,False
101,39124.0,2042-03-04,True,False,False,False
106,36588.0,2042-03-05,False,False,False,False
102,60943.0,2042-03-06,False,False,False,True
109,78590.0,2042-03-07,True,False,False,False
102,58034.0,2042-03-08,False,False,False,False
107,52151.0,2042-03-09,False,False,True,False
101,79618.0,2042-03-10,True,False,False,False
107,62400.0,2042-03-11,True,False,False,False
105,86841.0,2042-03-12,False,False,False,True
108,43536.0,2042-03-13,False,False,False,True
104,32700.0,2042-03-14,True,False,False,False
107,56074.0,2042-03-15,False,False,True,False
106,38809.0,2042-03-16,False,False,False,True
105,45115.0,2042-03-17,False,False,False,True
104,82929.0,2042-03-18,False,False,False,False
107,75513.0,2042-03-19,False,True,False,False
105,49071.0,2042-03-20,True,False,False,False
105,68100.0,2042-03-21,True,False,False,False
101,53190.0,2042-03-22,False,False,False,True
102,51440.0,2042-03-23,False,False,True,False
105,56080.0,2042-03-24,False,False,False,False
103,74927.0,2042-03-25,True,False,False,False
102,62947.0,2042-03-26,False,False,False,True
104,37996.0,2042-03-27,False,False,False,False
104,73545.0,2042-03-28,False,False,True,False
104,44862.0,2042-03-29,False,False,False,True
104,89413.0,2042-03-30,False,False,False,True
103,68232.0,2042-03-31,False,False,False,True
107,53104.0,2042-04-01,False,True,False,False
109,47305.0,2042-04-02,False,False,False,True
105,65860.0,2042-04-03,False,False,False,True
104,35527.0,2042-04-04,False,False,False,True
102,88854.0,2042-04-05,True,False,False,False
102,74559.0,2042-04-06,False,False,False,True
105,43727.0,2042-04-07,False,False,True,False
107,59967.0,2042-04-08,False,True,False,False
109,53849.0,2042-04-09,False,False,False,False
107,32719.0,2042-04-10,False,False,False,True
105,87265.0,2042-04-11,False,True,False,False
106,78680.0,2042-04-12,False,False,True,False
103,78235.0,2042-04-13,False,True,False,False
105,42924.0,2042-04-14,False,False,True,False
108,39215.0,2042-04-15,False,False,False,False
101,79303.0,2042-04-16,False,True,False,False
101,54588.0,2042-04-17,True,False,False,False
107,55290.0,2042-04-18,False,False,False,False
105,78009.0,2042-04-19,False,False,False,True
105,50009.0,2042-04-20,False,False,False,True
101,61912.0,2042-04-21,False,True,False,False
109,87592.0,2042-04-22,False,False,False,True
101,31144.0,2042-04-23,False,False,False,False
105,83634.0,2042-04-24,False,True,False,False
109,67302.0,2042-04-25,False,False,True,False
104,44635.0,2042-04-26,False,False,False,True
108,63488.0,2042-04-27,False,False,False,True
106,83720.0,2042-04-28,False,False,False,True
103,82381.0,2042-04-29,False,False,False,False
104,31006.0,2042-04-30,False,True,False,False
102,83880.0,2042-05-01,False,False,False,False
101,41490.0,2042-05-02,False,False,True,False
108,57044.0,2042-05-03,False,True,False,False
101,37099.0,2042-05-04,False,False,False,True
101,53500.0,2042-05-05,False,False,False,True
104,75079.0,2042-05-06,False,False,False,False
106,82965.0,2042-05-07,False,False,False,True
109,30537.0,2042-05-08,False,False,False,True
101,78697.0,2042-05-09,False,True,False,False
107,41016.0,2042-05-10,False,False,False,True
105,65453.0,2042-05-11,False,True,False,False
108,31980.0,2042-05-12,True,False,False,False
107,35906.0,2042-05-13,False,True,False,False
104,63307.0,2042-05-14,False,False,False,True
104,53430.0,2042-05-15,False,False,False,False
106,74844.0,2042-05-16,False,False,False,True
106,58629.0,2042-05-17,False,False,False,False
109,57775.0,2042-05-18,False,True,False,False
105,70029.0,2042-05-19,False,False,False,True
108,60398.0,2042-05-20,False,False,False,True
105,87827.0,2042-05-21,False,False,False,True
102,71988.0,2042-05-22,False,False,False,True
106,85452.0,2042-05-23,False,False,True,False
109,30051.0,2042-05-24,False,False,False,True
103,54818.0,2042-05-25,True,False,False,False
101,31686.0,2042-05-26,False,False,False,True
101,49205.0,2042-05-27,False,False,False,False
103,52947.0,2042-05-28,True,False,False,False
105,87272.0,2042-05-29,False,False,False,False
103,38096.0,2042-05-30,False,False,False,False
109,72800.0,2042-05-31,False,True,False,False
108,38616.0,2042-06-01,False,False,False,True
103,73087.0,2042-06-02,False,False,False,False
109,88038.0,2042-06-03,False,True,False,False
106,38545.0,2042-06-04,False,False,False,True
107,66458.0,2042-06-05,False,False,False,True
104,80841.0,2042-06-06,False,False,False,True
104,38484.0,2042-06-07,False,False,False,False
102,30716.0,2042-06-08,False,False,False,False
105,53667.0,2042-06-09,False,False,False,True
108,59200.0,2042-06-10,False,False,False,True
107,34575.0,2042-06-11,False,False,False,True
107,50956.0,2042-06-12,True,False,False,False
106,40670.0,2042-06-13,False,False,False,True
103,45637.0,2042-06-14,False,False,True,False
105,46346.0,2042-06-15,True,False,False,False
101,56940.0,2042-06-16,False,False,False,True
107,63405.0,2042-06-17,False,False,False,True
109,70747.0,2042-06-18,False,False,False,True
101,89749.0,2042-06-19,False,False,False,True
102,39491.0,2042-06-20,False,False,False,True
103,83100.0,2042-06-21,True,False,False,False
103,88033.0,2042-06-22,False,False,True,False
108,42631.0,2042-06-23,False,False,False,True
107,51934.0,2042-06-24,False,False,False,False
106,57182.0,2042-06-25,True,False,False,False
104,38903.0,2042-06-26,False,False,False,False
109,57186.0,2042-06-27,False,False,False,False
101,87782.0,2042-06-28,False,True,False,False
102,41725.0,2042-06-29,False,False,False,False
104,42070.0,2042-06-30,True,False,False,False
103,66109.0,2042-07-01,False,False,False,False
101,46068.0,2042-07-02,False,False,True,False
105,35550.0,2042-07-03,False,False,False,True
107,83390.0,2042-07-04,False,True,False,False
102,48167.0,2042-07-05,False,False,True,False
105,55443.0,2042-07-06,True,False,False,False
106,44688.0,2042-07-07,False,False,False,True
107,80640.0,2042-07-08,False,False,False,False
101,86312.0,2042-07-09,False,False,False,False
107,79619.0,2042-07-10,False,False,False,True
104,68351.0,2042-07-11,True,False,False,False
108,59548.0,2042-07-12,False,True,False,False
104,42113.0,2042-07-13,False,False,False,False
106,80569.0,2042-07-14,False,False,True,False
109,52289.0,2042-07-15,True,False,False,False
105,48160.0,2042-07-16,False,False,True,False
104,63849.0,2042-07-17,False,False,False,True
108,76205.0,2042-07-18,False,False,True,False
109,49309.0,2042-07-19,False,False,True,False
104,66852.0,2042-07-20,True,False,False,False
103,75021.0,2042-07-21,False,False,False,True
108,70396.0,2042-07-22,False,False,True,False
105,36195.0,2042-07-23,True,False,False,False
102,31011.0,2042-07-24,False,False,True,False
109,54286.0,2042-07-25,False,False,False,True
103,63581.0,2042-07-26,False,True,False,False
102,42138.0,2042-07-27,False,False,False,True
101,89660.0,2042-07-28,False,False,False,False
108,56719.0,2042-07-29,False,False,False,False
103,63040.0,2042-07-30,False,False,False,False
107,78450.0,2042-07-31,False,False,False,False
101,50028.0,2042-08-01,False,False,True,False
101,46192.0,2042-08-02,False,True,False,False
109,48100.0,2042-08-03,False,False,False,True
108,36276.0,2042-08-04,False,False,True,False
103,57551.0,2042-08-05,False,False,False,False
106,85384.0,2042-08-06,False,False,False,False
103,36828.0,2042-08-07,False,False,False,False
104,63124.0,2042-08-08,False,False,False,False
101,43654.0,2042-08-09,False,True,False,False
105,30203.0,2042-08-10,False,False,False,False
101,50129.0,2042-08-11,False,False,False,True
101,80748.0,2042-08-12,False,False,False,False
107,36614.0,2042-08-13,False,True,False,False
106,77567.0,2042-08-14,False,False,True,False
102,63264.0,2042-08-15,False,False,False,True
102,42989.0,2042-08-16,False,True,False,False
107,79214.0,2042-08-17,False,False,True,False
101,31579.0,2042-08-18,False,True,False,False
102,87883.0,2042-08-19,False,False,False,True
108,83445.0,2042-08-20,False,False,False,False
106,34876.0,2042-08-21,True,False,False,False
102,70618.0,2042-08-22,False,False,False,False
107,34125.0,2042-08-23,False,False,False,True
104,81865.0,2042-08-24,True,False,False,False
102,35328.0,2042-08-25,False,False,False,True
106,78968.0,2042-08-26,False,False,True,False
109,72040.0,2042-08-27,True,False,False,False
109,89199.0,2042-08-28,False,False,False,True
108,87039.0,2042-08-29,False,False,False,True
103,41696.0,2042-08-30,False,True,False,False
103,66147.0,2042-08-31,False,True,False,False
102,80750.0,2042-09-01,True,False,False,False
105,46119.0,2042-09-02,False,False,True,False
104,54017.0,2042-09-03,True,False,False,False
107,78780.0,2042-09-04,False,False,False,True
104,56204.0,2042-09-05,True,False,False,False
109,49562.0,2042-09-06,False,False,False,True
102,54428.0,2042-09-07,False,True,False,False
106,89991.0,2042-09-08,False,False,False,True
107,51497.0,2042-09-09,False,True,False,False
104,33372.0,2042-09-10,False,False,False,False
106,53147.0,2042-09-11,False,False,False,True
107,47453.0,2042-09-12,False,False,False,True
104,77180.0,2042-09-13,True,False,False,False
108,81928.0,2042-09-14,False,False,False,True
109,63960.0,2042-09-15,False,False,False,True
101,47197.0,2042-09-16,False,False,False,False
107,63920.0,2042-09-17,True,False,False,False
109,84984.0,2042-09-18,True,False,False,False
105,31883.0,2042-09-19,True,False,False,False
102,46651.0,2042-09-20,False,False,False,True
106,50055.0,2042-09-21,False,False,False,True
107,32812.0,2042-09-22,False,True,False,False
102,60445.0,2042-09-23,False,True,False,False
102,75640.0,2042-09-24,False,False,True,False
101,36562.0,2042-09-25,False,False,False,True
104,37013.0,2042-09-26,False,False,False,True
107,35177.0,2042-09-27,True,False,False,False
109,50469.0,2042-09-28,False,True,False,False
103,79535.0,2042-09-29,False,True,False,False
107,82002.0,2042-09-30,True,False,False,False
107,61229.0,2042-10-01,False,True,False,False
107,59101.0,2042-10-02,False,False,False,False
102,57987.0,2042-10-03,True,False,False,False
106,53105.0,2042-10-04,False,False,True,False
102,53467.0,2042-10-05,False,False,False,False
106,47433.0,2042-10-06,True,False,False,False
103,48217.0,2042-10-07,False,False,False,False
102,61308.0,2042-10-08,False,True,False,False
106,38989.0,2042-10-09,True,False,False,False
102,67235.0,2042-10-10,False,True,False,False
105,49359.0,2042-10-11,False,True,False,False
102,35155.0,2042-10-12,False,False,False,False
103,86850.0,2042-10-13,False,False,True,False
103,87152.0,2042-10-14,False,True,False,False
106,76904.0,2042-10-15,False,True,False,False
106,80442.0,2042-10-16,False,True,False,False
103,37961.0,2042-10-17,False,False,False,True
103,53983.0,2042-10-18,False,False,False,False
101,37186.0,2042-10-19,False,True,False,False
107,37506.0,2042-10-20,False,False,True,False
108,81339.0,2042-10-21,False,False,True,False
102,71026.0,2042-10-22,True,False,False,False
104,76070.0,2042-10-23,False,False,False,False
107,78951.0,2042-10-24,False,False,False,True
108,60225.0,2042-10-25,False,False,False,True
101,88736.0,2042-10-26,False,False,False,False
104,37791.0,2042-10-27,False,True,False,False
106,57597.0,2042-10-28,True,False,False,False
103,36770.0,2042-10-29,False,False,False,True
105,39893.0,2042-10-30,False,False,False,True
109,55154.0,2042-10-31,False,False,False,True
103,54318.0,2042-11-01,False,True,False,False
105,80757.0,2042-11-02,False,False,False,True
108,70755.0,2042-11-03,False,True,False,False
106,69933.0,2042-11-04,False,False,True,False
104,43514.0,2042-11-05,False,False,False,False
108,61358.0,2042-11-06,False,False,True,False
103,52438.0,2042-11-07,False,False,False,False
103,89322.0,2042-11-08,False,False,False,True
104,67273.0,2042-11-09,False,False,False,True
109,57456.0,2042-11-10,False,False,False,False
105,53631.0,2042-11-11,False,True,False,False
108,35807.0,2042-11-12,False,False,False,False
106,36256.0,2042-11-13,False,False,False,False
103,45156.0,2042-11-14,True,False,False,False
108,41908.0,2042-11-15,False,False,False,True
109,54435.0,2042-11-16,False,True,False,False
108,34284.0,2042-11-17,True,False,False,False
104,60432.0,2042-11-18,False,False,False,False
106,44438.0,2042-11-19,False,True,False,False
101,64922.0,2042-11-20,False,False,False,True
104,70510.0,2042-11-21,False,False,False,True
108,44227.0,2042-11-22,False,False,True,False
101,44265.0,2042-11-23,False,False,True,False
103,49188.0,2042-11-24,False,True,False,False
101,48604.0,2042-11-25,False,False,False,True
109,58565.0,2042-11-26,False,False,False,False
102,62588.0,2042-11-27,False,True,False,False
109,71958.0,2042-11-28,False,False,True,False
104,62074.0,2042-11-29,False,False,False,True
102,47105.0,2042-11-30,False,False,False,False
104,55790.0,2042-12-01,False,True,False,False
106,89037.0,2042-12-02,False,False,False,False
107,53358.0,2042-12-03,False,False,False,False
103,60944.0,2042-12-04,False,False,False,False
103,52187.0,2042-12-05,False,True,False,False
108,82546.0,2042-12-06,False,False,False,False
105,34025.0,2042-12-07,False,False,False,False
104,58155.0,2042-12-08,False,False,False,True
107,54512.0,2042-12-09,False,False,False,True
107,45907.0,2042-12-10,False,False,False,False
109,44469.0,2042-12-11,False,False,True,False
109,67924.0,2042-12-12,False,True,False,False
105,77196.0,2042-12-13,False,False,False,True
108,44410.0,2042-12-14,False,True,False,False
101,73763.0,2042-12-15,False,False,False,False
109,89574.0,2042-12-16,False,True,False,False
108,67580.0,2042-12-17,False,False,False,False
106,38650.0,2042-12-18,False,False,False,True
103,78826.0,2042-12-19,False,False,False,True
103,56277.0,2042-12-20,True,False,False,False
108,87970.0,2042-12-21,False,False,False,True
105,32456.0,2042-12-22,False,False,False,True
107,46590.0,2042-12-23,True,False,False,False
105,57892.0,2042-12-24,True,False,False,False
108,47740.0,2042-12-25,False,False,False,False
104,75728.0,2042-12-26,False,False,True,False
102,41788.0,2042-12-27,False,False,False,True
103,53845.0,2042-12-28,False,False,False,True
108,37156.0,2042-12-29,True,False,False,False
107,77033.0,2042-12-30,True,False,False,False
102,38151.0,2042-12-31,False,False,False,False
106,56515.0,2043-01-01,False,False,False,True
109,40987.0,2043-01-02,False,False,False,True
104,42560.0,2043-01-03,False,False,True,False
109,85674.0,2043-01-04,False,True,False,False
102,32673.0,2043-01-05,False,True,False,False
102,77767.0,2043-01-06,False,False,False,True
109,80201.0,2043-01-07,False,True,False,False
107,36823.0,2043-01-08,True,False,False,False
107,81743.0,2043-01-09,False,False,False,True
101,69644.0,2043-01-10,False,True,False,False
106,58365.0,2043-01-11,False,True,False,False
107,83156.0,2043-01-12,False,False,False,True
106,68741.0,2043-01-13,False,True,False,False
106,38282.0,2043-01-14,False,False,False,False
102,71435.0,2043-01-15,True,False,False,False
106,38056.0,2043-01-16,False,False,False,True
104,64814.0,2043-01-17,True,False,False,False
109,51691.0,2043-01-18,False,False,False,False
101,70504.0,2043-01-19,False,False,False,False
108,66458.0,2043-01-20,False,False,False,False
105,58601.0,2043-01-21,False,False,False,False
101,82418.0,2043-01-22,False,False,False,True
104,51013.0,2043-01-23,True,False,False,False
101,65513.0,2043-01-24,False,False,False,True
106,53407.0,2043-01-25,True,False,False,False
102,54660.0,2043-01-26,False,False,False,True
105,32639.0,2043-01-27,False,True,False,False
107,51320.0,2043-01-28,False,False,False,False
102,30076.0,2043-01-29,False,False,True,False
106,36473.0,2043-01-30,False,False,False,True
106,40622.0,2043-01-31,False,False,True,False
105,82656.0,2043-02-01,False,False,False,True
105,48808.0,2043-02-02,False,False,False,True
103,85636.0,2043-02-03,False,False,False,True
102,35296.0,2043-02-04,False,False,False,False
107,52951.0,2043-02-05,False,False,True,False
101,52470.0,2043-02-06,False,False,True,False
106,81373.0,2043-02-07,False,False,False,True
106,30405.0,2043-02-08,False,True,False,False
103,81281.0,2043-02-09,False,False,False,True
102,75076.0,2043-02-10,False,False,True,False
102,85986.0,2043-02-11,False,False,False,False
109,45345.0,2043-02-12,False,False,False,False
105,30397.0,2043-02-13,False,True,False,False
107,44665.0,2043-02-14,False,False,False,True
105,44560.0,2043-02-15,False,False,False,False
107,56376.0,2043-02-16,False,False,False,True
104,49857.0,2043-02-17,False,False,False,True
108,62506.0,2043-02-18,False,True,False,False
107,72768.0,2043-02-19,False,True,False,False
105,67757.0,2043-02-20,False,False,True,False
106,50310.0,2043-02-21,True,False,False,False
105,48328.0,2043-02-22,False,True,False,False
107,71397.0,2043-02-23,False,False,False,True
102,68159.0,2043-02-24,False,False,False,False
105,84551.0,2043-02-25,False,False,False,True
103,62990.0,2043-02-26,False,False,True,False
109,80762.0,2043-02-27,False,False,True,False
106,37830.0,2043-02-28,False,False,True,False
103,89304.0,2043-03-01,False,False,False,False
107,78998.0,2043-03-02,False,False,False,True
104,83756.0,2043-03-03,True,False,False,False
103,66768.0,2043-03-04,False,True,False,False
108,49048.0,2043-03-05,False,True,False,False
104,80217.0,2043-03-06,False,True,False,False
101,76255.0,2043-03-07,False,False,False,False
106,51748.0,2043-03-08,False,False,False,True
101,88620.0,2043-03-09,False,True,False,False
105,35393.0,2043-03-10,True,False,False,False
107,86254.0,2043-03-11,False,False,False,True
106,53885.0,2043-03-12,False,True,False,False
102,30603.0,2043-03-13,False,False,False,False
104,84282.0,2043-03-14,False,True,False,False
102,36295.0,2043-03-15,False,False,False,True
101,71148.0,2043-03-16,False,False,False,True
103,37103.0,2043-03-17,False,False,True,False
103,55251.0,2043-03-18,False,False,False,True
107,79789.0,2043-03-19,False,False,True,False
101,44546.0,2043-03-20,False,False,False,True
109,89340.0,2043-03-21,False,False,False,True
106,45456.0,2043-03-22,False,True,False,False
104,48228.0,2043-03-23,False,False,False,True
103,44674.0,2043-03-24,False,False,True,False
103,30046.0,2043-03-25,True,False,False,False
102,30819.0,2043-03-26,False,False,False,False
102,66575.0,2043-03-27,False,False,False,True
105,49406.0,2043-03-28,False,False,False,False
109,31080.0,2043-03-29,False,False,False,True
102,33146.0,2043-03-30,False,True,False,False
102,80429.0,2043-03-31,False,False,False,True
106,41926.0,2043-04-01,False,True,False,False
102,45930.0,2043-04-02,False,False,False,False
104,77940.0,2043-04-03,False,False,False,False
106,45287.0,2043-04-04,False,False,False,False
105,69509.0,2043-04-05,False,False,False,False
101,64985.0,2043-04-06,False,False,False,True
106,84417.0,2043-04-07,False,False,False,True
101,32886.0,2043-04-08,False,False,False,True
103,43344.0,2043-04-09,False,False,False,True
105,52018.0,2043-04-10,False,False,False,True
105,71755.0,2043-04-11,False,False,True,False
106,82480.0,2043-04-12,False,False,False,True
108,37293.0,2043-04-13,False,False,True,False
105,33006.0,2043-04-14,False,False,False,False
101,69726.0,2043-04-15,False,False,True,False
105,54356.0,2043-04-16,False,False,False,True
103,73349.0,2043-04-17,True,False,False,False
104,66911.0,2043-04-18,False,False,False,False
108,44699.0,2043-04-19,False,True,False,False
107,58434.0,2043-04-20,False,False,True,False
105,84669.0,2043-04-21,False,False,False,True
102,47602.0,2043-04-22,False,False,False,True
106,70786.0,2043-04-23,False,True,False,False
106,39952.0,2043-04-24,False,False,False,True
106,71684.0,2043-04-25,False,False,False,False
109,80496.0,2043-04-26,False,False,False,True
108,60489.0,2043-04-27,True,False,False,False
108,62905.0,2043-04-28,False,False,False,True
101,83602.0,2043-04-29,True,False,False,False
105,76924.0,2043-04-30,False,False,False,True
107,43381.0,2043-05-01,False,False,False,True
106,84058.0,2043-05-02,False,False,False,False
105,43893.0,2043-05-03,False,True,False,False
108,58130.0,2043-05-04,False,False,False,False
103,60415.0,2043-05-05,True,False,False,False
106,79128.0,2043-05-06,False,False,True,False
105,49143.0,2043-05-07,False,False,False,True
108,62826.0,2043-05-08,False,False,False,True
104,79922.0,2043-05-09,False,True,False,False
108,30388.0,2043-05-10,False,True,False,False
102,42116.0,2043-05-11,True,False,False,False
109,49806.0,2043-05-12,False,False,True,False
109,69780.0,2043-05-13,False,False,False,False
106,75394.0,2043-05-14,False,False,False,True
104,34852.0,2043-05-15,False,False,False,True
104,79747.0,2043-05-16,False,False,False,True
106,38627.0,2043-05-17,False,False,False,True
105,88817.0,2043-05-18,False,False,True,False
106,59048.0,2043-05-19,True,False,False,False
107,64750.0,2043-05-20,False,True,False,False
107,57014.0,2043-05-21,False,False,False,True
109,77584.0,2043-05-22,False,True,False,False
108,41060.0,2043-05-23,False,False,False,True
106,75169.0,2043-05-24,True,False,False,False
106,88117.0,2043-05-25,False,False,False,True
105,89270.0,2043-05-26,False,False,False,True
101,73179.0,2043-05-27,False,False,False,False
109,38209.0,2043-05-28,False,True,False,False
109,83482.0,2043-05-29,True,False,False,False
109,68197.0,2043-05-30,False,False,False,False
108,42158.0,2043-05-31,False,False,False,False
103,48076.0,2043-06-01,False,False,False,True
101,81922.0,2043-06-02,False,False,False,True
108,34376.0,2043-06-03,True,False,False,False
107,84078.0,2043-06-04,False,False,False,True
105,49651.0,2043-06-05,False,False,True,False
107,88482.0,2043-06-06,False,False,True,False
104,53948.0,2043-06-07,False,False,False,True
109,48079.0,2043-06-08,True,False,False,False
102,43978.0,2043-06-09,False,True,False,False
109,80738.0,2043-06-10,False,False,False,True
109,42705.0,2043-06-11,False,False,False,True
105,56907.0,2043-06-12,False,False,True,False
101,83832.0,2043-06-13,False,False,False,True
107,51831.0,2043-06-14,True,False,False,False
104,84612.0,2043-06-15,False,False,False,True
109,73629.0,2043-06-16,False,False,True,False
106,37965.0,2043-06-17,False,True,False,False
103,81420.0,2043-06-18,False,False,False,False
106,40248.0,2043-06-19,False,False,False,True
106,76988.0,2043-06-20,False,False,False,False
105,53633.0,2043-06-21,False,False,False,True
102,59503.0,2043-06-22,False,False,False,True
102,37461.0,2043-06-23,False,False,False,False
107,56998.0,2043-06-24,False,True,False,False
102,42821.0,2043-06-25,False,False,False,False
106,49870.0,2043-06-26,False,False,False,True
105,43410.0,2043-06-27,False,False,False,True
104,52185.0,2043-06-28,True,False,False,False
107,49133.0,2043-06-29,False,True,False,False
108,54169.0,2043-06-30,False,False,False,True
104,53359.0,2043-07-01,False,False,False,False
101,57400.0,2043-07-02,False,False,False,False
101,64173.0,2043-07-03,True,False,False,False
101,89230.0,2043-07-04,False,False,False,True
101,41179.0,2043-07-05,False,False,False,True
105,66343.0,2043-07-06,False,False,True,False
104,65495.0,2043-07-07,False,False,False,True
109,36487.0,2043-07-08,False,True,False,False
103,44760.0,2043-07-09,False,False,False,False
107,56439.0,2043-07-10,False,False,False,True
108,56929.0,2043-07-11,False,False,False,True
106,36291.0,2043-07-12,False,False,False,True
101,57472.0,2043-07-13,True,False,False,False
108,59403.0,2043-07-14,False,True,False,False
103,32501.0,2043-07-15,False,False,False,True
108,80089.0,2043-07-16,False,False,False,False
104,73040.0,2043-07-17,False,False,False,True
108,31755.0,2043-07-18,False,False,True,False
101,66158.0,2043-07-19,False,True,False,False
103,35816.0,2043-07-20,False,False,False,False
106,47600.0,2043-07-21,False,False,False,True
109,62616.0,2043-07-22,False,False,False,True
102,80355.0,2043-07-23,False,False,False,True
101,31890.0,2043-07-24,False,True,False,False
103,41223.0,2043-07-25,False,True,False,False
104,76597.0,2043-07-26,False,True,False,False
105,54966.0,2043-07-27,False,False,False,True
103,37688.0,2043-07-28,False,True,False,False
102,69268.0,2043-07-29,False,True,False,False
102,69484.0,2043-07-30,False,False,False,True
107,89855.0,2043-07-31,True,False,False,False
109,57553.0,2043-08-01,False,False,False,False
102,33746.0,2043-08-02,False,True,False,False
107,87442.0,2043-08-03,True,False,False,False
107,48579.0,2043-08-04,False,True,False,False
107,83817.0,2043-08-05,True,False,False,False
103,43014.0,2043-08-06,False,False,False,True
107,78443.0,2043-08-07,False,False,False,False
101,71961.0,2043-08-08,False,False,False,True
101,86501.0,2043-08-09,True,False,False,False
105,88914.0,2043-08-10,False,False,False,False
102,83550.0,2043-08-11,False,False,False,False
109,66397.0,2043-08-12,False,False,False,False
107,37766.0,2043-08-13,True,False,False,False
104,36147.0,2043-08-14,False,False,False,False
104,77881.0,2043-08-15,False,False,False,True
102,77210.0,2043-08-16,False,False,True,False
105,77178.0,2043-08-17,False,False,False,True
104,31063.0,2043-08-18,True,False,False,False
101,38830.0,2043-08-19,False,False,False,True
108,73702.0,2043-08-20,False,False,True,False
103,39334.0,2043-08-21,False,True,False,False
106,40312.0,2043-08-22,False,False,False,False
104,55127.0,2043-08-23,False,False,True,False
109,66043.0,2043-08-24,False,False,False,True
107,30976.0,2043-08-25,False,False,True,False
109,75151.0,2043-08-26,True,False,False,False
103,74174.0,2043-08-27,False,False,False,True
101,41739.0,2043-08-28,False,False,False,False
105,34069.0,2043-08-29,False,False,False,True
103,45604.0,2043-08-30,False,False,False,True
106,44612.0,2043-08-31,True,False,False,False
108,79102.0,2043-09-01,True,False,False,False
104,69170.0,2043-09-02,False,False,False,True
105,75101.0,2043-09-03,True,False,False,False
105,30345.0,2043-09-04,False,False,False,False
104,67710.0,2043-09-05,False,False,False,True
104,49326.0,2043-09-06,False,False,True,False
104,86556.0,2043-09-07,True,False,False,False
104,80228.0,2043-09-08,False,True,False,False
104,39363.0,2043-09-09,False,False,False,True
105,33770.0,2043-09-10,True,False,False,False
102,84804.0,2043-09-11,False,False,False,False
102,74121.0,2043-09-12,False,False,False,True
109,38424.0,2043-09-13,False,True,False,False
102,41990.0,2043-09-14,False,False,False,False
106,38048.0,2043-09-15,False,False,False,True
102,58722.0,2043-09-16,False,False,False,True
105,74867.0,2043-09-17,False,False,False,True
104,74659.0,2043-09-18,False,False,True,False
107,62137.0,2043-09-19,False,False,False,False
107,45573.0,2043-09-20,False,False,False,True
106,46834.0,2043-09-21,False,True,False,False
105,39554.0,2043-09-22,False,False,False,False
101,63118.0,2043-09-23,False,False,True,False
103,57272.0,2043-09-24,True,False,False,False
109,72268.0,2043-09-25,False,False,False,True
101,66772.0,2043-09-26,False,False,False,False
105,41117.0,2043-09-27,False,False,True,False
102,51062.0,2043-09-28,False,True,False,False
104,46628.0,2043-09-29,False,False,False,False
101,83797.0,2043-09-30,False,False,False,True
103,43015.0,2043-10-01,False,True,False,False
107,34734.0,2043-10-02,False,True,False,False
103,75639.0,2043-10-03,False,False,False,False
104,89617.0,2043-10-04,False,True,False,False
102,45162.0,2043-10-05,False,True,False,False
103,79592.0,2043-10-06,False,False,False,True
109,74505.0,2043-10-07,False,True,False,False
103,39659.0,2043-10-08,False,False,False,False
105,85067.0,2043-10-09,False,True,False,False
102,46795.0,2043-10-10,False,False,False,True
104,63581.0,2043-10-11,False,False,True,False
107,58917.0,2043-10-12,True,False,False,False
107,83830.0,2043-10-13,False,False,False,False
103,48114.0,2043-10-14,False,True,False,False
105,36643.0,2043-10-15,True,False,False,False
101,43269.0,2043-10-16,False,True,False,False
101,48358.0,2043-10-17,False,True,False,False
105,63317.0,2043-10-18,True,False,False,False
109,77220.0,2043-10-19,False,False,False,True
101,62493.0,2043-10-20,False,False,False,False
101,48321.0,2043-10-21,False,True,False,False
104,30203.0,2043-10-22,False,False,True,False
104,45718.0,2043-10-23,False,True,False,False
102,66356.0,2043-10-24,False,False,True,False
109,86235.0,2043-10-25,False,False,False,True
109,65304.0,2043-10-26,False,False,False,True
102,52172.0,2043-10-27,False,False,False,False
109,38298.0,2043-10-28,False,False,False,True
106,50195.0,2043-10-29,False,False,True,False
108,65469.0,2043-10-30,False,False,False,False
104,74857.0,2043-10-31,True,False,False,False
102,40411.0,2043-11-01,False,False,False,False
102,37825.0,2043-11-02,True,False,False,False
109,61238.0,2043-11-03,False,False,True,False
101,68742.0,2043-11-04,False,True,False,False
107,83088.0,2043-11-05,False,False,False,True
103,34090.0,2043-11-06,False,False,False,True
103,88301.0,2043-11-07,False,False,False,True
102,53340.0,2043-11-08,False,True,False,False
106,57151.0,2043-11-09,False,False,False,True
102,73327.0,2043-11-10,False,False,False,True
104,39252.0,2043-11-11,False,False,False,False
109,65314.0,2043-11-12,False,False,False,False
109,33736.0,2043-11-13,False,True,False,False
106,77368.0,2043-11-14,False,False,True,False
104,31672.0,2043-11-15,False,False,False,True
107,30401.0,2043-11-16,False,True,False,False
101,45322.0,2043-11-17,False,False,False,True
104,55177.0,2043-11-18,False,False,False,True
105,41191.0,2043-11-19,True,False,False,False
108,67081.0,2043-11-20,False,False,True,False
102,44665.0,2043-11-21,False,False,False,True
105,74412.0,2043-11-22,False,False,False,True
106,85504.0,2043-11-23,False,False,True,False
105,74594.0,2043-11-24,False,False,True,False
109,87631.0,2043-11-25,False,False,False,True
101,79239.0,2043-11-26,False,False,False,True
103,86298.0,2043-11-27,True,False,False,False
102,79071.0,2043-11-28,False,False,False,True
103,69047.0,2043-11-29,False,False,True,False
109,81357.0,2043-11-30,False,False,False,False
109,61513.0,2043-12-01,False,True,False,False
102,32967.0,2043-12-02,True,False,False,False
103,67018.0,2043-12-03,False,False,False,False
104,82686.0,2043-12-04,False,True,False,False
109,54795.0,2043-12-05,False,False,True,False
103,88826.0,2043-12-06,False,False,False,True
107,33238.0,2043-12-07,False,False,False,True
103,38513.0,2043-12-08,True,False,False,False
107,32738.0,2043-12-09,False,False,False,False
107,34936.0,2043-12-10,False,True,False,False
109,64604.0,2043-12-11,False,False,False,True
102,81711.0,2043-12-12,False,True,False,False
106,60806.0,2043-12-13,False,True,False,False
109,31568.0,2043-12-14,False,True,False,False
102,73282.0,2043-12-15,False,True,False,False
102,60860.0,2043-12-16,False,False,False,True
105,76815.0,2043-12-17,False,False,False,False
108,34720.0,2043-12-18,False,False,False,True
109,70725.0,2043-12-19,False,False,False,False
102,73923.0,2043-12-20,True,False,False,False
105,38544.0,2043-12-21,False,False,False,True
107,55604.0,2043-12-22,False,False,True,False
106,69293.0,2043-12-23,True,False,False,False
106,46083.0,2043-12-24,False,False,False,False
107,37935.0,2043-12-25,False,True,False,False
103,60029.0,2043-12-26,False,False,False,True
103,56585.0,2043-12-27,True,False,False,False
109,88271.0,2043-12-28,False,False,False,False
108,87373.0,2043-12-29,False,False,True,False
105,53898.0,2043-12-30,False,False,False,True
106,53449.0,2043-12-31,False,True,False,False
101,36737.0,2044-01-01,False,False,False,False
101,65308.0,2044-01-02,False,False,True,False
104,50203.0,2044-01-03,False,False,False,True
102,87838.0,2044-01-04,True,False,False,False
107,87175.0,2044-01-05,False,False,False,True
102,59059.0,2044-01-06,False,False,False,False
102,55448.0,2044-01-07,False,False,True,False
105,47218.0,2044-01-08,False,False,True,False
104,49708.0,2044-01-09,False,True,False,False
108,47013.0,2044-01-10,False,False,False,True
104,32986.0,2044-01-11,True,False,False,False
106,87373.0,2044-01-12,False,True,False,False
105,77726.0,2044-01-13,True,False,False,False
102,87231.0,2044-01-14,False,False,False,False
108,54317.0,2044-01-15,False,False,False,True
102,82934.0,2044-01-16,False,False,True,False
109,55382.0,2044-01-17,False,False,False,True
109,36485.0,2044-01-18,False,False,False,True
103,60504.0,2044-01-19,False,False,True,False
104,84558.0,2044-01-20,True,False,False,False
108,89312.0,2044-01-21,False,True,False,False
109,82620.0,2044-01-22,False,False,False,True
103,53528.0,2044-01-23,False,False,True,False
105,41772.0,2044-01-24,False,False,False,True
108,40152.0,2044-01-25,False,False,False,True
103,42531.0,2044-01-26,False,False,False,True
107,87564.0,2044-01-27,False,False,False,True
108,84427.0,2044-01-28,False,False,True,False
103,60078.0,2044-01-29,False,False,False,True
102,68635.0,2044-01-30,False,False,True,False
107,55919.0,2044-01-31,False,False,False,False
109,52900.0,2044-02-01,False,False,False,True
101,67394.0,2044-02-02,False,False,False,True
103,65030.0,2044-02-03,False,True,False,False
105,32414.0,2044-02-04,False,False,False,False
103,40353.0,2044-02-05,False,False,False,True
101,45559.0,2044-02-06,False,False,False,True
107,42312.0,2044-02-07,False,False,False,True
107,57557.0,2044-02-08,True,False,False,False
108,68008.0,2044-02-09,False,False,False,False
105,44053.0,2044-02-10,False,False,False,False
105,71817.0,2044-02-11,True,False,False,False
105,67890.0,2044-02-12,False,False,False,True
101,34993.0,2044-02-13,False,False,False,True
105,88116.0,2044-02-14,True,False,False,False
106,48876.0,2044-02-15,False,False,True,False
101,78381.0,2044-02-16,False,False,False,True
107,38211.0,2044-02-17,False,True,False,False
101,43515.0,2044-02-18,False,False,False,True
102,71765.0,2044-02-19,False,False,True,False
102,46335.0,2044-02-20,False,False,False,True
105,88724.0,2044-02-21,False,False,False,False
107,32175.0,2044-02-22,False,False,True,False
101,32405.0,2044-02-23,False,False,False,False
101,82515.0,2044-02-24,False,False,False,True
101,37341.0,2044-02-25,True,False,False,False
106,54284.0,2044-02-26,False,False,True,False
102,58002.0,2044-02-27,False,False,False,True
101,55456.0,2044-02-28,False,False,False,True
106,88677.0,2044-02-29,False,False,False,False
102,56260.0,2044-03-01,False,True,False,False
106,73924.0,2044-03-02,False,False,False,True
108,45963.0,2044-03-03,False,False,False,False
102,47989.0,2044-03-04,False,True,False,False
109,48941.0,2044-03-05,False,True,False,False
108,55019.0,2044-03-06,False,False,False,True
101,45779.0,2044-03-07,True,False,False,False
107,48426.0,2044-03-08,True,False,False,False
106,60183.0,2044-03-09,False,True,False,False
106,30778.0,2044-03-10,False,False,True,False
106,65927.0,2044-03-11,False,False,False,False
106,36395.0,2044-03-12,True,False,False,False
107,64514.0,2044-03-13,False,False,False,True
103,35974.0,2044-03-14,False,True,False,False
106,35150.0,2044-03-15,False,False,False,False
103,42132.0,2044-03-16,False,True,False,False
107,79572.0,2044-03-17,False,False,False,False
107,72811.0,2044-03-18,False,False,False,True
108,48492.0,2044-03-19,False,False,False,True
102,67442.0,2044-03-20,False,False,False,True
109,59431.0,2044-03-21,True,False,False,False
105,66764.0,2044-03-22,False,False,True,False
109,52466.0,2044-03-23,False,False,False,True
105,39550.0,2044-03-24,False,False,False,False
107,83062.0,2044-03-25,False,False,False,False
109,65394.0,2044-03-26,False,True,False,False
104,63258.0,2044-03-27,False,True,False,False
102,39487.0,2044-03-28,True,False,False,False
109,85084.0,2044-03-29,False,True,False,False
102,40273.0,2044-03-30,False,False,False,True
103,60931.0,2044-03-31,False,True,False,False
102,49755.0,2044-04-01,True,False,False,False
103,43684.0,2044-04-02,False,False,False,False
106,56748.0,2044-04-03,False,True,False,False
103,41366.0,2044-04-04,False,False,False,True
108,83216.0,2044-04-05,False,False,False,False
106,84989.0,2044-04-06,True,False,False,False
107,61863.0,2044-04-07,False,False,False,False
101,58329.0,2044-04-08,False,False,True,False
103,78674.0,2044-04-09,False,True,False,False
103,67757.0,2044-04-10,False,True,False,False
102,74789.0,2044-04-11,False,True,False,False
107,85123.0,2044-04-12,False,False,False,False
109,56525.0,2044-04-13,True,False,False,False
104,66148.0,2044-04-14,False,True,False,False
105,68457.0,2044-04-15,True,False,False,False
103,71371.0,2044-04-16,False,False,False,False
109,88766.0,2044-04-17,False,False,False,True
104,70241.0,2044-04-18,True,False,False,False
105,31676.0,2044-04-19,True,False,False,False
101,70558.0,2044-04-20,False,False,False,False
102,35282.0,2044-04-21,False,False,False,True
109,56222.0,2044-04-22,False,False,False,True
102,81863.0,2044-04-23,False,False,False,False
105,43376.0,2044-04-24,False,False,False,False
108,39431.0,2044-04-25,False,False,False,False
103,63370.0,2044-04-26,False,False,False,False
106,31937.0,2044-04-27,False,False,False,False
104,54505.0,2044-04-28,False,False,False,True
107,54601.0,2044-04-29,False,False,False,True
103,69580.0,2044-04-30,False,False,False,False
106,59255.0,2044-05-01,False,False,True,False
109,31067.0,2044-05-02,False,False,False,False
101,43401.0,2044-05-03,True,False,False,False
103,68020.0,2044-05-04,False,False,False,True
102,43472.0,2044-05-05,True,False,False,False
108,85015.0,2044-05-06,False,False,False,False
107,63147.0,2044-05-07,False,False,False,True
102,55860.0,2044-05-08,False,False,True,False
106,84654.0,2044-05-09,False,True,False,False
103,82334.0,2044-05-10,False,False,False,False
108,50131.0,2044-05-11,False,True,False,False
103,35196.0,2044-05-12,False,False,True,False
109,89600.0,2044-05-13,False,False,False,True
101,51516.0,2044-05-14,True,False,False,False
105,52424.0,2044-05-15,False,True,False,False
103,43881.0,2044-05-16,False,False,False,False
106,60593.0,2044-05-17,False,False,True,False
102,74887.0,2044-05-18,False,True,False,False
109,83272.0,2044-05-19,True,False,False,False
106,71505.0,2044-05-20,False,False,False,True
107,35259.0,2044-05-21,False,False,False,False
105,54850.0,2044-05-22,False,False,False,False
109,74401.0,2044-05-23,False,False,False,False
101,61593.0,2044-05-24,True,False,False,False
105,40461.0,2044-05-25,True,False,False,False
106,57684.0,2044-05-26,False,False,False,True
107,65690.0,2044-05-27,False,False,False,False
104,59824.0,2044-05-28,False,True,False,False
101,33387.0,2044-05-29,False,False,True,False
108,51826.0,2044-05-30,False,False,True,False
104,84704.0,2044-05-31,False,True,False,False
103,44553.0,2044-06-01,False,False,False,True
107,72830.0,2044-06-02,False,True,False,False
102,59431.0,2044-06-03,False,False,False,True
108,84519.0,2044-06-04,False,False,True,False
106,87454.0,2044-06-05,False,False,False,True
107,36959.0,2044-06-06,False,False,False,False
105,72715.0,2044-06-07,False,False,False,True
109,59379.0,2044-06-08,False,False,False,False
105,52674.0,2044-06-09,True,False,False,False
105,39559.0,2044-06-10,False,False,False,False
103,62252.0,2044-06-11,False,False,True,False
101,56104.0,2044-06-12,False,False,False,False
102,30551.0,2044-06-13,False,True,False,False
108,30133.0,2044-06-14,True,False,False,False
101,36607.0,2044-06-15,False,False,False,False
107,41103.0,2044-06-16,False,False,False,True
105,72973.0,2044-06-17,False,False,False,True
103,59858.0,2044-06-18,False,False,False,False
107,69367.0,2044-06-19,True,False,False,False
109,43372.0,2044-06-20,False,False,False,False
102,67892.0,2044-06-21,False,False,False,True
108,63828.0,2044-06-22,False,False,False,True
109,89851.0,2044-06-23,False,False,False,True
103,86536.0,2044-06-24,False,False,False,True
102,44048.0,2044-06-25,False,False,True,False
107,89366.0,2044-06-26,False,True,False,False
105,60423.0,2044-06-27,False,False,False,True
105,48570.0,2044-06-28,False,False,False,False
105,49049.0,2044-06-29,False,True,False,False
104,65938.0,2044-06-30,False,False,False,True
105,40919.0,2044-07-01,False,False,False,False
104,61680.0,2044-07-02,False,False,False,False
106,81798.0,2044-07-03,False,True,False,False
104,79747.0,2044-07-04,False,False,False,True
102,78351.0,2044-07-05,True,False,False,False
109,66874.0,2044-07-06,False,False,False,False
102,89718.0,2044-07-07,False,False,True,False
109,84969.0,2044-07-08,False,False,False,True
106,66189.0,2044-07-09,True,False,False,False
109,46303.0,2044-07-10,False,False,False,True
109,65046.0,2044-07-11,False,False,False,False
103,47548.0,2044-07-12,True,False,False,False
101,47001.0,2044-07-13,False,True,False,False
101,75820.0,2044-07-14,False,False,False,False
103,62699.0,2044-07-15,False,True,False,False
105,58720.0,2044-07-16,False,False,False,False
103,63218.0,2044-07-17,True,False,False,False
109,39990.0,2044-07-18,False,True,False,False
109,42778.0,2044-07-19,False,False,False,True
103,70140.0,2044-07-20,False,False,False,False
103,64660.0,2044-07-21,False,False,False,True
105,51912.0,2044-07-22,False,True,False,False
102,81606.0,2044-07-23,False,False,False,True
106,76130.0,2044-07-24,False,True,False,False
107,56798.0,2044-07-25,False,False,False,False
109,33808.0,2044-07-26,False,False,False,True
106,39476.0,2044-07-27,False,False,False,True
103,89871.0,2044-07-28,False,True,False,False
105,80909.0,2044-07-29,False,False,True,False
104,46606.0,2044-07-30,False,False,False,False
105,58940.0,2044-07-31,False,False,False,False
108,53337.0,2044-08-01,False,True,False,False
108,53420.0,2044-08-02,True,False,False,False
106,88244.0,2044-08-03,False,True,False,False
101,59590.0,2044-08-04,False,False,False,True
108,81517.0,2044-08-05,True,False,False,False
108,59056.0,2044-08-06,True,False,False,False
102,31609.0,2044-08-07,False,False,False,True
104,59297.0,2044-08-08,False,False,True,False
102,57866.0,2044-08-09,False,False,False,False
104,86373.0,2044-08-10,False,False,True,False
107,63991.0,2044-08-11,False,False,False,True
109,31907.0,2044-08-12,False,False,True,False
108,44978.0,2044-08-13,False,False,False,False
109,55938.0,2044-08-14,False,True,False,False
108,40943.0,2044-08-15,False,False,False,False
102,35810.0,2044-08-16,False,True,False,False
107,74929.0,2044-08-17,False,False,False,True
102,85600.0,2044-08-18,False,False,False,True
102,87118.0,2044-08-19,False,False,False,False
104,76831.0,2044-08-20,True,False,False,False
101,88612.0,2044-08-21,False,False,False,False
105,67705.0,2044-08-22,False,True,False,False
106,52132.0,2044-08-23,False,False,True,False
109,47615.0,2044-08-24,False,False,False,True
108,75028.0,2044-08-25,False,False,False,True
102,39939.0,2044-08-26,False,True,False,False
101,73518.0,2044-08-27,False,False,False,False
102,59954.0,2044-08-28,True,False,False,False
107,30737.0,2044-08-29,True,False,False,False
104,50820.0,2044-08-30,True,False,False,False
105,82131.0,2044-08-31,False,True,False,False
107,78703.0,2044-09-01,False,False,True,False
103,72911.0,2044-09-02,False,False,False,False
102,89125.0,2044-09-03,False,False,False,True
107,79681.0,2044-09-04,False,True,False,False
105,42321.0,2044-09-05,False,False,False,False
101,62567.0,2044-09-06,True,False,False,False
101,86293.0,2044-09-07,True,False,False,False
109,34418.0,2044-09-08,False,False,False,True
105,72164.0,2044-09-09,False,True,False,False
101,31986.0,2044-09-10,False,False,False,True
107,63114.0,2044-09-11,True,False,False,False
109,68593.0,2044-09-12,False,False,False,False
101,63983.0,2044-09-13,False,False,True,False
104,76658.0,2044-09-14,True,False,False,False
103,73728.0,2044-09-15,False,False,False,True
105,87197.0,2044-09-16,False,False,True,False
107,52182.0,2044-09-17,True,False,False,False
108,61989.0,2044-09-18,True,False,False,False
102,63012.0,2044-09-19,False,False,True,False
107,76887.0,2044-09-20,False,False,False,False
101,53442.0,2044-09-21,True,False,False,False
107,41243.0,2044-09-22,True,False,False,False
108,30132.0,2044-09-23,False,False,False,False
102,45556.0,2044-09-24,False,True,False,False
109,47754.0,2044-09-25,False,False,True,False
101,89440.0,2044-09-26,False,True,False,False
106,63855.0,2044-09-27,True,False,False,False
101,39839.0,2044-09-28,False,False,False,True
103,72851.0,2044-09-29,False,False,False,True
106,89064.0,2044-09-30,False,True,False,False
103,76183.0,2044-10-01,False,False,False,True
108,50386.0,2044-10-02,False,False,False,False
105,73220.0,2044-10-03,False,False,False,True
102,43828.0,2044-10-04,False,False,False,False
104,71078.0,2044-10-05,False,True,False,False
109,65671.0,2044-10-06,True,False,False,False
104,53206.0,2044-10-07,True,False,False,False
108,30894.0,2044-10-08,False,False,False,True
105,31265.0,2044-10-09,True,False,False,False
101,52807.0,2044-10-10,False,False,False,True
107,61143.0,2044-10-11,False,False,True,False
103,79514.0,2044-10-12,False,False,False,True
108,86316.0,2044-10-13,False,False,False,True
103,39965.0,2044-10-14,False,False,True,False
101,60412.0,2044-10-15,False,False,False,False
105,62229.0,2044-10-16,False,False,False,True
102,62748.0,2044-10-17,False,False,False,True
104,71273.0,2044-10-18,True,False,False,False
101,84784.0,2044-10-19,False,False,False,True
109,48090.0,2044-10-20,True,False,False,False
106,70102.0,2044-10-21,False,False,True,False
108,58041.0,2044-10-22,True,False,False,False
104,86065.0,2044-10-23,False,False,False,True
109,43374.0,2044-10-24,True,False,False,False
102,76116.0,2044-10-25,True,False,False,False
109,45375.0,2044-10-26,False,False,True,False
105,89133.0,2044-10-27,False,True,False,False
106,32393.0,2044-10-28,True,False,False,False
103,41802.0,2044-10-29,False,True,False,False
104,87278.0,2044-10-30,True,False,False,False
106,66462.0,2044-10-31,False,False,False,True
107,89624.0,2044-11-01,False,True,False,False
101,80141.0,2044-11-02,False,False,False,True
107,44911.0,2044-11-03,False,False,False,False
101,50064.0,2044-11-04,True,False,False,False
105,40655.0,2044-11-05,False,False,False,True
106,71864.0,2044-11-06,True,False,False,False
102,36410.0,2044-11-07,False,False,True,False
109,66165.0,2044-11-08,True,False,False,False
106,50381.0,2044-11-09,True,False,False,False
107,75799.0,2044-11-10,False,False,False,True
108,63678.0,2044-11-11,False,False,False,True
101,52970.0,2044-11-12,False,False,False,True
108,89951.0,2044-11-13,False,False,False,True
104,85133.0,2044-11-14,False,False,False,True
108,56321.0,2044-11-15,True,False,False,False
106,48507.0,2044-11-16,False,False,True,False
109,48235.0,2044-11-17,False,True,False,False
104,77683.0,2044-11-18,False,False,True,False
102,85608.0,2044-11-19,False,False,True,False
102,42863.0,2044-11-20,False,False,False,False
105,74725.0,2044-11-21,False,False,True,False
109,31615.0,2044-11-22,False,True,False,False
103,40582.0,2044-11-23,False,True,False,False
108,57338.0,2044-11-24,False,False,True,False
104,39397.0,2044-11-25,False,False,False,False
106,66794.0,2044-11-26,False,False,False,True
106,59655.0,2044-11-27,True,False,False,False
103,69637.0,2044-11-28,False,False,True,False
105,73639.0,2044-11-29,True,False,False,False
103,48830.0,2044-11-30,False,False,False,True
101,66080.0,2044-12-01,False,False,False,False
107,38014.0,2044-12-02,False,False,True,False
104,86009.0,2044-12-03,False,True,False,False
107,67787.0,2044-12-04,False,False,False,True
103,73061.0,2044-12-05,False,False,False,False
105,33216.0,2044-12-06,True,False,False,False
105,51859.0,2044-12-07,False,False,False,True
102,50053.0,2044-12-08,False,False,False,True
102,41222.0,2044-12-09,False,True,False,False
104,48908.0,2044-12-10,False,True,False,False
104,58693.0,2044-12-11,False,False,False,True
104,53882.0,2044-12-12,False,False,False,False
106,43603.0,2044-12-13,False,False,False,False
102,57883.0,2044-12-14,False,False,False,False
106,43340.0,2044-12-15,False,False,False,False
107,73702.0,2044-12-16,False,False,False,True
103,48345.0,2044-12-17,False,False,False,False
108,52687.0,2044-12-18,False,True,False,False
102,59581.0,2044-12-19,False,True,False,False
108,67393.0,2044-12-20,False,False,False,True
105,58197.0,2044-12-21,False,False,False,True
102,38292.0,2044-12-22,False,False,False,True
107,72273.0,2044-12-23,False,False,False,True
102,33448.0,2044-12-24,False,False,False,True
106,49628.0,2044-12-25,False,False,False,False
103,44678.0,2044-12-26,False,False,True,False
109,68815.0,2044-12-27,False,True,False,False
103,56477.0,2044-12-28,False,True,False,False
103,83826.0,2044-12-29,False,False,False,True
105,31214.0,2044-12-30,False,False,False,False
107,53990.0,2044-12-31,False,True,False,False
108,50010.0,2045-01-01,False,True,False,False
107,88133.0,2045-01-02,False,False,False,True
109,72326.0,2045-01-03,False,False,True,False
105,70643.0,2045-01-04,False,False,False,False
103,61564.0,2045-01-05,False,True,False,False
106,85420.0,2045-01-06,False,False,True,False
105,76687.0,2045-01-07,False,False,False,True
104,77993.0,2045-01-08,False,False,False,False
102,85964.0,2045-01-09,True,False,False,False
107,74583.0,2045-01-10,False,False,False,True
105,68247.0,2045-01-11,True,False,False,False
104,55078.0,2045-01-12,False,False,True,False
108,30172.0,2045-01-13,False,False,True,False
109,47270.0,2045-01-14,False,False,False,True
109,88761.0,2045-01-15,False,False,False,True
103,58108.0,2045-01-16,False,False,False,True
103,46044.0,2045-01-17,False,False,False,True
105,36263.0,2045-01-18,False,False,False,False
105,50752.0,2045-01-19,False,False,False,False
102,41621.0,2045-01-20,False,True,False,False
101,72369.0,2045-01-21,False,True,False,False
108,37056.0,2045-01-22,False,False,False,True
103,51337.0,2045-01-23,False,False,False,False
101,89254.0,2045-01-24,False,False,False,False
101,44245.0,2045-01-25,False,False,False,False
102,62676.0,2045-01-26,True,False,False,False
106,78446.0,2045-01-27,True,False,False,False
106,30260.0,2045-01-28,False,False,False,False
103,82504.0,2045-01-29,False,True,False,False
104,31352.0,2045-01-30,False,False,False,False
102,35243.0,2045-01-31,False,False,False,True
102,72459.0,2045-02-01,False,True,False,False
107,75333.0,2045-02-02,False,False,False,True
101,89484.0,2045-02-03,False,False,False,True
107,49390.0,2045-02-04,True,False,False,False
101,58194.0,2045-02-05,False,False,False,False
106,79974.0,2045-02-06,False,True,False,False
103,60847.0,2045-02-07,False,True,False,False
108,79683.0,2045-02-08,True,False,False,False
106,49204.0,2045-02-09,False,False,False,True
102,30166.0,2045-02-10,False,False,False,True
108,51310.0,2045-02-11,False,False,False,True
105,75291.0,2045-02-12,False,False,False,False
108,47439.0,2045-02-13,False,True,False,False
108,31254.0,2045-02-14,False,False,False,True
106,34286.0,2045-02-15,False,False,False,False
102,38009.0,2045-02-16,False,False,False,True
108,34007.0,2045-02-17,False,True,False,False
106,44992.0,2045-02-18,False,False,False,False
106,70526.0,2045-02-19,False,True,False,False
108,39723.0,2045-02-20,True,False,False,False
101,58104.0,2045-02-21,True,False,False,False
102,44590.0,2045-02-22,False,True,False,False
109,45638.0,2045-02-23,False,False,False,True
108,75002.0,2045-02-24,False,False,False,False
107,76779.0,2045-02-25,False,False,False,False
107,55548.0,2045-02-26,False,False,False,True
105,70657.0,2045-02-27,False,False,False,True
102,42016.0,2045-02-28,False,False,False,True
106,78183.0,2045-03-01,False,True,False,False
103,34744.0,2045-03-02,False,False,False,True
104,54681.0,2045-03-03,False,True,False,False
102,72564.0,2045-03-04,False,False,False,True
102,74733.0,2045-03-05,False,False,False,False
108,67055.0,2045-03-06,False,True,False,False
108,63770.0,2045-03-07,False,True,False,False
106,76357.0,2045-03-08,False,False,False,True
105,60239.0,2045-03-09,False,False,False,True
108,60894.0,2045-03-10,False,False,False,True
104,60465.0,2045-03-11,False,False,False,False
104,42922.0,2045-03-12,True,False,False,False
105,30084.0,2045-03-13,True,False,False,False
101,82147.0,2045-03-14,True,False,False,False
101,75783.0,2045-03-15,False,False,False,True
102,45373.0,2045-03-16,False,True,False,False
108,35156.0,2045-03-17,False,False,False,True
107,69962.0,2045-03-18,False,False,False,True
109,68551.0,2045-03-19,False,True,False,False
105,68463.0,2045-03-20,False,True,False,False
102,75125.0,2045-03-21,False,False,False,True
107,79305.0,2045-03-22,False,False,False,True
108,39653.0,2045-03-23,False,True,False,False
107,52798.0,2045-03-24,False,True,False,False
107,53068.0,2045-03-25,False,True,False,False
105,64787.0,2045-03-26,False,False,False,True
102,55673.0,2045-03-27,False,False,False,True
106,46155.0,2045-03-28,False,False,False,True
104,30570.0,2045-03-29,False,True,False,False
102,70690.0,2045-03-30,False,False,False,True
109,46200.0,2045-03-31,False,True,False,False
107,87492.0,2045-04-01,False,False,False,True
106,41769.0,2045-04-02,False,False,False,True
105,68921.0,2045-04-03,True,False,False,False
103,49075.0,2045-04-04,False,False,False,False
104,54053.0,2045-04-05,False,True,False,False
103,40301.0,2045-04-06,False,False,False,True
108,35507.0,2045-04-07,False,False,False,False
103,89262.0,2045-04-08,False,False,True,False
107,67637.0,2045-04-09,False,False,False,True
107,85001.0,2045-04-10,False,False,False,True
107,78359.0,2045-04-11,False,False,False,False
107,85119.0,2045-04-12,False,False,False,True
102,33655.0,2045-04-13,False,False,False,False
103,46347.0,2045-04-14,False,False,False,True
109,85823.0,2045-04-15,False,True,False,False
103,52053.0,2045-04-16,False,False,False,False
102,89056.0,2045-04-17,False,False,False,True
109,32492.0,2045-04-18,False,False,False,True
109,88688.0,2045-04-19,False,False,False,True
104,88450.0,2045-04-20,False,True,False,False
109,42304.0,2045-04-21,True,False,False,False
103,69280.0,2045-04-22,False,False,True,False
107,61403.0,2045-04-23,False,False,False,True
107,78011.0,2045-04-24,False,False,False,True
108,71542.0,2045-04-25,False,False,False,True
104,67118.0,2045-04-26,True,False,False,False
103,85751.0,2045-04-27,False,False,False,False
103,40882.0,2045-04-28,False,False,False,True
105,67424.0,2045-04-29,False,False,False,True
101,89924.0,2045-04-30,True,False,False,False
103,38511.0,2045-05-01,False,False,False,False
106,50699.0,2045-05-02,False,False,False,False
103,51178.0,2045-05-03,False,True,False,False
105,47821.0,2045-05-04,False,False,False,False
109,46415.0,2045-05-05,False,False,True,False
102,30714.0,2045-05-06,False,False,False,True
102,87107.0,2045-05-07,False,True,False,False
106,77857.0,2045-05-08,True,False,False,False
106,39231.0,2045-05-09,False,False,False,False
108,46792.0,2045-05-10,False,False,True,False
102,77931.0,2045-05-11,False,False,True,False
109,78776.0,2045-05-12,False,False,False,True
102,37346.0,2045-05-13,False,False,False,True
101,70806.0,2045-05-14,False,False,False,True
102,54124.0,2045-05-15,True,False,False,False
107,54048.0,2045-05-16,False,False,False,False
108,51415.0,2045-05-17,False,False,False,True
105,47511.0,2045-05-18,False,True,False,False
106,84588.0,2045-05-19,False,True,False,False
101,71666.0,2045-05-20,False,False,True,False
106,42031.0,2045-05-21,False,False,False,True
108,41215.0,2045-05-22,False,False,True,False
103,41851.0,2045-05-23,True,False,False,False
101,63550.0,2045-05-24,True,False,False,False
104,68068.0,2045-05-25,False,False,False,True
101,81331.0,2045-05-26,False,False,False,False
108,85958.0,2045-05-27,False,False,False,False
105,31178.0,2045-05-28,False,False,False,True
101,32406.0,2045-05-29,False,False,True,False
108,76314.0,2045-05-30,True,False,False,False
109,49191.0,2045-05-31,False,True,False,False
102,75220.0,2045-06-01,False,False,True,False
109,49148.0,2045-06-02,False,True,False,False
108,61146.0,2045-06-03,False,False,False,False
107,32724.0,2045-06-04,False,False,False,False
103,65303.0,2045-06-05,False,True,False,False
102,87556.0,2045-06-06,True,False,False,False
107,40140.0,2045-06-07,True,False,False,False
105,84013.0,2045-06-08,True,False,False,False
106,52684.0,2045-06-09,False,True,False,False
104,54240.0,2045-06-10,False,False,False,True
102,49530.0,2045-06-11,False,False,False,True
109,52962.0,2045-06-12,False,False,False,True
103,31201.0,2045-06-13,False,True,False,False
107,40011.0,2045-06-14,False,False,False,False
108,65657.0,2045-06-15,False,False,True,False
102,79796.0,2045-06-16,False,False,True,False
106,40551.0,2045-06-17,False,False,True,False
108,85103.0,2045-06-18,False,False,False,True
107,50606.0,2045-06-19,False,False,False,True
103,42664.0,2045-06-20,False,False,False,True
101,78472.0,2045-06-21,False,True,False,False
106,34320.0,2045-06-22,False,True,False,False
108,33088.0,2045-06-23,False,False,False,False
106,71456.0,2045-06-24,False,True,False,False
105,72976.0,2045-06-25,True,False,False,False
108,38664.0,2045-06-26,False,True,False,False
102,72848.0,2045-06-27,False,False,False,True
101,82534.0,2045-06-28,True,False,False,False
101,70693.0,2045-06-29,False,False,False,True
104,31160.0,2045-06-30,True,False,False,False
106,40714.0,2045-07-01,False,False,False,True
109,34312.0,2045-07-02,False,False,True,False
101,71155.0,2045-07-03,False,False,False,True
101,81400.0,2045-07-04,False,False,False,True
105,50845.0,2045-07-05,False,True,False,False
105,49150.0,2045-07-06,True,False,False,False
105,80703.0,2045-07-07,False,True,False,False
106,65215.0,2045-07-08,False,True,False,False
108,52028.0,2045-07-09,False,False,False,True
103,61309.0,2045-07-10,False,False,False,True
109,67077.0,2045-07-11,False,False,True,False
101,73348.0,2045-07-12,False,False,False,True
104,86648.0,2045-07-13,False,False,True,False
109,71078.0,2045-07-14,False,False,False,True
108,66264.0,2045-07-15,False,False,False,False
109,64484.0,2045-07-16,False,False,False,False
101,57459.0,2045-07-17,True,False,False,False
109,51321.0,2045-07-18,False,False,False,True
103,82066.0,2045-07-19,False,False,False,True
109,78500.0,2045-07-20,True,False,False,False
101,64440.0,2045-07-21,False,False,False,True
101,72162.0,2045-07-22,False,False,False,True
109,31455.0,2045-07-23,False,True,False,False
106,44031.0,2045-07-24,True,False,False,False
104,76000.0,2045-07-25,False,False,True,False
107,52929.0,2045-07-26,False,False,False,True
105,62137.0,2045-07-27,False,False,False,False
107,79108.0,2045-07-28,True,False,False,False
108,69794.0,2045-07-29,False,False,False,False
108,59237.0,2045-07-30,False,False,False,True
101,78206.0,2045-07-31,False,False,False,True
108,66746.0,2045-08-01,False,True,False,False
106,32471.0,2045-08-02,False,True,False,False
104,71077.0,2045-08-03,False,False,True,False
108,30367.0,2045-08-04,False,False,False,True
103,43417.0,2045-08-05,False,False,False,True
104,82328.0,2045-08-06,False,True,False,False
106,33374.0,2045-08-07,False,False,False,False
107,36773.0,2045-08-08,True,False,False,False
104,44205.0,2045-08-09,True,False,False,False
104,66580.0,2045-08-10,False,False,False,True
107,85443.0,2045-08-11,False,False,True,False
106,52369.0,2045-08-12,False,False,True,False
108,48581.0,2045-08-13,False,False,False,False
101,84063.0,2045-08-14,False,False,False,True
107,89473.0,2045-08-15,True,False,False,False
107,77119.0,2045-08-16,False,False,False,False
107,63668.0,2045-08-17,False,False,False,True
107,46576.0,2045-08-18,False,True,False,False
108,32770.0,2045-08-19,False,False,False,False
109,74308.0,2045-08-20,False,False,False,False
109,67948.0,2045-08-21,False,False,False,False
102,78076.0,2045-08-22,False,True,False,False
107,80102.0,2045-08-23,False,False,False,False
107,69447.0,2045-08-24,False,True,False,False
104,33606.0,2045-08-25,True,False,False,False
109,44678.0,2045-08-26,False,False,False,False
108,84190.0,2045-08-27,False,False,True,False
101,63025.0,2045-08-28,False,False,True,False
102,80373.0,2045-08-29,True,False,False,False
102,44388.0,2045-08-30,True,False,False,False
108,47034.0,2045-08-31,False,False,False,False
101,73278.0,2045-09-01,False,True,False,False
104,60920.0,2045-09-02,True,False,False,False
105,65193.0,2045-09-03,False,False,False,False
109,45011.0,2045-09-04,False,False,False,False
107,62347.0,2045-09-05,False,False,False,True
108,61254.0,2045-09-06,False,False,False,True
109,88266.0,2045-09-07,False,False,False,True
107,82311.0,2045-09-08,False,False,False,True
105,63165.0,2045-09-09,False,False,False,True
105,84453.0,2045-09-10,False,False,True,False
106,41106.0,2045-09-11,False,True,False,False
105,51786.0,2045-09-12,False,False,False,True
109,86852.0,2045-09-13,False,False,False,True
103,46944.0,2045-09-14,True,False,False,False
103,38381.0,2045-09-15,False,False,False,False
107,71164.0,2045-09-16,False,False,False,False
107,41207.0,2045-09-17,True,False,False,False
106,58715.0,2045-09-18,False,False,False,True
103,84251.0,2045-09-19,False,True,False,False
107,33371.0,2045-09-20,True,False,False,False
105,61359.0,2045-09-21,False,False,False,True
107,65809.0,2045-09-22,False,False,False,True
102,36844.0,2045-09-23,False,False,False,False
106,72665.0,2045-09-24,False,True,False,False
108,51782.0,2045-09-25,True,False,False,False
101,79864.0,2045-09-26,False,False,False,True
104,66224.0,2045-09-27,False,True,False,False
101,40876.0,2045-09-28,False,False,False,False
101,53331.0,2045-09-29,False,False,False,True
108,67174.0,2045-09-30,False,False,False,False
107,75933.0,2045-10-01,False,False,False,True
101,74559.0,2045-10-02,False,False,False,False
102,43144.0,2045-10-03,False,True,False,False
104,89665.0,2045-10-04,False,True,False,False
101,37649.0,2045-10-05,False,False,True,False
103,66645.0,2045-10-06,False,False,False,True
108,82674.0,2045-10-07,False,True,False,False
108,68419.0,2045-10-08,False,False,False,False
108,42818.0,2045-10-09,False,False,False,True
106,66880.0,2045-10-10,False,True,False,False
106,61773.0,2045-10-11,False,True,False,False
105,67333.0,2045-10-12,False,False,False,True
109,84058.0,2045-10-13,True,False,False,False
104,84575.0,2045-10-14,False,True,False,False
107,55130.0,2045-10-15,False,False,False,True
101,56716.0,2045-10-16,False,True,False,False
109,67745.0,2045-10-17,False,False,False,False
107,61297.0,2045-10-18,False,False,True,False
109,49062.0,2045-10-19,False,False,False,False
107,59492.0,2045-10-20,True,False,False,False
102,71543.0,2045-10-21,False,False,False,True
106,51325.0,2045-10-22,False,True,False,False
104,86481.0,2045-10-23,False,True,False,False
103,40188.0,2045-10-24,False,False,True,False
102,30841.0,2045-10-25,True,False,False,False
106,40567.0,2045-10-26,False,False,False,True
108,66806.0,2045-10-27,False,False,False,False
106,64572.0,2045-10-28,False,False,True,False
109,38921.0,2045-10-29,False,False,False,False
105,34349.0,2045-10-30,False,False,False,True
102,39655.0,2045-10-31,False,False,False,True
108,77674.0,2045-11-01,False,False,False,True
109,44879.0,2045-11-02,False,False,True,False
104,34946.0,2045-11-03,False,False,False,False
106,73127.0,2045-11-04,True,False,False,False
108,53502.0,2045-11-05,False,False,True,False
109,59493.0,2045-11-06,False,False,False,True
105,36657.0,2045-11-07,False,False,False,True
106,78757.0,2045-11-08,False,True,False,False
104,80724.0,2045-11-09,False,False,False,False
105,43266.0,2045-11-10,False,True,False,False
107,36240.0,2045-11-11,False,False,True,False
109,51350.0,2045-11-12,False,False,True,False
106,72353.0,2045-11-13,True,False,False,False
106,78544.0,2045-11-14,False,False,False,True
108,46640.0,2045-11-15,False,True,False,False
104,62895.0,2045-11-16,False,False,False,True
103,72342.0,2045-11-17,False,False,True,False
107,59851.0,2045-11-18,False,False,False,True
105,41920.0,2045-11-19,False,True,False,False
102,44392.0,2045-11-20,False,False,False,True
102,44917.0,2045-11-21,False,False,False,True
106,60643.0,2045-11-22,True,False,False,False
108,59227.0,2045-11-23,False,False,False,True
101,53251.0,2045-11-24,False,False,True,False
106,54238.0,2045-11-25,False,False,False,False
102,57723.0,2045-11-26,False,True,False,False
102,64973.0,2045-11-27,False,False,False,True
107,58756.0,2045-11-28,False,False,False,False
101,38513.0,2045-11-29,False,False,True,False
106,73316.0,2045-11-30,False,False,False,True
107,60225.0,2045-12-01,False,True,False,False
108,34379.0,2045-12-02,False,False,False,False
107,70835.0,2045-12-03,False,True,False,False
106,41305.0,2045-12-04,True,False,False,False
109,61722.0,2045-12-05,False,False,False,True
103,89261.0,2045-12-06,False,False,False,True
106,42148.0,2045-12-07,False,False,False,True
104,85429.0,2045-12-08,False,False,False,False
102,42901.0,2045-12-09,False,False,False,False
101,40888.0,2045-12-10,False,False,False,True
101,60099.0,2045-12-11,False,False,True,False
103,72476.0,2045-12-12,False,True,False,False
104,74253.0,2045-12-13,False,True,False,False
102,50708.0,2045-12-14,True,False,False,False
101,76885.0,2045-12-15,False,True,False,False
104,57621.0,2045-12-16,False,False,False,False
107,60001.0,2045-12-17,False,False,False,True
106,62571.0,2045-12-18,True,False,False,False
106,44220.0,2045-12-19,True,False,False,False
109,54694.0,2045-12-20,False,False,False,False
102,46221.0,2045-12-21,False,True,False,False
104,69849.0,2045-12-22,False,False,False,False
105,32371.0,2045-12-23,False,False,False,True
101,67784.0,2045-12-24,False,False,False,True
108,69070.0,2045-12-25,False,False,False,True
108,69150.0,2045-12-26,False,False,False,False
106,85691.0,2045-12-27,False,False,False,True
105,75375.0,2045-12-28,False,False,True,False
108,74220.0,2045-12-29,False,False,False,True
103,52836.0,2045-12-30,True,False,False,False
103,85544.0,2045-12-31,False,False,False,True
102,57161.0,2046-01-01,False,False,True,False
105,51180.0,2046-01-02,False,False,False,True
103,45865.0,2046-01-03,False,True,False,False
103,48825.0,2046-01-04,True,False,False,False
106,57275.0,2046-01-05,True,False,False,False
108,31017.0,2046-01-06,False,False,True,False
102,50885.0,2046-01-07,False,False,False,True
104,65815.0,2046-01-08,False,False,True,False
107,76260.0,2046-01-09,False,True,False,False
101,40260.0,2046-01-10,True,False,False,False
101,84946.0,2046-01-11,False,False,True,False
107,76662.0,2046-01-12,False,False,False,True
107,41857.0,2046-01-13,False,False,False,True
101,67018.0,2046-01-14,False,True,False,False
101,85099.0,2046-01-15,False,False,True,False
104,59230.0,2046-01-16,False,False,False,True
105,54769.0,2046-01-17,False,False,False,False
105,70159.0,2046-01-18,False,False,False,True
104,65214.0,2046-01-19,False,False,False,False
108,62492.0,2046-01-20,True,False,False,False
107,53507.0,2046-01-21,False,False,False,True
109,80551.0,2046-01-22,True,False,False,False
107,73479.0,2046-01-23,False,True,False,False
101,52679.0,2046-01-24,False,False,False,True
107,74887.0,2046-01-25,False,False,False,True
101,33687.0,2046-01-26,True,False,False,False
107,79135.0,2046-01-27,False,False,False,True
108,37864.0,2046-01-28,True,False,False,False
109,36127.0,2046-01-29,True,False,False,False
103,59473.0,2046-01-30,True,False,False,False
104,79704.0,2046-01-31,True,False,False,False
104,84695.0,2046-02-01,False,False,False,False
109,43834.0,2046-02-02,False,False,False,True
107,38921.0,2046-02-03,False,False,False,False
103,81712.0,2046-02-04,False,True,False,False
105,58573.0,2046-02-05,False,False,True,False
107,67876.0,2046-02-06,False,False,True,False
108,34266.0,2046-02-07,False,False,False,True
101,67713.0,2046-02-08,False,False,False,False
102,38985.0,2046-02-09,False,False,False,True
107,52068.0,2046-02-10,False,False,False,True
102,54700.0,2046-02-11,True,False,False,False
107,38366.0,2046-02-12,False,True,False,False
109,65319.0,2046-02-13,False,False,False,False
102,33848.0,2046-02-14,False,False,True,False
107,60472.0,2046-02-15,False,False,False,False
104,33456.0,2046-02-16,True,False,False,False
102,49142.0,2046-02-17,False,False,False,True
107,42031.0,2046-02-18,True,False,False,False
105,50139.0,2046-02-19,True,False,False,False
101,50026.0,2046-02-20,False,False,False,False
105,70887.0,2046-02-21,True,False,False,False
103,58777.0,2046-02-22,False,False,True,False
107,72930.0,2046-02-23,False,False,False,True
106,31660.0,2046-02-24,False,False,True,False
108,57151.0,2046-02-25,True,False,False,False
105,54613.0,2046-02-26,False,True,False,False
102,59066.0,2046-02-27,False,False,True,False
109,43208.0,2046-02-28,True,False,False,False
108,73484.0,2046-03-01,False,False,True,False
106,84738.0,2046-03-02,False,False,False,True
107,75777.0,2046-03-03,False,False,False,True
109,49960.0,2046-03-04,False,True,False,False
107,60702.0,2046-03-05,False,False,False,True
103,52842.0,2046-03-06,True,False,False,False
106,88652.0,2046-03-07,True,False,False,False
107,41727.0,2046-03-08,False,False,False,True
102,85277.0,2046-03-09,True,False,False,False
103,76689.0,2046-03-10,False,False,False,True
104,62389.0,2046-03-11,False,True,False,False
106,56804.0,2046-03-12,False,True,False,False
101,43021.0,2046-03-13,False,False,True,False
109,82075.0,2046-03-14,False,False,False,True
105,74001.0,2046-03-15,False,True,False,False
107,49092.0,2046-03-16,True,False,False,False
109,58915.0,2046-03-17,False,False,False,False
109,75368.0,2046-03-18,False,False,True,False
101,83323.0,2046-03-19,False,False,True,False
101,40501.0,2046-03-20,False,False,True,False
103,71190.0,2046-03-21,False,False,False,True
106,81902.0,2046-03-22,False,False,False,False
102,45739.0,2046-03-23,True,False,False,False
101,73653.0,2046-03-24,False,False,False,True
101,37476.0,2046-03-25,False,True,False,False
105,37931.0,2046-03-26,False,False,False,False
104,43699.0,2046-03-27,False,True,False,False
101,32804.0,2046-03-28,False,False,False,True
104,78904.0,2046-03-29,False,False,True,False
103,84596.0,2046-03-30,False,True,False,False
102,79993.0,2046-03-31,False,False,False,True
109,68343.0,2046-04-01,False,False,False,True
101,41775.0,2046-04-02,False,False,False,True
107,86662.0,2046-04-03,False,False,True,False
104,73449.0,2046-04-04,False,False,False,False
105,77686.0,2046-04-05,False,False,True,False
105,85557.0,2046-04-06,True,False,False,False
101,75874.0,2046-04-07,False,True,False,False
106,82686.0,2046-04-08,False,False,False,True
109,61586.0,2046-04-09,False,False,False,False
102,87009.0,2046-04-10,False,False,False,True
107,30607.0,2046-04-11,False,True,False,False
106,61629.0,2046-04-12,True,False,False,False
105,86546.0,2046-04-13,False,False,False,True
104,67386.0,2046-04-14,False,False,True,False
104,44089.0,2046-04-15,False,False,True,False
106,78336.0,2046-04-16,False,False,False,True
104,59708.0,2046-04-17,False,True,False,False
105,83112.0,2046-04-18,False,True,False,False
106,67025.0,2046-04-19,True,False,False,False
105,78699.0,2046-04-20,False,False,False,False
107,84764.0,2046-04-21,False,False,False,True
109,78562.0,2046-04-22,False,False,False,True
107,40223.0,2046-04-23,False,False,False,False
107,79353.0,2046-04-24,True,False,False,False
104,52943.0,2046-04-25,False,True,False,False
101,51515.0,2046-04-26,False,True,False,False
108,59619.0,2046-04-27,False,False,False,False
104,64132.0,2046-04-28,True,False,False,False
101,30751.0,2046-04-29,False,False,False,False
105,76005.0,2046-04-30,False,False,True,False
108,77476.0,2046-05-01,False,False,False,False
104,70313.0,2046-05-02,False,False,False,True
108,35344.0,2046-05-03,False,False,False,True
108,63973.0,2046-05-04,False,False,False,False
103,39512.0,2046-05-05,False,False,False,True
109,66655.0,2046-05-06,False,True,False,False
103,64098.0,2046-05-07,False,False,True,False
101,38622.0,2046-05-08,False,False,True,False
102,89509.0,2046-05-09,False,True,False,False
106,86671.0,2046-05-10,False,False,False,True
102,67451.0,2046-05-11,True,False,False,False
106,48658.0,2046-05-12,False,False,False,True
101,86675.0,2046-05-13,False,False,False,True
101,66133.0,2046-05-14,False,False,True,False
105,47647.0,2046-05-15,False,False,False,True
109,89739.0,2046-05-16,False,True,False,False
108,50620.0,2046-05-17,False,True,False,False
103,67067.0,2046-05-18,False,False,False,True
103,33733.0,2046-05-19,False,False,False,True
101,59675.0,2046-05-20,False,False,False,True
103,31665.0,2046-05-21,False,False,False,True
101,30860.0,2046-05-22,False,False,False,True
108,79996.0,2046-05-23,False,True,False,False
101,57618.0,2046-05-24,False,False,True,False
105,57916.0,2046-05-25,False,False,False,True
109,41681.0,2046-05-26,False,False,False,True
107,89282.0,2046-05-27,False,False,False,False
104,46520.0,2046-05-28,False,True,False,False
109,52131.0,2046-05-29,False,False,False,False
109,52878.0,2046-05-30,False,True,False,False
102,41424.0,2046-05-31,False,False,False,False
106,68554.0,2046-06-01,True,False,False,False
104,56796.0,2046-06-02,False,False,False,False
108,39345.0,2046-06-03,False,False,False,True
107,88322.0,2046-06-04,False,False,False,True
107,87912.0,2046-06-05,True,False,False,False
109,57486.0,2046-06-06,False,False,False,False
105,52584.0,2046-06-07,False,True,False,False
106,56986.0,2046-06-08,False,False,True,False
101,41598.0,2046-06-09,False,False,False,False
106,38325.0,2046-06-10,False,True,False,False
102,48445.0,2046-06-11,False,True,False,False
106,67146.0,2046-06-12,False,False,False,True
109,73813.0,2046-06-13,False,False,False,True
108,33730.0,2046-06-14,False,False,False,True
109,41684.0,2046-06-15,False,False,False,False
108,87470.0,2046-06-16,False,False,False,True
103,68890.0,2046-06-17,True,False,False,False
108,64563.0,2046-06-18,False,True,False,False
106,40041.0,2046-06-19,False,False,False,True
106,83465.0,2046-06-20,False,False,False,True
106,38187.0,2046-06-21,False,False,True,False
103,67608.0,2046-06-22,False,False,False,False
101,62624.0,2046-06-23,False,False,False,True
104,40919.0,2046-06-24,False,False,False,True
106,33726.0,2046-06-25,False,False,False,False
102,61716.0,2046-06-26,False,True,False,False
107,63027.0,2046-06-27,False,False,False,True
107,80393.0,2046-06-28,False,False,False,True
104,31843.0,2046-06-29,True,False,False,False
104,84929.0,2046-06-30,False,False,False,True
101,88856.0,2046-07-01,False,False,False,False
102,43754.0,2046-07-02,True,False,False,False
109,58853.0,2046-07-03,False,False,False,True
108,89560.0,2046-07-04,False,False,True,False
108,32280.0,2046-07-05,False,False,False,False
109,55531.0,2046-07-06,True,False,False,False
107,59788.0,2046-07-07,False,False,False,True
109,37796.0,2046-07-08,False,False,False,False
102,34567.0,2046-07-09,False,False,False,False
106,60211.0,2046-07-10,False,True,False,False
103,39300.0,2046-07-11,False,False,True,False
106,88886.0,2046-07-12,False,False,False,True
103,87724.0,2046-07-13,False,True,False,False
108,62150.0,2046-07-14,False,False,False,False
104,31255.0,2046-07-15,False,False,True,False
106,89642.0,2046-07-16,False,False,False,False
109,61828.0,2046-07-17,False,False,True,False
102,36462.0,2046-07-18,False,False,True,False
102,73200.0,2046-07-19,False,False,False,False
107,48042.0,2046-07-20,False,False,False,False
102,57560.0,2046-07-21,False,False,False,False
102,49032.0,2046-07-22,False,False,False,True
104,77710.0,2046-07-23,True,False,False,False
109,42150.0,2046-07-24,False,False,False,True
108,33371.0,2046-07-25,False,False,False,True
102,49813.0,2046-07-26,False,False,False,True
108,88924.0,2046-07-27,False,True,False,False
104,84012.0,2046-07-28,False,False,False,False
102,37620.0,2046-07-29,False,False,True,False
107,32932.0,2046-07-30,False,False,False,True
106,51470.0,2046-07-31,False,True,False,False
105,39778.0,2046-08-01,False,True,False,False
101,53033.0,2046-08-02,False,False,False,False
102,40304.0,2046-08-03,False,True,False,False
108,38119.0,2046-08-04,False,False,False,True
101,77325.0,2046-08-05,False,False,True,False
103,44407.0,2046-08-06,False,False,False,True
102,34983.0,2046-08-07,True,False,False,False
105,32521.0,2046-08-08,False,False,False,False
104,49086.0,2046-08-09,True,False,False,False
107,79170.0,2046-08-10,False,True,False,False
105,81721.0,2046-08-11,False,False,False,True
108,79111.0,2046-08-12,True,False,False,False
104,30783.0,2046-08-13,False,False,False,True
106,72666.0,2046-08-14,False,True,False,False
104,46798.0,2046-08-15,False,True,False,False
102,38555.0,2046-08-16,False,False,True,False
101,40767.0,2046-08-17,False,False,False,False
101,31103.0,2046-08-18,False,False,False,True
108,84043.0,2046-08-19,False,False,False,True
104,35309.0,2046-08-20,False,False,True,False
105,63939.0,2046-08-21,False,False,True,False
108,89042.0,2046-08-22,False,False,False,False
107,38634.0,2046-08-23,False,False,False,False
108,69176.0,2046-08-24,False,False,True,False
108,42135.0,2046-08-25,True,False,False,False
106,83897.0,2046-08-26,False,False,False,False
102,62044.0,2046-08-27,False,True,False,False
106,50945.0,2046-08-28,False,False,True,False
101,89756.0,2046-08-29,False,True,False,False
101,87324.0,2046-08-30,False,True,False,False
103,76478.0,2046-08-31,False,False,True,False
103,69404.0,2046-09-01,False,False,False,False
105,32589.0,2046-09-02,False,False,True,False
101,40031.0,2046-09-03,False,False,False,False
106,39695.0,2046-09-04,False,False,False,True
107,45527.0,2046-09-05,False,False,False,True
103,35722.0,2046-09-06,True,False,False,False
104,76170.0,2046-09-07,False,False,False,True
103,79874.0,2046-09-08,False,True,False,False
101,30841.0,2046-09-09,False,False,False,True
108,48731.0,2046-09-10,True,False,False,False
102,89565.0,2046-09-11,False,True,False,False
101,30645.0,2046-09-12,False,False,False,False
108,62116.0,2046-09-13,False,False,False,True
107,70983.0,2046-09-14,False,True,False,False
107,82424.0,2046-09-15,True,False,False,False
104,59402.0,2046-09-16,False,False,False,True
109,79158.0,2046-09-17,False,False,False,True
106,61749.0,2046-09-18,False,False,False,False
102,66469.0,2046-09-19,False,False,False,True
101,43908.0,2046-09-20,True,False,False,False
101,59431.0,2046-09-21,True,False,False,False
109,75221.0,2046-09-22,False,True,False,False
104,42715.0,2046-09-23,False,False,False,False
105,89536.0,2046-09-24,False,False,False,True
103,68398.0,2046-09-25,False,False,False,False
104,78670.0,2046-09-26,False,False,True,False
108,65324.0,2046-09-27,False,False,False,False
104,49338.0,2046-09-28,False,True,False,False
109,37387.0,2046-09-29,False,False,False,True
109,53172.0,2046-09-30,False,False,False,False
106,56175.0,2046-10-01,False,False,False,True
102,60795.0,2046-10-02,False,False,False,False
107,72626.0,2046-10-03,False,True,False,False
109,76398.0,2046-10-04,False,False,False,False
106,88405.0,2046-10-05,False,False,False,False
103,67429.0,2046-10-06,False,False,False,True
107,33801.0,2046-10-07,False,False,False,False
105,84785.0,2046-10-08,False,False,False,False
101,37413.0,2046-10-09,True,False,False,False
103,80315.0,2046-10-10,False,False,False,True
105,74839.0,2046-10-11,False,False,False,False
107,47665.0,2046-10-12,False,False,False,True
103,40856.0,2046-10-13,False,False,False,False
106,61100.0,2046-10-14,False,True,False,False
105,73855.0,2046-10-15,False,True,False,False
101,38187.0,2046-10-16,False,False,False,True
106,55784.0,2046-10-17,False,False,False,True
108,79454.0,2046-10-18,False,False,False,False
101,43805.0,2046-10-19,False,False,False,True
102,71715.0,2046-10-20,False,False,False,False
104,83411.0,2046-10-21,False,False,False,False
102,84915.0,2046-10-22,False,False,False,True
109,72186.0,2046-10-23,False,False,False,True
108,87332.0,2046-10-24,False,False,True,False
108,37575.0,2046-10-25,False,True,False,False
104,72193.0,2046-10-26,True,False,False,False
105,68746.0,2046-10-27,False,False,True,False
104,77204.0,2046-10-28,False,False,True,False
109,58093.0,2046-10-29,False,False,False,False
102,39089.0,2046-10-30,False,True,False,False
108,59454.0,2046-10-31,False,False,False,True
102,52474.0,2046-11-01,False,False,False,False
101,38154.0,2046-11-02,False,False,False,True
103,70951.0,2046-11-03,False,False,False,True
109,52064.0,2046-11-04,False,False,False,False
103,85663.0,2046-11-05,False,False,False,True
109,57886.0,2046-11-06,False,False,False,True
107,59398.0,2046-11-07,False,False,False,True
101,66130.0,2046-11-08,False,False,False,True
105,89763.0,2046-11-09,False,False,False,False
109,73869.0,2046-11-10,False,False,True,False
103,39646.0,2046-11-11,False,False,False,False
109,89671.0,2046-11-12,False,False,False,True
105,89707.0,2046-11-13,False,False,False,False
109,81164.0,2046-11-14,False,True,False,False
106,80252.0,2046-11-15,False,True,False,False
109,55391.0,2046-11-16,True,False,False,False
107,58822.0,2046-11-17,False,False,False,True
107,78523.0,2046-11-18,True,False,False,False
108,67872.0,2046-11-19,False,True,False,False
107,51999.0,2046-11-20,False,False,False,False
109,39512.0,2046-11-21,False,True,False,False
109,59340.0,2046-11-22,False,False,False,False
106,46069.0,2046-11-23,False,True,False,False
107,79074.0,2046-11-24,False,False,True,False
102,79023.0,2046-11-25,False,True,False,False
109,34502.0,2046-11-26,False,True,False,False
101,89678.0,2046-11-27,False,False,False,False
101,62236.0,2046-11-28,False,True,False,False
103,78020.0,2046-11-29,True,False,False,False
106,54007.0,2046-11-30,False,False,False,True
105,50971.0,2046-12-01,False,True,False,False
102,88376.0,2046-12-02,False,False,False,True
109,36037.0,2046-12-03,False,False,False,True
104,80307.0,2046-12-04,True,False,False,False
104,72060.0,2046-12-05,False,False,False,True
105,57361.0,2046-12-06,False,True,False,False
108,44466.0,2046-12-07,False,False,False,True
104,63764.0,2046-12-08,False,True,False,False
105,60583.0,2046-12-09,False,False,False,True
104,39627.0,2046-12-10,True,False,False,False
106,51593.0,2046-12-11,False,True,False,False
103,81697.0,2046-12-12,False,False,False,False
108,50084.0,2046-12-13,False,False,False,True
106,53149.0,2046-12-14,False,False,True,False
105,67752.0,2046-12-15,False,True,False,False
102,46737.0,2046-12-16,False,False,False,True
107,32318.0,2046-12-17,True,False,False,False
102,76471.0,2046-12-18,False,True,False,False
101,75487.0,2046-12-19,False,False,False,False
107,55314.0,2046-12-20,False,False,False,False
105,65287.0,2046-12-21,False,False,True,False
101,60451.0,2046-12-22,True,False,False,False
104,35427.0,2046-12-23,True,False,False,False
104,67371.0,2046-12-24,False,False,False,True
107,54630.0,2046-12-25,False,False,False,True
109,81236.0,2046-12-26,True,False,False,False
102,63667.0,2046-12-27,False,False,False,False
101,56678.0,2046-12-28,True,False,False,False
102,55099.0,2046-12-29,False,False,False,True
107,61634.0,2046-12-30,False,False,False,True
106,46846.0,2046-12-31,True,False,False,False
104,47885.0,2047-01-01,False,False,False,True
101,42068.0,2047-01-02,False,True,False,False
101,47099.0,2047-01-03,False,True,False,False
105,68098.0,2047-01-04,False,False,False,True
101,57873.0,2047-01-05,False,False,False,True
107,53558.0,2047-01-06,False,False,False,False
101,60518.0,2047-01-07,False,False,False,True
101,82763.0,2047-01-08,True,False,False,False
102,39180.0,2047-01-09,False,False,False,True
103,89172.0,2047-01-10,False,True,False,False
101,46595.0,2047-01-11,False,False,False,False
109,53740.0,2047-01-12,False,False,True,False
108,57722.0,2047-01-13,False,False,False,False
105,79905.0,2047-01-14,False,False,False,False
102,78241.0,2047-01-15,False,False,False,False
105,33750.0,2047-01-16,False,False,False,True
106,41881.0,2047-01-17,False,False,False,True
101,49606.0,2047-01-18,False,False,False,True
104,46819.0,2047-01-19,False,False,False,False
109,56477.0,2047-01-20,True,False,False,False
102,58755.0,2047-01-21,True,False,False,False
105,55811.0,2047-01-22,False,False,False,True
101,88122.0,2047-01-23,False,False,True,False
104,67697.0,2047-01-24,False,False,False,True
104,77564.0,2047-01-25,False,True,False,False
106,48344.0,2047-01-26,False,False,False,True
109,50656.0,2047-01-27,False,False,False,False
103,56382.0,2047-01-28,False,True,False,False
109,61031.0,2047-01-29,True,False,False,False
106,35813.0,2047-01-30,False,False,True,False
107,31724.0,2047-01-31,False,False,False,True
102,87529.0,2047-02-01,False,False,False,False
106,31494.0,2047-02-02,False,False,False,True
106,48363.0,2047-02-03,False,False,False,True
102,51812.0,2047-02-04,False,True,False,False
102,50437.0,2047-02-05,False,False,False,True
102,71205.0,2047-02-06,False,False,False,False
101,60524.0,2047-02-07,False,False,True,False
105,37160.0,2047-02-08,False,True,False,False
108,71343.0,2047-02-09,False,False,True,False
102,53593.0,2047-02-10,False,False,True,False
105,30284.0,2047-02-11,True,False,False,False
108,78083.0,2047-02-12,False,False,False,True
105,67851.0,2047-02-13,False,True,False,False
102,50378.0,2047-02-14,False,False,False,False
103,38491.0,2047-02-15,True,False,False,False
106,30900.0,2047-02-16,False,False,False,False
105,31459.0,2047-02-17,False,False,True,False
104,43680.0,2047-02-18,False,False,False,True
104,49305.0,2047-02-19,False,True,False,False
105,65301.0,2047-02-20,False,False,False,True
102,62692.0,2047-02-21,False,False,True,False
109,69347.0,2047-02-22,False,False,False,True
102,47189.0,2047-02-23,False,False,False,False
102,37595.0,2047-02-24,False,False,False,False
109,48612.0,2047-02-25,True,False,False,False
103,31921.0,2047-02-26,True,False,False,False
107,67740.0,2047-02-27,False,True,False,False
104,32387.0,2047-02-28,True,False,False,False
106,40730.0,2047-03-01,False,False,False,False
104,44830.0,2047-03-02,False,False,False,False
107,64764.0,2047-03-03,False,True,False,False
101,34825.0,2047-03-04,False,False,True,False
103,35282.0,2047-03-05,False,False,True,False
103,43869.0,2047-03-06,True,False,False,False
101,81655.0,2047-03-07,True,False,False,False
106,45451.0,2047-03-08,False,False,False,False
109,62872.0,2047-03-09,True,False,False,False
108,86014.0,2047-03-10,False,False,False,True
107,71398.0,2047-03-11,False,False,True,False
108,47905.0,2047-03-12,False,False,False,False
106,64119.0,2047-03-13,True,False,False,False
109,32698.0,2047-03-14,True,False,False,False
103,49996.0,2047-03-15,True,False,False,False
109,46892.0,2047-03-16,False,False,True,False
104,78068.0,2047-03-17,False,False,False,False
107,68078.0,2047-03-18,False,False,True,False
109,36190.0,2047-03-19,False,False,False,False
102,43166.0,2047-03-20,False,False,False,True
102,80426.0,2047-03-21,False,False,True,False
109,59689.0,2047-03-22,False,True,False,False
103,65590.0,2047-03-23,False,False,True,False
109,61604.0,2047-03-24,False,False,False,False
105,79215.0,2047-03-25,False,False,False,True
106,33921.0,2047-03-26,True,False,False,False
102,58991.0,2047-03-27,False,True,False,False
108,47243.0,2047-03-28,False,False,False,True
109,73787.0,2047-03-29,False,False,False,False
102,64315.0,2047-03-30,False,False,True,False
106,62035.0,2047-03-31,True,False,False,False
106,64844.0,2047-04-01,False,False,False,True
108,76730.0,2047-04-02,True,False,False,False
105,46820.0,2047-04-03,False,False,False,False
109,52469.0,2047-04-04,False,True,False,False
101,76676.0,2047-04-05,False,False,False,True
109,66425.0,2047-04-06,False,False,False,True
107,79914.0,2047-04-07,False,True,False,False
104,30735.0,2047-04-08,False,True,False,False
103,37214.0,2047-04-09,False,True,False,False
106,53968.0,2047-04-10,False,False,True,False
101,74624.0,2047-04-11,False,False,False,True
103,66862.0,2047-04-12,False,False,False,True
102,85746.0,2047-04-13,False,False,False,True
109,34728.0,2047-04-14,False,False,False,False
103,88922.0,2047-04-15,False,False,False,False
102,66497.0,2047-04-16,False,False,False,True
104,37241.0,2047-04-17,True,False,False,False
102,47460.0,2047-04-18,True,False,False,False
101,40472.0,2047-04-19,False,False,False,True
106,64598.0,2047-04-20,False,False,False,False
108,72858.0,2047-04-21,False,False,False,False
102,47057.0,2047-04-22,False,True,False,False
109,79700.0,2047-04-23,True,False,False,False
103,88280.0,2047-04-24,False,False,True,False
108,44432.0,2047-04-25,True,False,False,False
108,63663.0,2047-04-26,False,False,False,True
103,48953.0,2047-04-27,False,False,False,True
103,89431.0,2047-04-28,False,False,False,False
106,47297.0,2047-04-29,False,False,False,True
101,80328.0,2047-04-30,False,False,False,False
104,70041.0,2047-05-01,True,False,False,False
101,36696.0,2047-05-02,False,False,True,False
103,59347.0,2047-05-03,False,False,False,True
109,51249.0,2047-05-04,False,False,False,True
105,83458.0,2047-05-05,True,False,False,False
105,49657.0,2047-05-06,False,False,False,True
104,52960.0,2047-05-07,False,True,False,False
103,77810.0,2047-05-08,False,False,True,False
105,77668.0,2047-05-09,False,False,False,False
104,75202.0,2047-05-10,False,False,True,False
108,47906.0,2047-05-11,False,False,False,False
104,85577.0,2047-05-12,False,False,False,True
108,70245.0,2047-05-13,True,False,False,False
106,32802.0,2047-05-14,False,False,False,True
105,65890.0,2047-05-15,False,False,False,True
104,75550.0,2047-05-16,False,False,False,False
104,65224.0,2047-05-17,False,False,False,True
104,48033.0,2047-05-18,False,True,False,False
109,65088.0,2047-05-19,False,False,True,False
104,73465.0,2047-05-20,False,False,False,True
109,47527.0,2047-05-21,False,False,True,False
106,59431.0,2047-05-22,False,False,False,False
107,71005.0,2047-05-23,False,False,False,True
103,49698.0,2047-05-24,False,True,False,False
108,34406.0,2047-05-25,False,True,False,False
103,81761.0,2047-05-26,False,True,False,False
101,59002.0,2047-05-27,False,False,True,False
105,58682.0,2047-05-28,False,False,False,False
102,37591.0,2047-05-29,False,True,False,False
106,33119.0,2047-05-30,False,False,True,False
109,80552.0,2047-05-31,False,False,True,False
101,88935.0,2047-06-01,False,False,True,False
104,87351.0,2047-06-02,False,False,False,True
101,88327.0,2047-06-03,False,False,False,True
101,82749.0,2047-06-04,True,False,False,False
108,89094.0,2047-06-05,False,False,False,False
102,51873.0,2047-06-06,False,True,False,False
101,66279.0,2047-06-07,False,False,False,True
108,66596.0,2047-06-08,False,False,False,True
104,46949.0,2047-06-09,False,True,False,False
103,37651.0,2047-06-10,True,False,False,False
104,56896.0,2047-06-11,False,False,False,False
105,61660.0,2047-06-12,True,False,False,False
101,71860.0,2047-06-13,True,False,False,False
101,40370.0,2047-06-14,False,False,False,False
103,74552.0,2047-06-15,False,False,False,True
106,65539.0,2047-06-16,False,False,True,False
101,36777.0,2047-06-17,False,False,False,True
102,30113.0,2047-06-18,False,False,True,False
107,30531.0,2047-06-19,True,False,False,False
101,39714.0,2047-06-20,False,False,False,False
107,33410.0,2047-06-21,False,False,False,True
104,39236.0,2047-06-22,False,False,False,True
106,84991.0,2047-06-23,True,False,False,False
108,54608.0,2047-06-24,False,True,False,False
109,38324.0,2047-06-25,False,False,False,True
106,41159.0,2047-06-26,False,False,False,True
109,64494.0,2047-06-27,False,True,False,False
104,84222.0,2047-06-28,False,True,False,False
106,70985.0,2047-06-29,False,False,False,False
108,62107.0,2047-06-30,False,False,False,True
109,65416.0,2047-07-01,False,False,False,False
103,61835.0,2047-07-02,False,False,False,True
102,75600.0,2047-07-03,True,False,False,False
106,39453.0,2047-07-04,False,True,False,False
104,64833.0,2047-07-05,False,False,False,True
101,57921.0,2047-07-06,False,False,False,True
108,30933.0,2047-07-07,True,False,False,False
109,61008.0,2047-07-08,False,True,False,False
109,31050.0,2047-07-09,False,False,False,False
102,55392.0,2047-07-10,False,False,True,False
109,62177.0,2047-07-11,False,False,False,False
107,85182.0,2047-07-12,True,False,False,False
105,69884.0,2047-07-13,False,True,False,False
107,84195.0,2047-07-14,False,False,False,False
109,88081.0,2047-07-15,False,True,False,False
108,52851.0,2047-07-16,False,False,False,False
106,41106.0,2047-07-17,False,False,False,True
104,82754.0,2047-07-18,False,False,False,True
101,36878.0,2047-07-19,False,True,False,False
106,30792.0,2047-07-20,False,False,False,True
103,41367.0,2047-07-21,False,False,False,False
106,68731.0,2047-07-22,False,False,False,False
106,39547.0,2047-07-23,False,True,False,False
104,64153.0,2047-07-24,True,False,False,False
102,58568.0,2047-07-25,False,False,False,False
109,80212.0,2047-07-26,False,False,False,False
102,72331.0,2047-07-27,False,False,True,False
103,54307.0,2047-07-28,False,False,False,True
101,34138.0,2047-07-29,False,True,False,False
107,80301.0,2047-07-30,False,False,False,False
101,77112.0,2047-07-31,False,False,False,True
109,37693.0,2047-08-01,False,False,False,False
101,41394.0,2047-08-02,False,False,True,False
105,53876.0,2047-08-03,False,False,True,False
107,69095.0,2047-08-04,False,False,False,False
103,33353.0,2047-08-05,True,False,False,False
109,76132.0,2047-08-06,False,False,False,False
108,85121.0,2047-08-07,False,False,False,False
103,45205.0,2047-08-08,False,False,False,False
105,34628.0,2047-08-09,True,False,False,False
107,82600.0,2047-08-10,False,False,False,False
104,59990.0,2047-08-11,False,True,False,False
105,68095.0,2047-08-12,False,False,True,False
103,57623.0,2047-08-13,True,False,False,False
109,88844.0,2047-08-14,False,False,False,True
109,77049.0,2047-08-15,False,False,False,False
107,51433.0,2047-08-16,False,True,False,False
102,79220.0,2047-08-17,False,True,False,False
107,40058.0,2047-08-18,False,False,True,False
107,56524.0,2047-08-19,False,True,False,False
105,42093.0,2047-08-20,False,False,False,True
109,82660.0,2047-08-21,False,False,False,True
103,46684.0,2047-08-22,False,False,True,False
104,58698.0,2047-08-23,False,False,True,False
101,78755.0,2047-08-24,False,False,True,False
106,85949.0,2047-08-25,False,False,False,True
104,48984.0,2047-08-26,False,False,False,False
101,81305.0,2047-08-27,False,True,False,False
102,44907.0,2047-08-28,False,False,False,True
103,84057.0,2047-08-29,False,False,False,True
109,42921.0,2047-08-30,True,False,False,False
108,50402.0,2047-08-31,False,True,False,False
107,76794.0,2047-09-01,False,False,False,True
104,33082.0,2047-09-02,False,True,False,False
101,37074.0,2047-09-03,False,False,False,True
108,59330.0,2047-09-04,False,True,False,False
104,47623.0,2047-09-05,False,False,True,False
103,73328.0,2047-09-06,False,True,False,False
109,30459.0,2047-09-07,False,False,True,False
104,87134.0,2047-09-08,False,False,False,False
104,81778.0,2047-09-09,False,False,False,True
109,82915.0,2047-09-10,False,False,False,True
102,86172.0,2047-09-11,False,False,False,False
105,32801.0,2047-09-12,True,False,False,False
104,58831.0,2047-09-13,False,False,True,False
109,46847.0,2047-09-14,False,False,False,False
105,30997.0,2047-09-15,False,False,True,False
109,52025.0,2047-09-16,False,True,False,False
109,62379.0,2047-09-17,True,False,False,False
102,36384.0,2047-09-18,False,False,False,True
109,43223.0,2047-09-19,False,True,False,False
103,78067.0,2047-09-20,False,False,False,True
104,41198.0,2047-09-21,False,False,True,False
101,64446.0,2047-09-22,False,False,False,True
101,63632.0,2047-09-23,False,False,False,True
101,39382.0,2047-09-24,False,False,True,False
109,54120.0,2047-09-25,False,False,False,False
108,65465.0,2047-09-26,True,False,False,False
105,56950.0,2047-09-27,False,True,False,False
105,88208.0,2047-09-28,False,False,False,False
109,89920.0,2047-09-29,False,True,False,False
103,74875.0,2047-09-30,False,False,False,True
103,59968.0,2047-10-01,False,False,False,False
107,32926.0,2047-10-02,False,False,True,False
109,45735.0,2047-10-03,False,False,False,False
106,44223.0,2047-10-04,False,False,False,True
102,70310.0,2047-10-05,False,False,True,False
101,67197.0,2047-10-06,False,True,False,False
102,45362.0,2047-10-07,False,False,False,True
101,86562.0,2047-10-08,True,False,False,False
109,76699.0,2047-10-09,False,False,False,True
108,69986.0,2047-10-10,False,False,False,True
107,53409.0,2047-10-11,False,False,True,False
103,32397.0,2047-10-12,False,False,False,False
108,81373.0,2047-10-13,False,False,True,False
102,44451.0,2047-10-14,False,False,False,True
102,35814.0,2047-10-15,False,False,False,True
103,52888.0,2047-10-16,True,False,False,False
107,37522.0,2047-10-17,False,False,True,False
101,52169.0,2047-10-18,False,False,False,True
108,89126.0,2047-10-19,False,False,False,True
107,85371.0,2047-10-20,False,False,True,False
104,50382.0,2047-10-21,False,False,True,False
105,81955.0,2047-10-22,True,False,False,False
101,45588.0,2047-10-23,False,False,False,True
104,75127.0,2047-10-24,True,False,False,False
101,45762.0,2047-10-25,False,False,False,False
101,45577.0,2047-10-26,True,False,False,False
101,50931.0,2047-10-27,True,False,False,False
107,39970.0,2047-10-28,False,False,True,False
107,69278.0,2047-10-29,False,True,False,False
104,88169.0,2047-10-30,False,False,False,True
102,50045.0,2047-10-31,False,False,False,False
103,77773.0,2047-11-01,False,False,False,True
108,45919.0,2047-11-02,False,False,False,True
108,74329.0,2047-11-03,False,False,False,True
106,57671.0,2047-11-04,False,False,False,False
109,40349.0,2047-11-05,False,False,True,False
109,79203.0,2047-11-06,False,True,False,False
104,36058.0,2047-11-07,False,False,True,False
101,74321.0,2047-11-08,False,False,False,False
101,33515.0,2047-11-09,False,True,False,False
105,33330.0,2047-11-10,False,False,False,True
102,86643.0,2047-11-11,False,True,False,False
106,64442.0,2047-11-12,False,False,False,False
107,85180.0,2047-11-13,False,True,False,False
101,73825.0,2047-11-14,False,True,False,False
106,47745.0,2047-11-15,False,False,True,False
108,38978.0,2047-11-16,False,False,True,False
105,46939.0,2047-11-17,False,True,False,False
107,45264.0,2047-11-18,True,False,False,False
106,56615.0,2047-11-19,False,False,True,False
104,62165.0,2047-11-20,False,False,True,False
107,77362.0,2047-11-21,False,False,False,False
109,86944.0,2047-11-22,False,False,True,False
107,72722.0,2047-11-23,False,False,False,False
105,64880.0,2047-11-24,True,False,False,False
107,48594.0,2047-11-25,False,False,False,True
103,45523.0,2047-11-26,False,False,False,True
102,31701.0,2047-11-27,False,True,False,False
105,89430.0,2047-11-28,False,False,False,True
104,62758.0,2047-11-29,False,True,False,False
105,65480.0,2047-11-30,False,False,False,True
108,85615.0,2047-12-01,True,False,False,False
104,56983.0,2047-12-02,False,False,False,False
109,65084.0,2047-12-03,False,False,False,True
107,77427.0,2047-12-04,False,False,False,True
107,69237.0,2047-12-05,False,True,False,False
108,64378.0,2047-12-06,False,False,False,False
106,50736.0,2047-12-07,True,False,False,False
108,36343.0,2047-12-08,False,True,False,False
103,45797.0,2047-12-09,False,False,False,True
101,83857.0,2047-12-10,False,False,False,False
106,72087.0,2047-12-11,False,False,False,True
101,51875.0,2047-12-12,False,True,False,False
109,71864.0,2047-12-13,False,False,True,False
102,71123.0,2047-12-14,True,False,False,False
102,39328.0,2047-12-15,False,False,True,False
107,67478.0,2047-12-16,True,False,False,False
102,32025.0,2047-12-17,False,False,False,True
108,30105.0,2047-12-18,True,False,False,False
106,59370.0,2047-12-19,False,False,True,False
107,50843.0,2047-12-20,False,False,True,False
107,49476.0,2047-12-21,True,False,False,False
106,72981.0,2047-12-22,False,False,False,False
109,72112.0,2047-12-23,False,False,False,True
109,78610.0,2047-12-24,False,False,True,False
107,30698.0,2047-12-25,False,False,False,False
109,58443.0,2047-12-26,True,False,False,False
103,74230.0,2047-12-27,False,True,False,False
103,71706.0,2047-12-28,False,False,False,False
101,68839.0,2047-12-29,True,False,False,False
105,52123.0,2047-12-30,False,False,False,False
104,71920.0,2047-12-31,False,False,False,False
102,49875.0,2048-01-01,False,False,False,True
109,33297.0,2048-01-02,False,False,False,True
103,82129.0,2048-01-03,True,False,False,False
108,30208.0,2048-01-04,False,False,False,True
106,49700.0,2048-01-05,True,False,False,False
105,51791.0,2048-01-06,False,False,False,False
101,37233.0,2048-01-07,False,False,False,True
104,31891.0,2048-01-08,False,True,False,False
103,88520.0,2048-01-09,False,True,False,False
101,77594.0,2048-01-10,False,False,False,False
105,66274.0,2048-01-11,False,False,False,False
106,32039.0,2048-01-12,False,True,False,False
102,49673.0,2048-01-13,False,False,True,False
103,72412.0,2048-01-14,False,False,False,False
106,69413.0,2048-01-15,False,False,False,True
104,83913.0,2048-01-16,False,False,False,True
109,58436.0,2048-01-17,False,False,True,False
105,64385.0,2048-01-18,False,True,False,False
104,38186.0,2048-01-19,False,True,False,False
102,30434.0,2048-01-20,False,False,False,True
106,40519.0,2048-01-21,True,False,False,False
102,48030.0,2048-01-22,False,False,True,False
107,41355.0,2048-01-23,False,False,False,True
103,85819.0,2048-01-24,False,True,False,False
109,44328.0,2048-01-25,False,False,False,True
105,35258.0,2048-01-26,True,False,False,False
108,75722.0,2048-01-27,False,False,False,True
106,37190.0,2048-01-28,False,False,True,False
108,80592.0,2048-01-29,False,True,False,False
103,52479.0,2048-01-30,False,True,False,False
103,86027.0,2048-01-31,False,True,False,False
105,50827.0,2048-02-01,False,False,True,False
103,78364.0,2048-02-02,True,False,False,False
108,84012.0,2048-02-03,False,False,False,True
108,88277.0,2048-02-04,False,False,False,True
102,75238.0,2048-02-05,False,False,False,True
104,40747.0,2048-02-06,False,False,False,False
101,60917.0,2048-02-07,False,False,False,False
104,60377.0,2048-02-08,False,False,False,False
104,88490.0,2048-02-09,False,False,False,True
109,74956.0,2048-02-10,False,True,False,False
103,70481.0,2048-02-11,False,True,False,False
102,63148.0,2048-02-12,True,False,False,False
109,71784.0,2048-02-13,False,False,False,False
109,88882.0,2048-02-14,False,False,True,False
101,53557.0,2048-02-15,False,False,False,True
106,74335.0,2048-02-16,False,False,True,False
108,64405.0,2048-02-17,False,False,False,False
103,42479.0,2048-02-18,False,True,False,False
109,53927.0,2048-02-19,False,False,False,True
102,63292.0,2048-02-20,False,False,False,False
106,49491.0,2048-02-21,True,False,False,False
101,87294.0,2048-02-22,True,False,False,False
107,31093.0,2048-02-23,False,False,False,True
103,61008.0,2048-02-24,True,False,False,False
107,30104.0,2048-02-25,False,False,True,False
104,48123.0,2048-02-26,False,False,False,True
109,56936.0,2048-02-27,True,False,False,False
105,82278.0,2048-02-28,False,False,True,False
103,48060.0,2048-02-29,False,True,False,False
108,54288.0,2048-03-01,False,False,False,True
106,73314.0,2048-03-02,False,True,False,False
102,54411.0,2048-03-03,True,False,False,False
103,67684.0,2048-03-04,False,False,True,False
108,75091.0,2048-03-05,True,False,False,False
107,82086.0,2048-03-06,False,True,False,False
106,43336.0,2048-03-07,False,False,False,False
101,89216.0,2048-03-08,False,False,True,False
109,67924.0,2048-03-09,False,False,False,True
103,80194.0,2048-03-10,False,False,True,False
105,41626.0,2048-03-11,False,False,True,False
107,88785.0,2048-03-12,False,True,False,False
107,80997.0,2048-03-13,False,False,False,True
103,33501.0,2048-03-14,False,False,False,False
104,80693.0,2048-03-15,True,False,False,False
107,46850.0,2048-03-16,False,False,True,False
108,65712.0,2048-03-17,True,False,False,False
102,50678.0,2048-03-18,False,False,False,True
109,45905.0,2048-03-19,False,True,False,False
107,31591.0,2048-03-20,False,False,True,False
108,43522.0,2048-03-21,False,False,False,True
106,46153.0,2048-03-22,True,False,False,False
106,66840.0,2048-03-23,False,True,False,False
109,33572.0,2048-03-24,False,True,False,False
104,88537.0,2048-03-25,False,False,False,True
105,68746.0,2048-03-26,False,False,False,True
109,63061.0,2048-03-27,True,False,False,False
101,55497.0,2048-03-28,False,True,False,False
104,52242.0,2048-03-29,False,False,False,True
107,31338.0,2048-03-30,False,False,False,False
109,46151.0,2048-03-31,False,False,False,False
106,56990.0,2048-04-01,False,False,False,False
108,45380.0,2048-04-02,False,False,False,False
109,61035.0,2048-04-03,False,True,False,False
104,75813.0,2048-04-04,False,False,False,True
101,84361.0,2048-04-05,False,False,False,False
108,82627.0,2048-04-06,False,True,False,False
102,56117.0,2048-04-07,False,False,False,False
101,32498.0,2048-04-08,False,False,False,False
107,77881.0,2048-04-09,False,True,False,False
109,55483.0,2048-04-10,False,False,False,True
109,35728.0,2048-04-11,False,True,False,False
103,86469.0,2048-04-12,False,False,False,False
106,48877.0,2048-04-13,False,False,False,True
107,56703.0,2048-04-14,False,False,False,True
109,33088.0,2048-04-15,False,False,False,True
102,69049.0,2048-04-16,False,True,False,False
108,53179.0,2048-04-17,False,True,False,False
107,77954.0,2048-04-18,False,True,False,False
104,52011.0,2048-04-19,False,False,True,False
102,42839.0,2048-04-20,False,False,True,False
108,83142.0,2048-04-21,True,False,False,False
105,82903.0,2048-04-22,False,False,False,True
106,53625.0,2048-04-23,False,False,True,False
107,48481.0,2048-04-24,False,False,False,False
101,61753.0,2048-04-25,False,False,False,True
108,49558.0,2048-04-26,False,False,False,False
104,46771.0,2048-04-27,False,True,False,False
109,61104.0,2048-04-28,False,False,False,True
101,63066.0,2048-04-29,True,False,False,False
102,83586.0,2048-04-30,True,False,False,False
106,74420.0,2048-05-01,True,False,False,False
101,34061.0,2048-05-02,True,False,False,False
104,63241.0,2048-05-03,False,True,False,False
108,46161.0,2048-05-04,False,False,False,False
105,35057.0,2048-05-05,False,False,True,False
109,75847.0,2048-05-06,False,True,False,False
106,74173.0,2048-05-07,False,False,False,True
101,78936.0,2048-05-08,False,False,False,False
106,35289.0,2048-05-09,False,False,False,True
106,83260.0,2048-05-10,False,False,False,False
106,71408.0,2048-05-11,False,False,True,False
108,32221.0,2048-05-12,False,False,False,False
106,72942.0,2048-05-13,True,False,False,False
105,51635.0,2048-05-14,False,False,False,False
102,82763.0,2048-05-15,True,False,False,False
104,49026.0,2048-05-16,False,True,False,False
105,81072.0,2048-05-17,False,True,False,False
104,37075.0,2048-05-18,False,True,False,False
102,52378.0,2048-05-19,False,False,False,True
107,65084.0,2048-05-20,False,False,False,True
102,80426.0,2048-05-21,True,False,False,False
101,43681.0,2048-05-22,False,False,False,False
105,77721.0,2048-05-23,False,True,False,False
101,61584.0,2048-05-24,False,True,False,False
101,61245.0,2048-05-25,False,True,False,False
101,88959.0,2048-05-26,False,False,False,True
106,34983.0,2048-05-27,False,True,False,False
109,62249.0,2048-05-28,False,False,False,False
101,61391.0,2048-05-29,False,False,False,True
105,60897.0,2048-05-30,False,False,False,False
109,70602.0,2048-05-31,True,False,False,False
109,50002.0,2048-06-01,False,False,False,True
101,40498.0,2048-06-02,False,True,False,False
108,79411.0,2048-06-03,False,False,False,True
101,33206.0,2048-06-04,False,True,False,False
108,78588.0,2048-06-05,False,True,False,False
101,72472.0,2048-06-06,False,False,True,False
105,42930.0,2048-06-07,False,False,False,True
108,40320.0,2048-06-08,False,False,False,True
106,58014.0,2048-06-09,False,True,False,False
109,67946.0,2048-06-10,False,False,True,False
101,61817.0,2048-06-11,True,False,False,False
109,68126.0,2048-06-12,False,False,False,True
101,56752.0,2048-06-13,False,False,False,True
103,34507.0,2048-06-14,False,False,False,False
101,85610.0,2048-06-15,False,False,True,False
103,53925.0,2048-06-16,False,False,False,True
102,66276.0,2048-06-17,False,True,False,False
102,53689.0,2048-06-18,False,False,False,True
109,75670.0,2048-06-19,False,False,False,True
108,84146.0,2048-06-20,False,False,False,True
101,45238.0,2048-06-21,True,False,False,False
104,54807.0,2048-06-22,False,True,False,False
101,69522.0,2048-06-23,False,False,False,True
101,38921.0,2048-06-24,False,True,False,False
104,41204.0,2048-06-25,False,False,True,False
102,68284.0,2048-06-26,False,False,False,True
103,85020.0,2048-06-27,False,True,False,False
109,68567.0,2048-06-28,False,False,False,False
102,65697.0,2048-06-29,False,False,False,True
104,76653.0,2048-06-30,False,True,False,False
101,54893.0,2048-07-01,False,False,False,True
102,31530.0,2048-07-02,False,False,False,True
105,61241.0,2048-07-03,False,True,False,False
101,54297.0,2048-07-04,False,True,False,False
107,39302.0,2048-07-05,False,False,False,True
104,78906.0,2048-07-06,False,False,False,False
106,30715.0,2048-07-07,False,False,False,True
108,39533.0,2048-07-08,False,False,False,True
106,70295.0,2048-07-09,True,False,False,False
102,82464.0,2048-07-10,False,False,False,True
101,37223.0,2048-07-11,False,False,False,True
108,43421.0,2048-07-12,False,True,False,False
108,57696.0,2048-07-13,True,False,False,False
109,44066.0,2048-07-14,False,True,False,False
106,74047.0,2048-07-15,False,True,False,False
101,51576.0,2048-07-16,False,False,False,False
109,86179.0,2048-07-17,False,True,False,False
103,46585.0,2048-07-18,False,False,False,True
106,32140.0,2048-07-19,True,False,False,False
109,89016.0,2048-07-20,False,True,False,False
103,72016.0,2048-07-21,False,True,False,False
105,66439.0,2048-07-22,False,False,False,False
105,71378.0,2048-07-23,False,False,False,True
107,37370.0,2048-07-24,False,False,True,False
104,81750.0,2048-07-25,False,False,False,False
104,87969.0,2048-07-26,False,False,False,False
107,59516.0,2048-07-27,False,False,False,True
109,42022.0,2048-07-28,False,False,False,True
104,89222.0,2048-07-29,False,False,False,False
104,48328.0,2048-07-30,True,False,False,False
106,32929.0,2048-07-31,False,False,True,False
106,73727.0,2048-08-01,True,False,False,False
107,33383.0,2048-08-02,True,False,False,False
101,82692.0,2048-08-03,False,False,False,True
103,79545.0,2048-08-04,False,False,False,False
109,57432.0,2048-08-05,False,True,False,False
106,41111.0,2048-08-06,True,False,False,False
106,78338.0,2048-08-07,False,False,False,True
105,69778.0,2048-08-08,False,True,False,False
103,89962.0,2048-08-09,False,False,False,True
105,61899.0,2048-08-10,False,False,False,True
101,53161.0,2048-08-11,False,True,False,False
103,38823.0,2048-08-12,False,False,False,True
104,57432.0,2048-08-13,False,False,False,True
105,63089.0,2048-08-14,False,False,False,False
109,51053.0,2048-08-15,False,True,False,False
104,80845.0,2048-08-16,False,True,False,False
103,47447.0,2048-08-17,False,False,False,True
101,54305.0,2048-08-18,False,False,False,True
106,33111.0,2048-08-19,False,True,False,False
107,88820.0,2048-08-20,False,False,False,False
108,57493.0,2048-08-21,False,False,False,True
101,82413.0,2048-08-22,False,True,False,False
104,40985.0,2048-08-23,False,False,True,False
105,33086.0,2048-08-24,False,False,True,False
102,76203.0,2048-08-25,False,False,False,True
101,82963.0,2048-08-26,False,True,False,False
108,74930.0,2048-08-27,False,False,False,False
106,82503.0,2048-08-28,True,False,False,False
105,53464.0,2048-08-29,False,False,False,True
109,71918.0,2048-08-30,False,False,False,True
102,66911.0,2048-08-31,True,False,False,False
108,36332.0,2048-09-01,False,False,True,False
109,69215.0,2048-09-02,False,False,False,False
101,72542.0,2048-09-03,False,True,False,False
107,70631.0,2048-09-04,False,False,False,True
108,33176.0,2048-09-05,False,True,False,False
103,32416.0,2048-09-06,False,True,False,False
104,70436.0,2048-09-07,False,False,True,False
103,38651.0,2048-09-08,False,False,False,True
107,40486.0,2048-09-09,False,True,False,False
109,48695.0,2048-09-10,False,False,True,False
103,31229.0,2048-09-11,False,False,False,False
106,31530.0,2048-09-12,False,False,False,True
108,75585.0,2048-09-13,False,False,False,True
106,72347.0,2048-09-14,False,False,False,True
102,65565.0,2048-09-15,False,True,False,False
107,31363.0,2048-09-16,False,False,True,False
102,67270.0,2048-09-17,False,True,False,False
102,46836.0,2048-09-18,False,False,False,False
102,50288.0,2048-09-19,False,True,False,False
101,52380.0,2048-09-20,False,False,False,True
101,75869.0,2048-09-21,True,False,False,False
107,79729.0,2048-09-22,False,False,False,True
105,50303.0,2048-09-23,False,False,False,True
103,73972.0,2048-09-24,False,False,True,False
101,37317.0,2048-09-25,False,False,True,False
106,33264.0,2048-09-26,True,False,False,False
101,48315.0,2048-09-27,False,True,False,False
109,67010.0,2048-09-28,False,True,False,False
102,87333.0,2048-09-29,False,True,False,False
101,42693.0,2048-09-30,False,True,False,False
107,46566.0,2048-10-01,True,False,False,False
106,54811.0,2048-10-02,False,False,False,False
106,63405.0,2048-10-03,False,False,False,False
105,82157.0,2048-10-04,False,False,False,True
104,89823.0,2048-10-05,False,True,False,False
104,49856.0,2048-10-06,False,False,False,True
103,79676.0,2048-10-07,False,False,False,False
108,57366.0,2048-10-08,True,False,False,False
107,84811.0,2048-10-09,False,False,False,True
109,76970.0,2048-10-10,True,False,False,False
101,65138.0,2048-10-11,False,False,False,False
107,72244.0,2048-10-12,False,False,True,False
104,80787.0,2048-10-13,False,False,False,True
107,72683.0,2048-10-14,False,False,False,False
101,40638.0,2048-10-15,False,True,False,False
105,50816.0,2048-10-16,False,False,False,True
103,86619.0,2048-10-17,False,False,False,False
105,50598.0,2048-10-18,True,False,False,False
104,72541.0,2048-10-19,False,True,False,False
102,40652.0,2048-10-20,False,False,False,True
104,46963.0,2048-10-21,True,False,False,False
103,78511.0,2048-10-22,False,False,False,True
101,62223.0,2048-10-23,False,False,False,False
108,61024.0,2048-10-24,False,False,True,False
105,87002.0,2048-10-25,False,False,False,False
104,33941.0,2048-10-26,True,False,False,False
105,38387.0,2048-10-27,True,False,False,False
104,38524.0,2048-10-28,False,False,True,False
103,65859.0,2048-10-29,True,False,False,False
105,67486.0,2048-10-30,False,True,False,False
104,71617.0,2048-10-31,False,False,False,True
101,55279.0,2048-11-01,False,False,False,True
103,84704.0,2048-11-02,False,True,False,False
108,84130.0,2048-11-03,False,False,False,False
107,56025.0,2048-11-04,False,False,True,False
102,47636.0,2048-11-05,False,False,False,False
101,71483.0,2048-11-06,False,False,False,True
103,73224.0,2048-11-07,False,True,False,False
105,43277.0,2048-11-08,False,False,False,True
101,78718.0,2048-11-09,False,True,False,False
103,65190.0,2048-11-10,False,False,False,True
103,70995.0,2048-11-11,True,False,False,False
105,71735.0,2048-11-12,True,False,False,False
103,79179.0,2048-11-13,False,False,False,False
109,37539.0,2048-11-14,False,True,False,False
101,62853.0,2048-11-15,False,False,False,True
104,56811.0,2048-11-16,False,False,False,True
104,56928.0,2048-11-17,False,False,False,False
101,36909.0,2048-11-18,False,False,False,False
102,58069.0,2048-11-19,False,False,False,False
101,83433.0,2048-11-20,False,False,False,False
106,76084.0,2048-11-21,False,False,False,True
103,67421.0,2048-11-22,False,False,False,True
107,38033.0,2048-11-23,True,False,False,False
105,86816.0,2048-11-24,False,False,False,True
109,40748.0,2048-11-25,False,False,False,False
107,76693.0,2048-11-26,False,False,False,True
104,35066.0,2048-11-27,False,False,False,False
105,75272.0,2048-11-28,False,False,False,True
105,78664.0,2048-11-29,False,True,False,False
105,79408.0,2048-11-30,False,False,True,False
109,41998.0,2048-12-01,False,True,False,False
103,43764.0,2048-12-02,False,False,False,True
106,64215.0,2048-12-03,False,False,False,False
108,75379.0,2048-12-04,False,False,False,False
109,45858.0,2048-12-05,True,False,False,False
107,68468.0,2048-12-06,False,False,False,False
103,89588.0,2048-12-07,False,False,False,True
101,83751.0,2048-12-08,False,True,False,False
104,66111.0,2048-12-09,False,False,True,False
106,47077.0,2048-12-10,False,False,False,True
103,40257.0,2048-12-11,False,False,True,False
101,77210.0,2048-12-12,False,False,False,True
106,74560.0,2048-12-13,True,False,False,False
101,75180.0,2048-12-14,False,False,False,True
109,87826.0,2048-12-15,True,False,False,False
101,33665.0,2048-12-16,False,False,False,False
106,65442.0,2048-12-17,False,False,False,False
101,73358.0,2048-12-18,False,False,False,False
107,46734.0,2048-12-19,False,False,False,False
103,38840.0,2048-12-20,False,True,False,False
106,42062.0,2048-12-21,True,False,False,False
107,37044.0,2048-12-22,False,True,False,False
101,87571.0,2048-12-23,False,True,False,False
101,32063.0,2048-12-24,True,False,False,False
105,52313.0,2048-12-25,False,True,False,False
106,87768.0,2048-12-26,False,False,True,False
109,57087.0,2048-12-27,False,False,True,False
101,75779.0,2048-12-28,False,False,False,True
104,70181.0,2048-12-29,True,False,False,False
108,48205.0,2048-12-30,False,False,False,False
109,84041.0,2048-12-31,False,False,False,True
103,42464.0,2049-01-01,False,False,False,False
102,73550.0,2049-01-02,False,True,False,False
104,57132.0,2049-01-03,False,False,False,True
102,80737.0,2049-01-04,True,False,False,False
101,72638.0,2049-01-05,False,False,False,True
103,67427.0,2049-01-06,False,False,False,True
107,65048.0,2049-01-07,True,False,False,False
101,33749.0,2049-01-08,False,True,False,False
102,65306.0,2049-01-09,False,False,False,True
101,55592.0,2049-01-10,False,True,False,False
108,79595.0,2049-01-11,True,False,False,False
105,48451.0,2049-01-12,True,False,False,False
108,58258.0,2049-01-13,True,False,False,False
103,74758.0,2049-01-14,False,False,False,True
107,87454.0,2049-01-15,True,False,False,False
108,65302.0,2049-01-16,False,False,False,False
106,62856.0,2049-01-17,False,False,False,True
107,82542.0,2049-01-18,False,False,False,False
102,51621.0,2049-01-19,False,False,False,False
108,36577.0,2049-01-20,False,False,False,False
105,81093.0,2049-01-21,True,False,False,False
107,49694.0,2049-01-22,False,True,False,False
101,38263.0,2049-01-23,False,False,False,False
105,47205.0,2049-01-24,False,False,False,False
101,38072.0,2049-01-25,False,False,False,False
108,79967.0,2049-01-26,False,False,False,False
104,87747.0,2049-01-27,False,False,True,False
104,80850.0,2049-01-28,False,False,True,False
102,75306.0,2049-01-29,True,False,False,False
105,73876.0,2049-01-30,True,False,False,False
101,70130.0,2049-01-31,False,True,False,False
109,73002.0,2049-02-01,True,False,False,False
105,35691.0,2049-02-02,False,False,False,False
106,52113.0,2049-02-03,False,False,False,True
102,31953.0,2049-02-04,False,True,False,False
101,34963.0,2049-02-05,False,True,False,False
104,68754.0,2049-02-06,False,True,False,False
107,70520.0,2049-02-07,False,True,False,False
106,57869.0,2049-02-08,False,True,False,False
101,41445.0,2049-02-09,True,False,False,False
101,67759.0,2049-02-10,False,False,False,True
108,50185.0,2049-02-11,False,False,False,True
104,38447.0,2049-02-12,False,False,True,False
105,64699.0,2049-02-13,False,True,False,False
107,80263.0,2049-02-14,False,False,True,False
108,63640.0,2049-02-15,True,False,False,False
107,37954.0,2049-02-16,False,False,False,True
102,83739.0,2049-02-17,False,True,False,False
104,85631.0,2049-02-18,False,True,False,False
101,47945.0,2049-02-19,False,False,False,True
109,68294.0,2049-02-20,False,True,False,False
103,42920.0,2049-02-21,False,False,False,True
103,59984.0,2049-02-22,False,True,False,False
109,83609.0,2049-02-23,False,False,False,False
103,35560.0,2049-02-24,False,True,False,False
108,45389.0,2049-02-25,False,False,True,False
102,54265.0,2049-02-26,False,False,False,True
103,71853.0,2049-02-27,False,False,True,False
102,37715.0,2049-02-28,False,True,False,False
101,49068.0,2049-03-01,True,False,False,False
102,39438.0,2049-03-02,False,False,False,True
108,79898.0,2049-03-03,False,False,False,False
109,35243.0,2049-03-04,False,True,False,False
102,58629.0,2049-03-05,False,False,False,False
107,69594.0,2049-03-06,False,True,False,False
105,34085.0,2049-03-07,False,False,False,False
103,68885.0,2049-03-08,False,True,False,False
109,47390.0,2049-03-09,False,False,False,False
106,54513.0,2049-03-10,False,True,False,False
101,50694.0,2049-03-11,False,False,False,True
105,71850.0,2049-03-12,False,False,False,False
107,73451.0,2049-03-13,False,False,False,True
104,44884.0,2049-03-14,False,False,False,False
108,32876.0,2049-03-15,True,False,False,False
105,56207.0,2049-03-16,False,False,False,False
109,81178.0,2049-03-17,False,False,False,False
109,35556.0,2049-03-18,False,True,False,False
109,50491.0,2049-03-19,False,True,False,False
101,68009.0,2049-03-20,False,False,True,False
102,78674.0,2049-03-21,False,False,False,False
103,77682.0,2049-03-22,True,False,False,False
104,62225.0,2049-03-23,False,False,False,False
109,68437.0,2049-03-24,False,False,False,True
106,35399.0,2049-03-25,False,False,False,True
101,71701.0,2049-03-26,False,False,False,False
109,43648.0,2049-03-27,False,True,False,False
106,60887.0,2049-03-28,False,False,False,True
104,82160.0,2049-03-29,False,False,False,False
104,72936.0,2049-03-30,False,False,False,True
103,70263.0,2049-03-31,False,False,False,True
107,78373.0,2049-04-01,True,False,False,False
103,82814.0,2049-04-02,False,True,False,False
102,51804.0,2049-04-03,False,True,False,False
108,60919.0,2049-04-04,False,False,True,False
104,76972.0,2049-04-05,True,False,False,False
108,58147.0,2049-04-06,False,False,False,True
101,49295.0,2049-04-07,False,False,False,False
105,36897.0,2049-04-08,False,True,False,False
109,41276.0,2049-04-09,True,False,False,False
101,68253.0,2049-04-10,False,True,False,False
104,35838.0,2049-04-11,False,False,True,False
106,47157.0,2049-04-12,False,False,False,False
108,32144.0,2049-04-13,False,False,False,True
103,44406.0,2049-04-14,False,False,True,False
105,71952.0,2049-04-15,False,False,False,True
107,56414.0,2049-04-16,False,False,False,True
101,68748.0,2049-04-17,False,False,True,False
107,77460.0,2049-04-18,False,False,True,False
108,59483.0,2049-04-19,True,False,False,False
108,77647.0,2049-04-20,False,False,False,True
109,41513.0,2049-04-21,False,False,False,False
106,85549.0,2049-04-22,True,False,False,False
106,74802.0,2049-04-23,False,False,True,False
102,56451.0,2049-04-24,False,False,False,False
103,70909.0,2049-04-25,False,False,False,False
104,78091.0,2049-04-26,False,False,False,True
104,82389.0,2049-04-27,False,False,True,False
108,70963.0,2049-04-28,True,False,False,False
101,84734.0,2049-04-29,False,False,False,False
104,52672.0,2049-04-30,False,False,False,False
104,71124.0,2049-05-01,False,True,False,False
101,42631.0,2049-05-02,False,True,False,False
103,64665.0,2049-05-03,False,False,False,False
105,62291.0,2049-05-04,False,False,False,False
106,51817.0,2049-05-05,False,False,True,False
109,41432.0,2049-05-06,False,False,False,False
109,48951.0,2049-05-07,False,False,False,True
109,38130.0,2049-05-08,False,True,False,False
101,84869.0,2049-05-09,False,False,False,True
109,74467.0,2049-05-10,False,False,False,True
108,53136.0,2049-05-11,True,False,False,False
102,32559.0,2049-05-12,False,False,False,False
101,44744.0,2049-05-13,False,False,False,True
101,61155.0,2049-05-14,False,True,False,False
106,72298.0,2049-05-15,False,True,False,False
109,51021.0,2049-05-16,True,False,False,False
107,46996.0,2049-05-17,False,False,False,True
105,86898.0,2049-05-18,False,False,False,True
102,43187.0,2049-05-19,False,False,False,True
101,81036.0,2049-05-20,False,False,False,True
102,83176.0,2049-05-21,False,False,False,True
101,65902.0,2049-05-22,False,True,False,False
103,88399.0,2049-05-23,False,False,False,True
106,48006.0,2049-05-24,False,False,True,False
108,46375.0,2049-05-25,False,False,False,False
103,82434.0,2049-05-26,False,True,False,False
109,60158.0,2049-05-27,False,False,False,True
105,81762.0,2049-05-28,False,False,False,True
107,77678.0,2049-05-29,False,False,False,False
108,33069.0,2049-05-30,False,False,False,True
103,36486.0,2049-05-31,True,False,False,False
102,47639.0,2049-06-01,True,False,False,False
102,65428.0,2049-06-02,False,False,True,False
105,58800.0,2049-06-03,False,False,False,False
101,55618.0,2049-06-04,False,False,False,True
102,67220.0,2049-06-05,False,False,False,True
109,88786.0,2049-06-06,False,False,False,True
107,86254.0,2049-06-07,False,False,False,False
106,41869.0,2049-06-08,False,False,True,False
109,34176.0,2049-06-09,False,True,False,False
107,66454.0,2049-06-10,False,False,False,True
105,56480.0,2049-06-11,False,True,False,False
109,61500.0,2049-06-12,False,True,False,False
106,35237.0,2049-06-13,False,True,False,False
106,56453.0,2049-06-14,False,True,False,False
104,86813.0,2049-06-15,False,False,False,True
101,30790.0,2049-06-16,False,False,True,False
105,77595.0,2049-06-17,False,False,False,False
109,76954.0,2049-06-18,True,False,False,False
108,71184.0,2049-06-19,False,False,False,False
108,82186.0,2049-06-20,False,False,True,False
105,44754.0,2049-06-21,False,False,True,False
109,43067.0,2049-06-22,False,False,True,False
103,46609.0,2049-06-23,False,False,True,False
103,57981.0,2049-06-24,False,True,False,False
101,84500.0,2049-06-25,False,False,False,False
109,85618.0,2049-06-26,False,False,False,False
106,49563.0,2049-06-27,False,False,False,False
102,39003.0,2049-06-28,False,False,False,False
108,57068.0,2049-06-29,False,True,False,False
109,76996.0,2049-06-30,False,True,False,False
109,34223.0,2049-07-01,False,False,False,True
102,53904.0,2049-07-02,True,False,False,False
102,66834.0,2049-07-03,False,False,False,True
107,50746.0,2049-07-04,False,False,False,True
104,61404.0,2049-07-05,True,False,False,False
101,51407.0,2049-07-06,False,False,False,False
108,50693.0,2049-07-07,False,False,False,False
102,63014.0,2049-07-08,False,True,False,False
103,52121.0,2049-07-09,False,True,False,False
105,80770.0,2049-07-10,False,False,False,True
103,56403.0,2049-07-11,True,False,False,False
107,41637.0,2049-07-12,False,True,False,False
107,38612.0,2049-07-13,False,False,False,True
102,60410.0,2049-07-14,True,False,False,False
107,35160.0,2049-07-15,False,False,True,False
106,64139.0,2049-07-16,False,True,False,False
109,37728.0,2049-07-17,True,False,False,False
109,34238.0,2049-07-18,False,False,False,True
102,56764.0,2049-07-19,False,False,False,True
107,81764.0,2049-07-20,False,False,True,False
105,48464.0,2049-07-21,True,False,False,False
106,61943.0,2049-07-22,False,False,False,True
101,60838.0,2049-07-23,True,False,False,False
107,35919.0,2049-07-24,True,False,False,False
106,67092.0,2049-07-25,False,False,False,False
104,37797.0,2049-07-26,False,False,False,False
101,81887.0,2049-07-27,True,False,False,False
109,52467.0,2049-07-28,False,False,False,True
104,53736.0,2049-07-29,False,False,False,True
102,39021.0,2049-07-30,False,False,False,True
108,33058.0,2049-07-31,True,False,False,False
102,39041.0,2049-08-01,False,True,False,False
105,68102.0,2049-08-02,False,False,False,False
106,31153.0,2049-08-03,False,True,False,False
108,67708.0,2049-08-04,False,False,False,False
101,77375.0,2049-08-05,True,False,False,False
101,42021.0,2049-08-06,False,True,False,False
104,57258.0,2049-08-07,False,False,False,True
105,65847.0,2049-08-08,False,False,False,True
109,79554.0,2049-08-09,False,False,False,True
107,49359.0,2049-08-10,True,False,False,False
107,56178.0,2049-08-11,False,False,False,False
108,42914.0,2049-08-12,False,False,False,True
105,37536.0,2049-08-13,False,False,False,False
105,85071.0,2049-08-14,False,True,False,False
101,85912.0,2049-08-15,False,False,True,False
109,63748.0,2049-08-16,False,True,False,False
106,69448.0,2049-08-17,False,False,True,False
109,76132.0,2049-08-18,False,False,False,False
103,40486.0,2049-08-19,False,False,False,False
105,32384.0,2049-08-20,True,False,False,False
102,74312.0,2049-08-21,False,False,True,False
105,75088.0,2049-08-22,False,False,False,True
108,71758.0,2049-08-23,False,False,False,False
102,40787.0,2049-08-24,False,True,False,False
108,64134.0,2049-08-25,False,False,True,False
104,65706.0,2049-08-26,False,True,False,False
101,47646.0,2049-08-27,False,False,True,False
105,86811.0,2049-08-28,True,False,False,False
101,36187.0,2049-08-29,False,False,False,True
107,38495.0,2049-08-30,False,False,True,False
108,39885.0,2049-08-31,False,True,False,False
103,48700.0,2049-09-01,True,False,False,False
103,45018.0,2049-09-02,False,True,False,False
107,60428.0,2049-09-03,False,True,False,False
104,59071.0,2049-09-04,False,False,False,False
103,87061.0,2049-09-05,False,True,False,False
108,61322.0,2049-09-06,True,False,False,False
103,80073.0,2049-09-07,False,False,False,True
107,37114.0,2049-09-08,False,False,False,False
102,36574.0,2049-09-09,False,False,False,True
101,54996.0,2049-09-10,False,False,True,False
106,56754.0,2049-09-11,False,False,True,False
108,68297.0,2049-09-12,True,False,False,False
101,33809.0,2049-09-13,True,False,False,False
109,76304.0,2049-09-14,False,False,True,False
103,47550.0,2049-09-15,False,True,False,False
103,59249.0,2049-09-16,False,False,False,True
104,71499.0,2049-09-17,False,False,False,True
101,85420.0,2049-09-18,False,False,True,False
109,68099.0,2049-09-19,False,False,False,True
103,51413.0,2049-09-20,False,False,True,False
104,80612.0,2049-09-21,False,False,False,False
101,34687.0,2049-09-22,False,False,False,False
104,68125.0,2049-09-23,False,False,True,False
101,51123.0,2049-09-24,False,True,False,False
105,63095.0,2049-09-25,False,False,False,True
105,57435.0,2049-09-26,False,False,True,False
107,51622.0,2049-09-27,False,False,True,False
108,40285.0,2049-09-28,False,False,True,False
104,73091.0,2049-09-29,False,True,False,False
107,54927.0,2049-09-30,True,False,False,False
104,84284.0,2049-10-01,False,True,False,False
103,83884.0,2049-10-02,False,False,True,False
106,83060.0,2049-10-03,False,False,False,True
104,35291.0,2049-10-04,True,False,False,False
103,71193.0,2049-10-05,False,False,False,False
109,78308.0,2049-10-06,False,False,False,True
105,33122.0,2049-10-07,False,False,False,False
107,34876.0,2049-10-08,True,False,False,False
106,49112.0,2049-10-09,False,False,False,True
105,76474.0,2049-10-10,True,False,False,False
107,39124.0,2049-10-11,False,False,False,False
106,87147.0,2049-10-12,False,True,False,False
102,31823.0,2049-10-13,True,False,False,False
103,82652.0,2049-10-14,False,False,True,False
102,66841.0,2049-10-15,False,False,False,True
103,88204.0,2049-10-16,False,False,False,True
101,80382.0,2049-10-17,True,False,False,False
108,40387.0,2049-10-18,False,False,True,False
106,67163.0,2049-10-19,False,False,False,True
102,68819.0,2049-10-20,False,False,False,True
108,64244.0,2049-10-21,False,False,False,True
106,81175.0,2049-10-22,False,False,False,True
107,48980.0,2049-10-23,False,False,False,True
101,54224.0,2049-10-24,True,False,False,False
107,37121.0,2049-10-25,False,False,False,True
103,32430.0,2049-10-26,True,False,False,False
108,37954.0,2049-10-27,False,False,False,False
106,86095.0,2049-10-28,False,True,False,False
104,41881.0,2049-10-29,False,False,False,False
108,46917.0,2049-10-30,True,False,False,False
109,47640.0,2049-10-31,False,False,False,True
102,80809.0,2049-11-01,False,False,False,False
106,88496.0,2049-11-02,False,True,False,False
105,42085.0,2049-11-03,False,False,False,False
105,80904.0,2049-11-04,False,True,False,False
103,56259.0,2049-11-05,False,True,False,False
108,53097.0,2049-11-06,False,False,True,False
108,32978.0,2049-11-07,False,False,False,True
105,34332.0,2049-11-08,False,False,False,False
108,50037.0,2049-11-09,False,True,False,False
108,65781.0,2049-11-10,False,False,False,True
103,88044.0,2049-11-11,False,False,False,True
102,45089.0,2049-11-12,False,True,False,False
109,86804.0,2049-11-13,False,True,False,False
102,53484.0,2049-11-14,False,False,True,False
109,44008.0,2049-11-15,False,True,False,False
104,84018.0,2049-11-16,False,True,False,False
102,48148.0,2049-11-17,False,False,True,False
101,80274.0,2049-11-18,False,False,False,True
104,33830.0,2049-11-19,True,False,False,False
109,85852.0,2049-11-20,False,True,False,False
109,32958.0,2049-11-21,False,False,False,True
104,89664.0,2049-11-22,False,False,False,False
109,55998.0,2049-11-23,False,False,False,True
106,31540.0,2049-11-24,False,True,False,False
101,60677.0,2049-11-25,False,False,False,False
106,59101.0,2049-11-26,False,True,False,False
109,71482.0,2049-11-27,False,True,False,False
102,73967.0,2049-11-28,False,False,False,True
106,84619.0,2049-11-29,False,True,False,False
102,37053.0,2049-11-30,False,False,True,False
104,35670.0,2049-12-01,False,True,False,False
108,73458.0,2049-12-02,False,False,True,False
107,77030.0,2049-12-03,False,False,False,False
109,78115.0,2049-12-04,False,False,True,False
107,40281.0,2049-12-05,False,True,False,False
101,48122.0,2049-12-06,False,False,True,False
102,83341.0,2049-12-07,True,False,False,False
106,32533.0,2049-12-08,False,False,False,False
107,40756.0,2049-12-09,False,False,True,False
103,84421.0,2049-12-10,True,False,False,False
109,55074.0,2049-12-11,False,False,True,False
107,48802.0,2049-12-12,False,False,False,True
106,67844.0,2049-12-13,False,False,False,False
106,57322.0,2049-12-14,False,False,True,False
101,79636.0,2049-12-15,False,False,False,True
105,47048.0,2049-12-16,False,False,False,False
103,82606.0,2049-12-17,False,False,False,True
107,79779.0,2049-12-18,False,False,False,False
103,39876.0,2049-12-19,False,False,False,True
105,88075.0,2049-12-20,False,False,False,True
107,67055.0,2049-12-21,False,False,True,False
103,76824.0,2049-12-22,False,False,False,True
102,45171.0,2049-12-23,False,False,False,True
106,72204.0,2049-12-24,True,False,False,False
108,35166.0,2049-12-25,False,False,False,False
104,40366.0,2049-12-26,False,True,False,False
109,50258.0,2049-12-27,False,True,False,False
108,73734.0,2049-12-28,False,True,False,False
107,42983.0,2049-12-29,False,True,False,False
107,55715.0,2049-12-30,False,False,True,False
103,61085.0,2049-12-31,False,False,True,False
106,89784.0,2050-01-01,False,False,False,False
105,75078.0,2050-01-02,False,False,False,True
101,57778.0,2050-01-03,False,False,False,True
103,41390.0,2050-01-04,True,False,False,False
101,50924.0,2050-01-05,False,False,False,False
104,75832.0,2050-01-06,False,True,False,False
103,73004.0,2050-01-07,False,False,False,False
104,70244.0,2050-01-08,False,True,False,False
109,30707.0,2050-01-09,False,False,False,True
103,71392.0,2050-01-10,False,False,False,True
106,55048.0,2050-01-11,False,False,False,True
106,79093.0,2050-01-12,False,True,False,False
107,62815.0,2050-01-13,False,False,False,False
109,64682.0,2050-01-14,True,False,False,False
107,47489.0,2050-01-15,False,True,False,False
101,82332.0,2050-01-16,False,True,False,False
108,89234.0,2050-01-17,False,False,False,True
105,78158.0,2050-01-18,False,False,False,True
109,87701.0,2050-01-19,False,False,True,False
105,46951.0,2050-01-20,False,False,False,False
105,71439.0,2050-01-21,False,False,False,False
102,80018.0,2050-01-22,False,False,False,True
103,41452.0,2050-01-23,False,False,True,False
109,58635.0,2050-01-24,False,False,True,False
107,62747.0,2050-01-25,False,False,False,True
101,63796.0,2050-01-26,False,True,False,False
103,57933.0,2050-01-27,False,True,False,False
102,64581.0,2050-01-28,False,False,True,False
101,82880.0,2050-01-29,False,False,False,False
109,68281.0,2050-01-30,False,True,False,False
108,82678.0,2050-01-31,False,False,False,True
105,51187.0,2050-02-01,False,False,False,False
102,52953.0,2050-02-02,False,False,True,False
101,63818.0,2050-02-03,True,False,False,False
107,54702.0,2050-02-04,False,True,False,False
102,36278.0,2050-02-05,False,True,False,False
101,74566.0,2050-02-06,False,False,False,False
102,89722.0,2050-02-07,False,True,False,False
107,48036.0,2050-02-08,False,False,True,False
107,77495.0,2050-02-09,False,False,False,False
106,54583.0,2050-02-10,False,False,False,True
105,34708.0,2050-02-11,False,False,False,False
103,39476.0,2050-02-12,True,False,False,False
103,35318.0,2050-02-13,False,False,False,False
109,59269.0,2050-02-14,False,False,True,False
104,68627.0,2050-02-15,True,False,False,False
109,75441.0,2050-02-16,False,False,True,False
104,85767.0,2050-02-17,True,False,False,False
102,54754.0,2050-02-18,False,True,False,False
104,69361.0,2050-02-19,False,True,False,False
106,49979.0,2050-02-20,False,False,False,True
106,34910.0,2050-02-21,False,False,False,True
105,66022.0,2050-02-22,True,False,False,False
101,34453.0,2050-02-23,True,False,False,False
103,81575.0,2050-02-24,False,False,False,True
105,87260.0,2050-02-25,False,False,False,False
106,51181.0,2050-02-26,False,False,False,True
101,53365.0,2050-02-27,False,False,True,False
109,56326.0,2050-02-28,False,False,False,True
103,70705.0,2050-03-01,False,False,False,True
103,85833.0,2050-03-02,False,False,False,False
102,84029.0,2050-03-03,False,False,False,False
108,34177.0,2050-03-04,False,False,False,True
103,33429.0,2050-03-05,True,False,False,False
106,62952.0,2050-03-06,False,True,False,False
102,89679.0,2050-03-07,False,False,True,False
107,65901.0,2050-03-08,True,False,False,False
104,34978.0,2050-03-09,False,False,True,False
109,71466.0,2050-03-10,False,False,True,False
109,85289.0,2050-03-11,False,False,False,False
107,43773.0,2050-03-12,False,False,True,False
108,81084.0,2050-03-13,False,False,False,False
103,36174.0,2050-03-14,False,False,False,True
105,51796.0,2050-03-15,False,True,False,False
102,80348.0,2050-03-16,False,False,False,True
107,41877.0,2050-03-17,False,False,False,True
108,84399.0,2050-03-18,False,True,False,False
109,83333.0,2050-03-19,False,False,False,False
107,47722.0,2050-03-20,True,False,False,False
108,52555.0,2050-03-21,False,False,False,True
109,77225.0,2050-03-22,False,False,False,False
106,43562.0,2050-03-23,False,False,True,False
102,81772.0,2050-03-24,False,False,False,True
102,36546.0,2050-03-25,False,False,False,False
104,55258.0,2050-03-26,False,False,False,True
109,41706.0,2050-03-27,False,False,False,False
107,58943.0,2050-03-28,True,False,False,False
102,52315.0,2050-03-29,False,False,False,True
108,40352.0,2050-03-30,False,False,False,True
107,64497.0,2050-03-31,False,False,False,False
109,39609.0,2050-04-01,False,False,True,False
108,74974.0,2050-04-02,True,False,False,False
103,62786.0,2050-04-03,False,False,True,False
101,85123.0,2050-04-04,False,True,False,False
102,57228.0,2050-04-05,False,False,False,True
102,79616.0,2050-04-06,False,False,False,False
104,38882.0,2050-04-07,False,False,True,False
106,88354.0,2050-04-08,False,True,False,False
104,46268.0,2050-04-09,False,False,False,True
109,35310.0,2050-04-10,False,True,False,False
104,76572.0,2050-04-11,False,True,False,False
106,54463.0,2050-04-12,False,True,False,False
106,41253.0,2050-04-13,False,False,False,False
101,50404.0,2050-04-14,False,False,False,True
108,79314.0,2050-04-15,False,False,False,True
103,39827.0,2050-04-16,False,False,False,False
106,40938.0,2050-04-17,False,True,False,False
103,63062.0,2050-04-18,True,False,False,False
102,55154.0,2050-04-19,False,True,False,False
105,37240.0,2050-04-20,False,False,False,False
101,69612.0,2050-04-21,True,False,False,False
109,31585.0,2050-04-22,False,False,False,False
107,82532.0,2050-04-23,False,True,False,False
103,40541.0,2050-04-24,False,True,False,False
104,35427.0,2050-04-25,True,False,False,False
106,56747.0,2050-04-26,False,False,True,False
103,53196.0,2050-04-27,False,False,False,True
107,45620.0,2050-04-28,False,False,True,False
106,79346.0,2050-04-29,False,False,False,True
109,39033.0,2050-04-30,False,False,False,False
105,61070.0,2050-05-01,False,False,False,True
104,76922.0,2050-05-02,False,True,False,False
103,79104.0,2050-05-03,False,False,False,False
101,42199.0,2050-05-04,True,False,False,False
103,42776.0,2050-05-05,False,False,True,False
103,52727.0,2050-05-06,False,False,False,True
107,32931.0,2050-05-07,False,False,False,False
107,44843.0,2050-05-08,True,False,False,False
101,86193.0,2050-05-09,False,False,False,False
103,35699.0,2050-05-10,False,False,False,True
108,87789.0,2050-05-11,False,False,True,False
109,87423.0,2050-05-12,False,True,False,False
107,51224.0,2050-05-13,False,False,False,True
107,57321.0,2050-05-14,False,False,False,True
108,37636.0,2050-05-15,False,False,False,True
106,31860.0,2050-05-16,False,False,False,True
103,84713.0,2050-05-17,True,False,False,False
101,80082.0,2050-05-18,False,False,False,False
107,44989.0,2050-05-19,False,True,False,False
101,81086.0,2050-05-20,False,False,False,True
101,78005.0,2050-05-21,False,False,False,False
109,67135.0,2050-05-22,False,False,False,True
107,76422.0,2050-05-23,False,False,False,False
104,64939.0,2050-05-24,False,False,False,True
106,66062.0,2050-05-25,False,False,False,True
101,43801.0,2050-05-26,False,False,False,False
107,60398.0,2050-05-27,False,False,False,True
106,34747.0,2050-05-28,False,False,False,False
104,67160.0,2050-05-29,False,False,False,True
107,35238.0,2050-05-30,False,False,True,False
103,32834.0,2050-05-31,False,True,False,False
101,78203.0,2050-06-01,False,True,False,False
104,75676.0,2050-06-02,True,False,False,False
103,56230.0,2050-06-03,True,False,False,False
101,37116.0,2050-06-04,False,False,True,False
102,32928.0,2050-06-05,True,False,False,False
105,86577.0,2050-06-06,False,False,False,True
108,58179.0,2050-06-07,False,False,False,False
101,52134.0,2050-06-08,False,False,True,False
104,69262.0,2050-06-09,False,False,False,True
104,64440.0,2050-06-10,False,False,False,True
105,38190.0,2050-06-11,False,False,False,False
107,53828.0,2050-06-12,False,True,False,False
108,34350.0,2050-06-13,False,False,False,False
106,64055.0,2050-06-14,False,True,False,False
101,73686.0,2050-06-15,False,False,False,True
107,46036.0,2050-06-16,True,False,False,False
103,58700.0,2050-06-17,False,False,True,False
106,36610.0,2050-06-18,False,False,False,True
108,72018.0,2050-06-19,False,True,False,False
107,59420.0,2050-06-20,True,False,False,False
106,55177.0,2050-06-21,False,False,True,False
109,57850.0,2050-06-22,False,False,False,False
109,69651.0,2050-06-23,True,False,False,False
101,41170.0,2050-06-24,False,False,False,False
101,84339.0,2050-06-25,True,False,False,False
101,79282.0,2050-06-26,False,False,False,True
108,70812.0,2050-06-27,False,False,False,False
107,71070.0,2050-06-28,False,True,False,False
103,57147.0,2050-06-29,False,True,False,False
102,65502.0,2050-06-30,False,True,False,False
104,55406.0,2050-07-01,False,True,False,False
103,88009.0,2050-07-02,False,False,False,False
107,31066.0,2050-07-03,False,True,False,False
108,34970.0,2050-07-04,False,True,False,False
106,82940.0,2050-07-05,False,False,True,False
103,80469.0,2050-07-06,False,False,True,False
106,79436.0,2050-07-07,False,False,True,False
102,53350.0,2050-07-08,False,False,False,True
107,59235.0,2050-07-09,False,True,False,False
107,70562.0,2050-07-10,False,True,False,False
104,34114.0,2050-07-11,False,False,False,True
108,58154.0,2050-07-12,False,False,False,True
104,75602.0,2050-07-13,False,False,True,False
107,79199.0,2050-07-14,False,False,False,True
104,89112.0,2050-07-15,False,True,False,False
105,68906.0,2050-07-16,True,False,False,False
107,58890.0,2050-07-17,False,False,False,True
103,51245.0,2050-07-18,False,False,False,False
105,82411.0,2050-07-19,False,False,False,True
103,73038.0,2050-07-20,False,False,False,False
105,73266.0,2050-07-21,False,False,False,True
103,54226.0,2050-07-22,False,False,False,True
107,66183.0,2050-07-23,True,False,False,False
101,42595.0,2050-07-24,False,False,True,False
109,57718.0,2050-07-25,False,False,False,False
109,69218.0,2050-07-26,True,False,False,False
105,55143.0,2050-07-27,True,False,False,False
109,76178.0,2050-07-28,False,False,True,False
106,36164.0,2050-07-29,False,True,False,False
105,62640.0,2050-07-30,False,False,False,True
103,37787.0,2050-07-31,False,False,False,True
108,45924.0,2050-08-01,False,False,False,True
104,75286.0,2050-08-02,False,False,False,True
103,50449.0,2050-08-03,False,True,False,False
106,30081.0,2050-08-04,False,True,False,False
108,33005.0,2050-08-05,False,False,False,True
109,38408.0,2050-08-06,False,False,False,True
106,30334.0,2050-08-07,False,False,False,True
105,87902.0,2050-08-08,False,True,False,False
102,41103.0,2050-08-09,False,False,False,True
102,88217.0,2050-08-10,True,False,False,False
109,71712.0,2050-08-11,False,False,False,False
102,74721.0,2050-08-12,False,False,False,False
102,55169.0,2050-08-13,False,False,False,True
103,60494.0,2050-08-14,False,True,False,False
103,73711.0,2050-08-15,False,True,False,False
104,53452.0,2050-08-16,False,False,True,False
107,56254.0,2050-08-17,False,False,True,False
109,33897.0,2050-08-18,False,False,False,True
102,87110.0,2050-08-19,False,False,False,True
104,87253.0,2050-08-20,False,False,False,True
109,34648.0,2050-08-21,True,False,False,False
102,39674.0,2050-08-22,False,True,False,False
101,47166.0,2050-08-23,False,False,False,False
108,56710.0,2050-08-24,False,True,False,False
109,49970.0,2050-08-25,False,False,True,False
107,33794.0,2050-08-26,False,False,False,True
108,59184.0,2050-08-27,False,False,False,False
104,55559.0,2050-08-28,False,True,False,False
104,45344.0,2050-08-29,False,True,False,False
102,75642.0,2050-08-30,True,False,False,False
108,68365.0,2050-08-31,False,False,True,False
102,61217.0,2050-09-01,True,False,False,False
109,69818.0,2050-09-02,True,False,False,False
104,35051.0,2050-09-03,False,True,False,False
101,47126.0,2050-09-04,True,False,False,False
104,34544.0,2050-09-05,False,True,False,False
103,42875.0,2050-09-06,False,True,False,False
106,34355.0,2050-09-07,False,False,True,False
107,49992.0,2050-09-08,False,False,True,False
108,82423.0,2050-09-09,True,False,False,False
102,81662.0,2050-09-10,False,False,True,False
106,71053.0,2050-09-11,False,False,False,True
106,76076.0,2050-09-12,False,True,False,False
105,85207.0,2050-09-13,False,False,False,True
107,80527.0,2050-09-14,True,False,False,False
103,88475.0,2050-09-15,False,False,True,False
104,61074.0,2050-09-16,True,False,False,False
109,32516.0,2050-09-17,False,False,False,False
104,52622.0,2050-09-18,True,False,False,False
103,75923.0,2050-09-19,False,False,False,True
102,79242.0,2050-09-20,False,False,False,True
105,78171.0,2050-09-21,False,True,False,False
104,31479.0,2050-09-22,False,False,False,True
108,47338.0,2050-09-23,False,True,False,False
107,57007.0,2050-09-24,False,False,False,True
106,70982.0,2050-09-25,False,False,False,True
102,89069.0,2050-09-26,False,True,False,False
103,75078.0,2050-09-27,False,False,False,False
109,82457.0,2050-09-28,False,False,False,False
109,80873.0,2050-09-29,False,True,False,False
105,88784.0,2050-09-30,False,False,False,True
103,51836.0,2050-10-01,False,False,False,True
102,59246.0,2050-10-02,False,True,False,False
108,89494.0,2050-10-03,False,False,False,True
106,32547.0,2050-10-04,False,True,False,False
107,67691.0,2050-10-05,False,True,False,False
101,58130.0,2050-10-06,True,False,False,False
101,79340.0,2050-10-07,False,False,False,True
102,78975.0,2050-10-08,False,False,False,False
103,30459.0,2050-10-09,False,True,False,False
101,32236.0,2050-10-10,True,False,False,False
105,50830.0,2050-10-11,False,False,True,False
103,30580.0,2050-10-12,False,True,False,False
101,81313.0,2050-10-13,False,True,False,False
108,44439.0,2050-10-14,False,True,False,False
106,34715.0,2050-10-15,True,False,False,False
109,56107.0,2050-10-16,False,True,False,False
103,55944.0,2050-10-17,False,False,False,False
109,61764.0,2050-10-18,False,True,False,False
109,73394.0,2050-10-19,False,True,False,False
101,57567.0,2050-10-20,False,True,False,False
103,68665.0,2050-10-21,False,False,False,True
106,82054.0,2050-10-22,False,True,False,False
108,62425.0,2050-10-23,False,False,False,True
104,89874.0,2050-10-24,False,False,False,False
105,71432.0,2050-10-25,False,False,False,True
109,47242.0,2050-10-26,True,False,False,False
106,73949.0,2050-10-27,True,False,False,False
107,48824.0,2050-10-28,True,False,False,False
107,41898.0,2050-10-29,False,False,False,True
104,64480.0,2050-10-30,False,False,False,True
104,79667.0,2050-10-31,False,True,False,False
104,70123.0,2050-11-01,True,False,False,False
105,73353.0,2050-11-02,False,False,False,False
105,47759.0,2050-11-03,False,False,False,False
108,53068.0,2050-11-04,False,True,False,False
109,33669.0,2050-11-05,False,False,False,False
102,44382.0,2050-11-06,False,False,False,True
107,45436.0,2050-11-07,False,False,False,True
101,48774.0,2050-11-08,False,False,False,True
101,66030.0,2050-11-09,False,False,False,True
104,34638.0,2050-11-10,False,True,False,False
107,32866.0,2050-11-11,False,False,False,True
102,87000.0,2050-11-12,False,False,False,False
102,39251.0,2050-11-13,True,False,False,False
101,38948.0,2050-11-14,False,False,False,False
102,82647.0,2050-11-15,False,False,False,False
107,52878.0,2050-11-16,False,True,False,False
109,30187.0,2050-11-17,False,False,False,True
106,62270.0,2050-11-18,False,False,False,True
102,73341.0,2050-11-19,False,False,False,True
109,50962.0,2050-11-20,False,False,False,True
107,59911.0,2050-11-21,False,False,True,False
101,87245.0,2050-11-22,False,False,False,True
109,49098.0,2050-11-23,False,True,False,False
102,37408.0,2050-11-24,False,False,False,True
104,46679.0,2050-11-25,False,False,False,True
109,33533.0,2050-11-26,False,False,False,True
104,34140.0,2050-11-27,True,False,False,False
103,66810.0,2050-11-28,False,False,False,True
101,56618.0,2050-11-29,False,False,True,False
107,50654.0,2050-11-30,False,False,False,False
106,82203.0,2050-12-01,True,False,False,False
104,84617.0,2050-12-02,True,False,False,False
106,60775.0,2050-12-03,True,False,False,False
106,70501.0,2050-12-04,False,False,False,True
104,44676.0,2050-12-05,False,False,False,False
106,89144.0,2050-12-06,False,False,False,False
108,36005.0,2050-12-07,False,True,False,False
103,35870.0,2050-12-08,False,False,False,False
104,33904.0,2050-12-09,False,False,True,False
101,78235.0,2050-12-10,False,False,False,False
104,41973.0,2050-12-11,False,False,False,False
109,76976.0,2050-12-12,False,False,False,True
108,32261.0,2050-12-13,False,False,True,False
104,88866.0,2050-12-14,False,False,False,True
107,75813.0,2050-12-15,False,False,False,True
103,47804.0,2050-12-16,False,False,False,True
109,53077.0,2050-12-17,False,False,False,True
104,77276.0,2050-12-18,False,True,False,False
102,54680.0,2050-12-19,False,False,False,True
105,46862.0,2050-12-20,False,False,False,True
102,51902.0,2050-12-21,False,False,True,False
106,69345.0,2050-12-22,False,False,False,True
101,69553.0,2050-12-23,False,False,False,False
106,38884.0,2050-12-24,False,False,False,False
104,33038.0,2050-12-25,False,True,False,False
103,62961.0,2050-12-26,False,False,True,False
102,61562.0,2050-12-27,True,False,False,False
107,56065.0,2050-12-28,False,True,False,False
109,62084.0,2050-12-29,False,False,False,True
103,79210.0,2050-12-30,False,False,False,False
106,81038.0,2050-12-31,True,False,False,False
109,41801.0,2051-01-01,False,True,False,False
102,50957.0,2051-01-02,False,False,False,True
107,84374.0,2051-01-03,False,True,False,False
105,32580.0,2051-01-04,False,False,False,True
105,56544.0,2051-01-05,False,False,False,True
107,75647.0,2051-01-06,True,False,False,False
109,75013.0,2051-01-07,True,False,False,False
104,62454.0,2051-01-08,False,False,True,False
109,76401.0,2051-01-09,False,False,False,True
109,83796.0,2051-01-10,False,False,True,False
104,41277.0,2051-01-11,False,False,False,True
103,70391.0,2051-01-12,True,False,False,False
102,62988.0,2051-01-13,False,False,False,False
109,30875.0,2051-01-14,True,False,False,False
102,41654.0,2051-01-15,False,False,False,True
106,31196.0,2051-01-16,False,True,False,False
105,81861.0,2051-01-17,False,False,False,True
105,81883.0,2051-01-18,False,False,False,True
104,79487.0,2051-01-19,False,False,False,True
106,71184.0,2051-01-20,False,False,False,False
105,53398.0,2051-01-21,False,False,False,True
104,44370.0,2051-01-22,False,False,False,True
109,58517.0,2051-01-23,False,False,False,False
106,58859.0,2051-01-24,False,False,False,True
103,31247.0,2051-01-25,False,True,False,False
106,54564.0,2051-01-26,False,False,False,False
101,83109.0,2051-01-27,False,False,False,True
105,76018.0,2051-01-28,False,False,False,True
106,37111.0,2051-01-29,False,False,True,False
108,50973.0,2051-01-30,False,False,False,True
109,64654.0,2051-01-31,False,False,True,False
103,30310.0,2051-02-01,False,False,False,True
102,40760.0,2051-02-02,False,False,False,True
104,47988.0,2051-02-03,False,False,True,False
108,52043.0,2051-02-04,False,False,False,True
108,83134.0,2051-02-05,False,False,False,True
103,54944.0,2051-02-06,False,False,False,False
104,66314.0,2051-02-07,False,False,False,False
103,83993.0,2051-02-08,False,False,False,True
102,85326.0,2051-02-09,False,False,False,True
104,68119.0,2051-02-10,False,False,False,False
106,54401.0,2051-02-11,False,False,False,True
105,47381.0,2051-02-12,True,False,False,False
103,63264.0,2051-02-13,False,False,False,False
102,52069.0,2051-02-14,False,False,True,False
109,80115.0,2051-02-15,False,False,True,False
101,72964.0,2051-02-16,False,False,False,True
109,31198.0,2051-02-17,False,False,False,False
101,73305.0,2051-02-18,False,False,True,False
107,35910.0,2051-02-19,False,True,False,False
106,35484.0,2051-02-20,False,True,False,False
107,76165.0,2051-02-21,False,False,True,False
103,30576.0,2051-02-22,False,True,False,False
103,82312.0,2051-02-23,False,False,True,False
101,62821.0,2051-02-24,False,False,False,True
104,78757.0,2051-02-25,False,False,False,False
102,74392.0,2051-02-26,False,False,True,False
108,78603.0,2051-02-27,False,False,False,True
103,62996.0,2051-02-28,False,False,True,False
107,55354.0,2051-03-01,False,False,True,False
107,78958.0,2051-03-02,False,True,False,False
109,60229.0,2051-03-03,False,False,False,False
106,42022.0,2051-03-04,True,False,False,False
101,30984.0,2051-03-05,False,True,False,False
108,42660.0,2051-03-06,False,False,False,True
101,55044.0,2051-03-07,False,False,False,False
103,48851.0,2051-03-08,False,False,False,False
105,72809.0,2051-03-09,False,True,False,False
108,63299.0,2051-03-10,True,False,False,False
109,43711.0,2051-03-11,False,False,True,False
107,41227.0,2051-03-12,False,False,False,False
109,38028.0,2051-03-13,False,False,True,False
103,46945.0,2051-03-14,True,False,False,False
105,62857.0,2051-03-15,False,False,False,True
108,68503.0,2051-03-16,False,False,False,False
101,55982.0,2051-03-17,False,True,False,False
108,65913.0,2051-03-18,False,True,False,False
107,31292.0,2051-03-19,False,True,False,False
101,83262.0,2051-03-20,False,False,False,True
106,53880.0,2051-03-21,False,False,False,True
101,62538.0,2051-03-22,False,True,False,False
102,37559.0,2051-03-23,False,False,False,True
105,66549.0,2051-03-24,False,True,False,False
102,83219.0,2051-03-25,False,False,True,False
101,82657.0,2051-03-26,False,False,False,False
106,65159.0,2051-03-27,True,False,False,False
108,80370.0,2051-03-28,False,False,False,False
108,89289.0,2051-03-29,True,False,False,False
108,51539.0,2051-03-30,False,False,False,True
106,43204.0,2051-03-31,False,True,False,False
103,32252.0,2051-04-01,False,True,False,False
101,66659.0,2051-04-02,False,False,False,False
102,39866.0,2051-04-03,False,False,False,True
105,79927.0,2051-04-04,False,False,False,True
105,67997.0,2051-04-05,False,True,False,False
101,54800.0,2051-04-06,False,False,False,True
101,37553.0,2051-04-07,False,True,False,False
109,62831.0,2051-04-08,False,True,False,False
102,31787.0,2051-04-09,False,False,True,False
107,86243.0,2051-04-10,True,False,False,False
104,84208.0,2051-04-11,False,False,False,False
107,74810.0,2051-04-12,False,False,True,False
108,70837.0,2051-04-13,True,False,False,False
105,88719.0,2051-04-14,False,True,False,False
101,41726.0,2051-04-15,True,False,False,False
104,33915.0,2051-04-16,True,False,False,False
103,77423.0,2051-04-17,False,False,False,True
105,75412.0,2051-04-18,False,False,False,True
106,30092.0,2051-04-19,False,False,False,True
102,40934.0,2051-04-20,False,False,False,False
107,59995.0,2051-04-21,False,True,False,False
103,62469.0,2051-04-22,False,True,False,False
101,31677.0,2051-04-23,False,False,False,False
103,58242.0,2051-04-24,True,False,False,False
109,51892.0,2051-04-25,False,False,False,False
106,52114.0,2051-04-26,False,False,False,False
106,66632.0,2051-04-27,False,False,True,False
104,57057.0,2051-04-28,False,False,True,False
108,84088.0,2051-04-29,True,False,False,False
105,80553.0,2051-04-30,False,True,False,False
107,80758.0,2051-05-01,False,False,True,False
109,74916.0,2051-05-02,False,False,False,True
105,74031.0,2051-05-03,False,True,False,False
105,80049.0,2051-05-04,False,False,False,False
104,77881.0,2051-05-05,False,False,False,True
106,67355.0,2051-05-06,False,False,False,False
102,82865.0,2051-05-07,False,False,False,False
103,82283.0,2051-05-08,False,True,False,False
101,61532.0,2051-05-09,False,False,False,False
102,80684.0,2051-05-10,False,False,False,False
102,85687.0,2051-05-11,False,True,False,False
108,40169.0,2051-05-12,False,False,False,False
108,86438.0,2051-05-13,False,True,False,False
102,64566.0,2051-05-14,True,False,False,False
106,87314.0,2051-05-15,False,False,False,True
105,76550.0,2051-05-16,False,False,False,False
103,80503.0,2051-05-17,True,False,False,False
105,60740.0,2051-05-18,False,False,False,False
105,76176.0,2051-05-19,False,True,False,False
105,40030.0,2051-05-20,False,False,False,True
103,40752.0,2051-05-21,False,True,False,False
103,37051.0,2051-05-22,False,True,False,False
104,86010.0,2051-05-23,False,False,False,False
107,72623.0,2051-05-24,True,False,False,False
102,40589.0,2051-05-25,False,False,False,True
104,41395.0,2051-05-26,False,True,False,False
104,42833.0,2051-05-27,False,False,True,False
101,30598.0,2051-05-28,False,False,False,True
108,44367.0,2051-05-29,False,True,False,False
101,48428.0,2051-05-30,False,False,False,True
108,46642.0,2051-05-31,False,False,False,True
107,50955.0,2051-06-01,False,False,False,False
109,70771.0,2051-06-02,True,False,False,False
108,86120.0,2051-06-03,False,False,True,False
105,40097.0,2051-06-04,False,False,False,True
108,43207.0,2051-06-05,False,True,False,False
103,52560.0,2051-06-06,False,True,False,False
107,53426.0,2051-06-07,False,False,False,True
104,87731.0,2051-06-08,False,True,False,False
105,89205.0,2051-06-09,False,False,False,True
109,74592.0,2051-06-10,False,True,False,False
107,30797.0,2051-06-11,False,False,False,False
104,73463.0,2051-06-12,False,False,False,True
106,35713.0,2051-06-13,False,True,False,False
107,70079.0,2051-06-14,False,False,False,True
109,50404.0,2051-06-15,False,False,False,True
104,89269.0,2051-06-16,True,False,False,False
103,35911.0,2051-06-17,False,False,False,True
108,33954.0,2051-06-18,False,True,False,False
101,72587.0,2051-06-19,False,False,False,True
109,34312.0,2051-06-20,False,False,False,True
101,60875.0,2051-06-21,False,False,True,False
102,71748.0,2051-06-22,False,False,False,True
108,84791.0,2051-06-23,False,True,False,False
109,85331.0,2051-06-24,True,False,False,False
107,85931.0,2051-06-25,False,False,False,True
103,48440.0,2051-06-26,False,True,False,False
107,88407.0,2051-06-27,False,True,False,False
106,45828.0,2051-06-28,False,False,True,False
102,60898.0,2051-06-29,False,False,False,True
103,76720.0,2051-06-30,False,False,False,True
105,69870.0,2051-07-01,False,False,False,False
104,85796.0,2051-07-02,False,True,False,False
102,75428.0,2051-07-03,False,False,True,False
104,45427.0,2051-07-04,False,False,False,True
108,59641.0,2051-07-05,False,False,True,False
105,52169.0,2051-07-06,True,False,False,False
105,64215.0,2051-07-07,False,False,False,True
103,79666.0,2051-07-08,False,True,False,False
108,75419.0,2051-07-09,False,False,False,True
106,81065.0,2051-07-10,False,False,False,False
102,77880.0,2051-07-11,False,False,False,True
102,31951.0,2051-07-12,True,False,False,False
109,51954.0,2051-07-13,False,False,True,False
107,43827.0,2051-07-14,False,False,False,True
109,38965.0,2051-07-15,True,False,False,False
106,63096.0,2051-07-16,False,False,True,False
105,38985.0,2051-07-17,False,False,False,False
101,62641.0,2051-07-18,False,False,False,False
106,88305.0,2051-07-19,True,False,False,False
106,52897.0,2051-07-20,False,False,False,False
103,75652.0,2051-07-21,False,False,False,True
103,35973.0,2051-07-22,False,False,False,False
103,47794.0,2051-07-23,False,True,False,False
103,37714.0,2051-07-24,False,False,False,False
107,31137.0,2051-07-25,False,False,False,True
102,83818.0,2051-07-26,False,False,False,False
102,84309.0,2051-07-27,False,True,False,False
103,80720.0,2051-07-28,False,False,False,True
107,67240.0,2051-07-29,False,False,True,False
103,86718.0,2051-07-30,False,True,False,False
107,66042.0,2051-07-31,False,True,False,False
109,33273.0,2051-08-01,False,False,False,False
104,52627.0,2051-08-02,False,False,True,False
107,82621.0,2051-08-03,False,False,False,True
109,62193.0,2051-08-04,False,True,False,False
108,85084.0,2051-08-05,False,False,False,False
108,45151.0,2051-08-06,True,False,False,False
109,40155.0,2051-08-07,False,False,False,True
105,56741.0,2051-08-08,True,False,False,False
105,52948.0,2051-08-09,False,False,False,True
103,68130.0,2051-08-10,False,True,False,False
105,34636.0,2051-08-11,False,False,False,False
108,68114.0,2051-08-12,False,True,False,False
105,89219.0,2051-08-13,False,False,False,True
104,80388.0,2051-08-14,False,True,False,False
108,61649.0,2051-08-15,False,False,False,False
107,73706.0,2051-08-16,False,False,True,False
106,66976.0,2051-08-17,False,False,False,False
105,67236.0,2051-08-18,False,False,False,True
105,32346.0,2051-08-19,False,True,False,False
102,43984.0,2051-08-20,False,False,False,False
104,31042.0,2051-08-21,False,True,False,False
108,43063.0,2051-08-22,False,False,False,True
108,83918.0,2051-08-23,False,False,False,False
101,50490.0,2051-08-24,False,False,False,True
102,70967.0,2051-08-25,False,True,False,False
105,86472.0,2051-08-26,True,False,False,False
109,66499.0,2051-08-27,False,True,False,False
107,72533.0,2051-08-28,True,False,False,False
105,37302.0,2051-08-29,False,False,False,False
101,51876.0,2051-08-30,False,False,True,False
106,79612.0,2051-08-31,False,False,False,False
108,46294.0,2051-09-01,False,False,False,True
107,32302.0,2051-09-02,False,False,False,True
102,49017.0,2051-09-03,False,True,False,False
105,72311.0,2051-09-04,False,False,False,False
104,30361.0,2051-09-05,False,False,True,False
109,68261.0,2051-09-06,False,False,False,False
101,86298.0,2051-09-07,True,False,False,False
106,47171.0,2051-09-08,False,False,False,True
103,79360.0,2051-09-09,False,False,False,False
109,71226.0,2051-09-10,False,False,False,True
105,59327.0,2051-09-11,False,True,False,False
106,35092.0,2051-09-12,False,False,False,False
109,46937.0,2051-09-13,False,False,True,False
109,70793.0,2051-09-14,False,False,False,True
108,43817.0,2051-09-15,True,False,False,False
109,39779.0,2051-09-16,False,False,True,False
104,34516.0,2051-09-17,False,False,False,True
106,69219.0,2051-09-18,False,False,True,False
105,60114.0,2051-09-19,False,False,False,True
105,44530.0,2051-09-20,False,False,False,True
104,39310.0,2051-09-21,False,False,False,True
102,64281.0,2051-09-22,False,True,False,False
106,89270.0,2051-09-23,True,False,False,False
109,53809.0,2051-09-24,False,False,True,False
101,76104.0,2051-09-25,False,False,False,True
107,51735.0,2051-09-26,False,True,False,False
106,74363.0,2051-09-27,False,False,False,True
103,36749.0,2051-09-28,True,False,False,False
101,57637.0,2051-09-29,False,False,False,True
104,37005.0,2051-09-30,False,False,False,False
109,87564.0,2051-10-01,True,False,False,False
102,81496.0,2051-10-02,False,False,False,False
103,59898.0,2051-10-03,False,False,False,True
102,53538.0,2051-10-04,False,False,False,True
102,81123.0,2051-10-05,False,False,False,True
108,67206.0,2051-10-06,False,False,False,True
103,75648.0,2051-10-07,False,True,False,False
107,51708.0,2051-10-08,False,False,True,False
108,75024.0,2051-10-09,True,False,False,False
103,72944.0,2051-10-10,False,False,True,False
102,55467.0,2051-10-11,False,False,False,True
108,79127.0,2051-10-12,False,False,False,True
103,44412.0,2051-10-13,False,True,False,False
107,84821.0,2051-10-14,False,True,False,False
101,59378.0,2051-10-15,False,False,False,True
106,77055.0,2051-10-16,False,False,True,False
109,84313.0,2051-10-17,True,False,False,False
103,58102.0,2051-10-18,False,False,False,False
107,80357.0,2051-10-19,False,False,False,True
106,43044.0,2051-10-20,False,True,False,False
108,88562.0,2051-10-21,False,False,False,True
103,61309.0,2051-10-22,False,False,False,False
103,48239.0,2051-10-23,True,False,False,False
104,81151.0,2051-10-24,True,False,False,False
103,32435.0,2051-10-25,False,False,False,True
109,73934.0,2051-10-26,False,True,False,False
104,53164.0,2051-10-27,False,False,False,True
106,65866.0,2051-10-28,False,False,False,False
108,33386.0,2051-10-29,True,False,False,False
108,35440.0,2051-10-30,False,False,False,False
105,75503.0,2051-10-31,False,False,False,True
105,72776.0,2051-11-01,True,False,False,False
106,36436.0,2051-11-02,False,True,False,False
107,80929.0,2051-11-03,False,True,False,False
107,37403.0,2051-11-04,False,False,True,False
104,53242.0,2051-11-05,True,False,False,False
106,73464.0,2051-11-06,False,True,False,False
107,32939.0,2051-11-07,False,True,False,False
105,47222.0,2051-11-08,False,False,False,False
105,57277.0,2051-11-09,True,False,False,False
102,84877.0,2051-11-10,False,True,False,False
107,51143.0,2051-11-11,False,False,False,False
106,84012.0,2051-11-12,False,False,False,True
101,33138.0,2051-11-13,False,False,False,True
104,79327.0,2051-11-14,False,False,False,True
103,50989.0,2051-11-15,True,False,False,False
103,33162.0,2051-11-16,False,False,False,False
107,32752.0,2051-11-17,False,True,False,False
104,55765.0,2051-11-18,False,False,False,False
108,75657.0,2051-11-19,False,True,False,False
109,30837.0,2051-11-20,True,False,False,False
103,58474.0,2051-11-21,False,False,False,False
105,42043.0,2051-11-22,False,True,False,False
104,78565.0,2051-11-23,False,False,False,True
106,77154.0,2051-11-24,False,False,True,False
104,86997.0,2051-11-25,False,False,False,True
108,65501.0,2051-11-26,False,False,False,False
103,74770.0,2051-11-27,False,False,False,True
105,77369.0,2051-11-28,False,False,False,True
101,54072.0,2051-11-29,False,False,False,False
106,67974.0,2051-11-30,True,False,False,False
105,32653.0,2051-12-01,False,True,False,False
108,52524.0,2051-12-02,False,True,False,False
109,86371.0,2051-12-03,False,False,False,True
108,49733.0,2051-12-04,False,False,False,True
108,66078.0,2051-12-05,True,False,False,False
103,67448.0,2051-12-06,False,False,False,False
104,48770.0,2051-12-07,False,False,False,True
104,67959.0,2051-12-08,True,False,False,False
105,79525.0,2051-12-09,False,True,False,False
109,67443.0,2051-12-10,False,True,False,False
109,42804.0,2051-12-11,False,False,True,False
101,46210.0,2051-12-12,False,False,False,False
108,64029.0,2051-12-13,True,False,False,False
101,37633.0,2051-12-14,False,False,False,True
102,38312.0,2051-12-15,False,False,False,True
107,68300.0,2051-12-16,False,True,False,False
108,84994.0,2051-12-17,False,False,True,False
101,50229.0,2051-12-18,False,False,False,False
103,32884.0,2051-12-19,False,True,False,False
107,73577.0,2051-12-20,False,False,True,False
109,50522.0,2051-12-21,False,False,False,False
108,35623.0,2051-12-22,False,False,True,False
108,41460.0,2051-12-23,False,True,False,False
109,40234.0,2051-12-24,False,True,False,False
103,48503.0,2051-12-25,False,True,False,False
108,54100.0,2051-12-26,False,False,False,True
101,46874.0,2051-12-27,False,False,True,False
108,76905.0,2051-12-28,True,False,False,False
107,59420.0,2051-12-29,True,False,False,False
108,65813.0,2051-12-30,False,False,True,False
101,30382.0,2051-12-31,False,False,False,True
106,79956.0,2052-01-01,False,False,False,True
107,68353.0,2052-01-02,False,False,False,True
105,39369.0,2052-01-03,False,False,False,False
105,64985.0,2052-01-04,False,True,False,False
107,72255.0,2052-01-05,True,False,False,False
103,88261.0,2052-01-06,False,False,False,True
106,53661.0,2052-01-07,False,False,True,False
107,75486.0,2052-01-08,False,True,False,False
101,85746.0,2052-01-09,False,False,False,False
102,85938.0,2052-01-10,False,False,False,False
104,77883.0,2052-01-11,False,True,False,False
108,85318.0,2052-01-12,False,False,False,True
106,81566.0,2052-01-13,False,True,False,False
101,30650.0,2052-01-14,False,False,False,False
105,70937.0,2052-01-15,False,False,True,False
107,51299.0,2052-01-16,False,False,False,True
106,56862.0,2052-01-17,False,False,True,False
109,61153.0,2052-01-18,False,True,False,False
108,46312.0,2052-01-19,True,False,False,False
104,40943.0,2052-01-20,False,False,False,True
105,33198.0,2052-01-21,False,False,False,True
107,47325.0,2052-01-22,False,False,False,True
108,38732.0,2052-01-23,False,False,False,False
105,35805.0,2052-01-24,False,False,False,True
109,82879.0,2052-01-25,False,False,True,False
104,48913.0,2052-01-26,False,True,False,False
104,31202.0,2052-01-27,False,True,False,False
108,84116.0,2052-01-28,False,False,False,False
101,47034.0,2052-01-29,False,False,True,False
108,33006.0,2052-01-30,False,False,True,False
105,82056.0,2052-01-31,False,True,False,False
101,38505.0,2052-02-01,False,False,False,True
104,50498.0,2052-02-02,True,False,False,False
102,72143.0,2052-02-03,False,False,False,True
104,75873.0,2052-02-04,False,False,False,True
108,46505.0,2052-02-05,True,False,False,False
105,36603.0,2052-02-06,False,False,True,False
101,54744.0,2052-02-07,False,False,False,True
107,33682.0,2052-02-08,False,False,False,True
101,43460.0,2052-02-09,False,False,False,True
109,83876.0,2052-02-10,False,False,False,True
103,83273.0,2052-02-11,False,False,False,True
103,43559.0,2052-02-12,False,False,False,True
106,58544.0,2052-02-13,False,False,False,True
106,36864.0,2052-02-14,False,True,False,False
106,53778.0,2052-02-15,False,False,True,False
101,44234.0,2052-02-16,False,False,False,True
105,58593.0,2052-02-17,True,False,False,False
106,74657.0,2052-02-18,True,False,False,False
108,31729.0,2052-02-19,False,False,True,False
101,74515.0,2052-02-20,False,True,False,False
105,52336.0,2052-02-21,False,False,False,True
103,84281.0,2052-02-22,False,False,False,True
102,80270.0,2052-02-23,True,False,False,False
108,64936.0,2052-02-24,False,False,False,False
107,42413.0,2052-02-25,False,False,False,False
107,77652.0,2052-02-26,True,False,False,False
105,59764.0,2052-02-27,False,False,False,True
109,75741.0,2052-02-28,True,False,False,False
105,37668.0,2052-02-29,False,False,True,False
102,43260.0,2052-03-01,False,True,False,False
103,41308.0,2052-03-02,False,False,True,False
104,89773.0,2052-03-03,False,False,False,True
105,89351.0,2052-03-04,False,True,False,False
103,80202.0,2052-03-05,False,True,False,False
107,38896.0,2052-03-06,True,False,False,False
105,69408.0,2052-03-07,False,False,False,True
105,49283.0,2052-03-08,True,False,False,False
106,49591.0,2052-03-09,False,False,False,True
107,55282.0,2052-03-10,False,False,False,True
108,43919.0,2052-03-11,False,False,False,False
109,37674.0,2052-03-12,False,True,False,False
104,60699.0,2052-03-13,False,False,False,True
105,60840.0,2052-03-14,True,False,False,False
105,82984.0,2052-03-15,False,False,False,True
108,48392.0,2052-03-16,False,False,False,False
109,61960.0,2052-03-17,False,False,False,True
107,34721.0,2052-03-18,False,False,True,False
105,59197.0,2052-03-19,True,False,False,False
103,56173.0,2052-03-20,False,False,True,False
101,31066.0,2052-03-21,False,False,False,True
109,72906.0,2052-03-22,False,False,False,False
105,57375.0,2052-03-23,False,False,False,True
109,87439.0,2052-03-24,False,True,False,False
104,89418.0,2052-03-25,True,False,False,False
105,31918.0,2052-03-26,False,False,False,True
104,39457.0,2052-03-27,False,False,False,False
102,40726.0,2052-03-28,False,False,True,False
101,44282.0,2052-03-29,False,False,False,False
108,54815.0,2052-03-30,False,False,True,False
104,80479.0,2052-03-31,False,False,False,False
105,52594.0,2052-04-01,False,False,False,True
106,37448.0,2052-04-02,False,False,False,False
108,86511.0,2052-04-03,False,True,False,False
108,31142.0,2052-04-04,False,False,False,False
107,82375.0,2052-04-05,True,False,False,False
104,50232.0,2052-04-06,False,False,True,False
106,31415.0,2052-04-07,False,False,False,False
104,36374.0,2052-04-08,False,False,False,False
107,56974.0,2052-04-09,False,False,True,False
101,63528.0,2052-04-10,False,False,True,False
105,33642.0,2052-04-11,True,False,False,False
104,47936.0,2052-04-12,False,False,True,False
107,61914.0,2052-04-13,False,False,False,False
109,80014.0,2052-04-14,False,True,False,False
105,39347.0,2052-04-15,False,True,False,False
104,54932.0,2052-04-16,False,False,False,True
109,89015.0,2052-04-17,False,True,False,False
105,53593.0,2052-04-18,False,False,False,False
109,31328.0,2052-04-19,False,False,False,True
108,80181.0,2052-04-20,False,True,False,False
104,48760.0,2052-04-21,False,False,True,False
107,49625.0,2052-04-22,False,False,True,False
105,56567.0,2052-04-23,False,False,False,True
104,42063.0,2052-04-24,False,False,False,True
105,61630.0,2052-04-25,False,False,False,True
105,56961.0,2052-04-26,False,False,False,True
109,33140.0,2052-04-27,False,False,False,True
109,47265.0,2052-04-28,False,False,False,False
106,38730.0,2052-04-29,True,False,False,False
104,89201.0,2052-04-30,False,False,False,True
102,44057.0,2052-05-01,False,False,False,True
103,33557.0,2052-05-02,True,False,False,False
102,59114.0,2052-05-03,False,True,False,False
105,43211.0,2052-05-04,False,True,False,False
106,86215.0,2052-05-05,False,True,False,False
105,77154.0,2052-05-06,False,False,False,True
102,48580.0,2052-05-07,True,False,False,False
105,48334.0,2052-05-08,False,True,False,False
109,39802.0,2052-05-09,False,False,False,True
104,52321.0,2052-05-10,False,False,False,True
102,65931.0,2052-05-11,False,False,False,False
103,67231.0,2052-05-12,False,False,False,True
103,34007.0,2052-05-13,False,False,False,True
109,34675.0,2052-05-14,False,False,False,True
104,44058.0,2052-05-15,False,False,False,True
101,79001.0,2052-05-16,True,False,False,False
101,67519.0,2052-05-17,True,False,False,False
107,36219.0,2052-05-18,False,False,True,False
107,45445.0,2052-05-19,False,False,False,False
102,38418.0,2052-05-20,False,False,True,False
109,53914.0,2052-05-21,False,False,True,False
109,59630.0,2052-05-22,False,False,False,True
105,70503.0,2052-05-23,False,False,False,False
103,71551.0,2052-05-24,False,False,True,False
103,58695.0,2052-05-25,False,False,False,False
103,60434.0,2052-05-26,False,False,True,False
106,81227.0,2052-05-27,True,False,False,False
104,44456.0,2052-05-28,False,False,False,False
108,60185.0,2052-05-29,False,True,False,False
105,54156.0,2052-05-30,False,False,False,True
101,75908.0,2052-05-31,False,False,False,False
109,73631.0,2052-06-01,False,False,False,False
101,77993.0,2052-06-02,True,False,False,False
106,88712.0,2052-06-03,True,False,False,False
101,81174.0,2052-06-04,True,False,False,False
103,32078.0,2052-06-05,False,False,True,False
105,60350.0,2052-06-06,False,False,False,True
107,74910.0,2052-06-07,True,False,False,False
108,42073.0,2052-06-08,False,True,False,False
109,53778.0,2052-06-09,False,False,False,False
106,53397.0,2052-06-10,False,False,False,True
109,33321.0,2052-06-11,False,False,False,True
108,42337.0,2052-06-12,False,False,False,True
109,77829.0,2052-06-13,False,True,False,False
104,36011.0,2052-06-14,False,False,False,False
109,81588.0,2052-06-15,False,False,False,True
107,69855.0,2052-06-16,False,False,False,True
105,39996.0,2052-06-17,True,False,False,False
105,82511.0,2052-06-18,False,False,False,False
101,64498.0,2052-06-19,False,False,False,True
102,76845.0,2052-06-20,False,True,False,False
103,50046.0,2052-06-21,False,False,False,True
108,51494.0,2052-06-22,False,False,True,False
106,36618.0,2052-06-23,False,False,False,True
105,36899.0,2052-06-24,False,True,False,False
101,61322.0,2052-06-25,False,False,False,True
109,63797.0,2052-06-26,False,False,False,False
103,45128.0,2052-06-27,True,False,False,False
103,63179.0,2052-06-28,False,False,False,True
102,31981.0,2052-06-29,False,False,False,False
104,88005.0,2052-06-30,False,False,False,False
102,72307.0,2052-07-01,False,True,False,False
109,82622.0,2052-07-02,False,False,False,True
107,64073.0,2052-07-03,False,False,False,False
108,42478.0,2052-07-04,False,False,False,False
103,83832.0,2052-07-05,True,False,False,False
106,76014.0,2052-07-06,True,False,False,False
106,56429.0,2052-07-07,False,False,False,True
101,67363.0,2052-07-08,False,False,False,True
106,79967.0,2052-07-09,False,False,False,False
103,41697.0,2052-07-10,True,False,False,False
103,45422.0,2052-07-11,False,True,False,False
103,72436.0,2052-07-12,False,False,False,True
108,68380.0,2052-07-13,False,False,False,False
105,60341.0,2052-07-14,False,False,False,True
104,32037.0,2052-07-15,True,False,False,False
109,39522.0,2052-07-16,False,True,False,False
109,51259.0,2052-07-17,False,False,False,False
101,41998.0,2052-07-18,False,False,False,False
102,37086.0,2052-07-19,False,True,False,False
108,31149.0,2052-07-20,False,False,True,False
105,52792.0,2052-07-21,False,False,True,False
107,46390.0,2052-07-22,False,True,False,False
101,64204.0,2052-07-23,False,False,False,True
105,66018.0,2052-07-24,False,True,False,False
103,58115.0,2052-07-25,False,False,True,False
102,54047.0,2052-07-26,False,False,False,True
102,47078.0,2052-07-27,False,False,False,False
109,51471.0,2052-07-28,False,False,False,True
104,44263.0,2052-07-29,False,False,False,True
104,82451.0,2052-07-30,True,False,False,False
107,34843.0,2052-07-31,True,False,False,False
102,42433.0,2052-08-01,False,False,False,False
103,86889.0,2052-08-02,True,False,False,False
103,41559.0,2052-08-03,False,False,False,False
106,34952.0,2052-08-04,False,True,False,False
103,84199.0,2052-08-05,False,True,False,False
105,70610.0,2052-08-06,False,False,False,True
104,62793.0,2052-08-07,True,False,False,False
103,50931.0,2052-08-08,False,False,False,True
108,32153.0,2052-08-09,False,True,False,False
103,58911.0,2052-08-10,False,False,False,True
106,38019.0,2052-08-11,False,False,False,True
107,49873.0,2052-08-12,False,False,True,False
107,71291.0,2052-08-13,False,False,True,False
102,61631.0,2052-08-14,False,False,False,True
103,67929.0,2052-08-15,True,False,False,False
104,47028.0,2052-08-16,True,False,False,False
107,64620.0,2052-08-17,False,True,False,False
102,70491.0,2052-08-18,False,False,False,False
103,83282.0,2052-08-19,True,False,False,False
107,78474.0,2052-08-20,False,True,False,False
107,40623.0,2052-08-21,False,False,False,False
103,49968.0,2052-08-22,False,True,False,False
101,33809.0,2052-08-23,False,False,False,False
103,88154.0,2052-08-24,False,False,True,False
105,64079.0,2052-08-25,False,False,False,False
107,57371.0,2052-08-26,False,True,False,False
104,81046.0,2052-08-27,False,True,False,False
101,73966.0,2052-08-28,True,False,False,False
106,69006.0,2052-08-29,False,False,False,True
102,61739.0,2052-08-30,False,False,False,False
103,83452.0,2052-08-31,False,True,False,False
104,37788.0,2052-09-01,False,False,True,False
106,36977.0,2052-09-02,False,False,True,False
106,85325.0,2052-09-03,False,False,True,False
107,69177.0,2052-09-04,False,False,False,True
105,64838.0,2052-09-05,True,False,False,False
107,32656.0,2052-09-06,False,False,False,True
102,34134.0,2052-09-07,False,False,True,False
101,83420.0,2052-09-08,False,True,False,False
108,59431.0,2052-09-09,False,False,True,False
101,85162.0,2052-09-10,False,False,False,False
102,33484.0,2052-09-11,False,False,True,False
106,79565.0,2052-09-12,True,False,False,False
101,86993.0,2052-09-13,False,False,False,True
103,88035.0,2052-09-14,False,False,False,True
107,73622.0,2052-09-15,False,False,False,True
108,77312.0,2052-09-16,False,False,False,True
104,75077.0,2052-09-17,False,False,True,False
103,68916.0,2052-09-18,False,False,False,True
101,57274.0,2052-09-19,False,True,False,False
109,50693.0,2052-09-20,False,False,False,True
106,68559.0,2052-09-21,True,False,False,False
106,47303.0,2052-09-22,False,False,False,True
109,80058.0,2052-09-23,False,True,False,False
101,49594.0,2052-09-24,False,True,False,False
106,49103.0,2052-09-25,False,False,False,True
105,41858.0,2052-09-26,False,False,True,False
106,45002.0,2052-09-27,False,False,True,False
108,34895.0,2052-09-28,False,False,False,True
105,73324.0,2052-09-29,False,True,False,False
102,79944.0,2052-09-30,False,False,False,False
102,55151.0,2052-10-01,False,False,False,True
105,39919.0,2052-10-02,True,False,False,False
103,74187.0,2052-10-03,False,False,False,False
103,51927.0,2052-10-04,True,False,False,False
108,58147.0,2052-10-05,False,False,True,False
107,42378.0,2052-10-06,False,False,False,False
101,66493.0,2052-10-07,False,False,False,True
105,87343.0,2052-10-08,False,False,True,False
109,51545.0,2052-10-09,False,False,False,True
104,74326.0,2052-10-10,False,False,True,False
101,43057.0,2052-10-11,False,True,False,False
108,31360.0,2052-10-12,False,False,True,False
105,32048.0,2052-10-13,False,True,False,False
102,69020.0,2052-10-14,False,True,False,False
101,73935.0,2052-10-15,False,False,False,True
103,52482.0,2052-10-16,False,False,False,True
109,82348.0,2052-10-17,False,False,False,True
101,55663.0,2052-10-18,False,False,False,True
104,62973.0,2052-10-19,False,True,False,False
108,74446.0,2052-10-20,False,False,False,True
108,45185.0,2052-10-21,False,False,False,True
108,49699.0,2052-10-22,False,False,True,False
108,85885.0,2052-10-23,False,False,False,False
104,71582.0,2052-10-24,False,False,True,False
108,48061.0,2052-10-25,True,False,False,False
109,41479.0,2052-10-26,False,False,False,False
107,73972.0,2052-10-27,False,False,True,False
102,76607.0,2052-10-28,False,True,False,False
109,82164.0,2052-10-29,False,True,False,False
108,74597.0,2052-10-30,False,False,True,False
105,40892.0,2052-10-31,False,False,False,True
103,53931.0,2052-11-01,False,True,False,False
107,64639.0,2052-11-02,False,False,False,True
102,54654.0,2052-11-03,True,False,False,False
103,52942.0,2052-11-04,False,False,False,False
109,88820.0,2052-11-05,True,False,False,False
104,83886.0,2052-11-06,False,False,False,True
104,84941.0,2052-11-07,False,False,False,True
103,36934.0,2052-11-08,False,True,False,False
105,59733.0,2052-11-09,True,False,False,False
103,49612.0,2052-11-10,False,False,True,False
109,65103.0,2052-11-11,False,False,False,False
103,61855.0,2052-11-12,False,False,True,False
102,64493.0,2052-11-13,False,False,False,True
105,84889.0,2052-11-14,True,False,False,False
106,39306.0,2052-11-15,False,False,False,True
101,68753.0,2052-11-16,False,False,False,False
106,69984.0,2052-11-17,False,False,False,True
103,46544.0,2052-11-18,False,False,False,False
104,59431.0,2052-11-19,True,False,False,False
106,31733.0,2052-11-20,False,False,False,False
108,75375.0,2052-11-21,False,True,False,False
109,40603.0,2052-11-22,False,True,False,False
106,42152.0,2052-11-23,False,False,False,True
107,45801.0,2052-11-24,True,False,False,False
105,48906.0,2052-11-25,False,True,False,False
109,86318.0,2052-11-26,False,False,True,False
104,59437.0,2052-11-27,False,False,False,False
106,46985.0,2052-11-28,False,False,True,False
105,56935.0,2052-11-29,False,True,False,False
101,72515.0,2052-11-30,False,False,False,True
105,51068.0,2052-12-01,False,False,False,False
105,43531.0,2052-12-02,True,False,False,False
109,76753.0,2052-12-03,False,True,False,False
101,64288.0,2052-12-04,False,False,False,True
105,65158.0,2052-12-05,False,False,False,True
107,55481.0,2052-12-06,False,False,False,True
106,56226.0,2052-12-07,False,True,False,False
106,31117.0,2052-12-08,True,False,False,False
107,62661.0,2052-12-09,False,True,False,False
106,70068.0,2052-12-10,False,True,False,False
105,72484.0,2052-12-11,False,False,False,True
105,42459.0,2052-12-12,False,False,True,False
109,51105.0,2052-12-13,False,False,True,False
108,68909.0,2052-12-14,False,False,False,True
104,49464.0,2052-12-15,False,False,False,True
104,62554.0,2052-12-16,False,True,False,False
105,70707.0,2052-12-17,False,False,True,False
103,34777.0,2052-12-18,False,False,False,False
108,86417.0,2052-12-19,False,False,True,False
107,41432.0,2052-12-20,False,True,False,False
105,44271.0,2052-12-21,False,False,True,False
103,33801.0,2052-12-22,False,True,False,False
105,37057.0,2052-12-23,False,False,False,True
103,56511.0,2052-12-24,False,True,False,False
105,37510.0,2052-12-25,False,True,False,False
101,38099.0,2052-12-26,False,False,False,False
106,45193.0,2052-12-27,False,False,True,False
104,85233.0,2052-12-28,False,False,True,False
104,50011.0,2052-12-29,False,False,False,True
108,78900.0,2052-12-30,False,True,False,False
102,50764.0,2052-12-31,False,False,False,True
104,84531.0,2053-01-01,False,False,True,False
102,81694.0,2053-01-02,False,True,False,False
101,34450.0,2053-01-03,False,False,False,False
103,44549.0,2053-01-04,False,True,False,False
108,36960.0,2053-01-05,False,False,False,False
106,46583.0,2053-01-06,False,True,False,False
107,36996.0,2053-01-07,False,True,False,False
102,48567.0,2053-01-08,False,True,False,False
106,44201.0,2053-01-09,False,False,False,True
108,35043.0,2053-01-10,False,False,False,True
108,50420.0,2053-01-11,True,False,False,False
104,84164.0,2053-01-12,False,True,False,False
106,70602.0,2053-01-13,False,True,False,False
105,82645.0,2053-01-14,False,True,False,False
109,83124.0,2053-01-15,False,False,True,False
108,72324.0,2053-01-16,True,False,False,False
102,64620.0,2053-01-17,True,False,False,False
107,79031.0,2053-01-18,False,False,False,True
107,42629.0,2053-01-19,False,False,False,True
101,87731.0,2053-01-20,False,True,False,False
101,58675.0,2053-01-21,False,False,False,False
104,31662.0,2053-01-22,False,False,False,False
105,44734.0,2053-01-23,False,False,True,False
104,37589.0,2053-01-24,False,False,True,False
107,73418.0,2053-01-25,False,False,False,False
103,79364.0,2053-01-26,False,False,False,False
107,34655.0,2053-01-27,False,True,False,False
108,38749.0,2053-01-28,False,False,False,True
106,40797.0,2053-01-29,False,False,False,True
106,82271.0,2053-01-30,False,True,False,False
108,61930.0,2053-01-31,False,False,False,True
108,36645.0,2053-02-01,False,False,False,False
107,41895.0,2053-02-02,False,False,False,False
106,81843.0,2053-02-03,False,True,False,False
106,64762.0,2053-02-04,True,False,False,False
106,77634.0,2053-02-05,False,False,False,False
108,51432.0,2053-02-06,False,False,False,True
101,77890.0,2053-02-07,False,False,False,True
105,46858.0,2053-02-08,False,True,False,False
103,89111.0,2053-02-09,False,False,False,False
108,38233.0,2053-02-10,False,False,False,True
106,73611.0,2053-02-11,True,False,False,False
102,62004.0,2053-02-12,True,False,False,False
107,56671.0,2053-02-13,False,False,False,True
107,66760.0,2053-02-14,True,False,False,False
105,89330.0,2053-02-15,False,False,False,True
108,58441.0,2053-02-16,True,False,False,False
105,58233.0,2053-02-17,False,True,False,False
101,67591.0,2053-02-18,False,True,False,False
109,59431.0,2053-02-19,False,False,False,True
104,32268.0,2053-02-20,False,False,True,False
102,56220.0,2053-02-21,False,True,False,False
104,78774.0,2053-02-22,False,True,False,False
109,80091.0,2053-02-23,False,False,False,True
102,34438.0,2053-02-24,False,True,False,False
104,74269.0,2053-02-25,False,False,True,False
102,69066.0,2053-02-26,False,False,False,False
105,49369.0,2053-02-27,False,False,False,True
103,75896.0,2053-02-28,False,True,False,False
102,56603.0,2053-03-01,False,False,False,True
109,41319.0,2053-03-02,True,False,False,False
105,44722.0,2053-03-03,True,False,False,False
105,67757.0,2053-03-04,False,False,False,True
101,36028.0,2053-03-05,False,False,False,False
106,76394.0,2053-03-06,False,False,True,False
107,75093.0,2053-03-07,False,True,False,False
101,55940.0,2053-03-08,True,False,False,False
109,88194.0,2053-03-09,False,False,False,True
108,61448.0,2053-03-10,False,False,False,True
108,38422.0,2053-03-11,False,False,False,False
107,81651.0,2053-03-12,False,True,False,False
105,86772.0,2053-03-13,False,False,False,False
103,89648.0,2053-03-14,False,False,False,True
109,73441.0,2053-03-15,True,False,False,False
107,50688.0,2053-03-16,False,False,False,True
108,76280.0,2053-03-17,False,False,False,False
106,44472.0,2053-03-18,False,False,False,False
105,44900.0,2053-03-19,False,True,False,False
108,65671.0,2053-03-20,False,True,False,False
103,37763.0,2053-03-21,False,False,False,False
107,40960.0,2053-03-22,False,False,False,False
102,41084.0,2053-03-23,False,True,False,False
103,87116.0,2053-03-24,False,False,True,False
102,73043.0,2053-03-25,False,False,False,False
105,88582.0,2053-03-26,False,False,False,True
107,32074.0,2053-03-27,False,True,False,False
101,37825.0,2053-03-28,True,False,False,False
109,64833.0,2053-03-29,True,False,False,False
101,55205.0,2053-03-30,True,False,False,False
101,65976.0,2053-03-31,False,False,False,True
108,34674.0,2053-04-01,False,False,False,False
106,71862.0,2053-04-02,False,False,False,True
106,76905.0,2053-04-03,False,False,False,True
109,78078.0,2053-04-04,False,False,False,True
104,72013.0,2053-04-05,False,False,True,False
108,30122.0,2053-04-06,False,True,False,False
104,80108.0,2053-04-07,False,False,False,True
102,51480.0,2053-04-08,False,True,False,False
108,80138.0,2053-04-09,False,False,False,True
107,39443.0,2053-04-10,False,False,False,False
104,34433.0,2053-04-11,False,True,False,False
109,30990.0,2053-04-12,False,False,True,False
109,89664.0,2053-04-13,False,False,False,False
108,87077.0,2053-04-14,False,False,False,False
101,35556.0,2053-04-15,False,False,False,True
107,88245.0,2053-04-16,True,False,False,False
105,56662.0,2053-04-17,False,False,False,False
107,85977.0,2053-04-18,False,False,True,False
109,59097.0,2053-04-19,False,False,True,False
102,77418.0,2053-04-20,True,False,False,False
104,34709.0,2053-04-21,False,False,False,False
104,54357.0,2053-04-22,False,False,True,False
102,66348.0,2053-04-23,False,False,False,False
103,49186.0,2053-04-24,False,True,False,False
108,81356.0,2053-04-25,False,True,False,False
109,63639.0,2053-04-26,False,False,False,True
106,49208.0,2053-04-27,False,False,False,True
102,77360.0,2053-04-28,False,False,True,False
102,52479.0,2053-04-29,False,False,False,True
107,57478.0,2053-04-30,False,False,False,False
108,42922.0,2053-05-01,True,False,False,False
108,57079.0,2053-05-02,False,True,False,False
106,60766.0,2053-05-03,True,False,False,False
108,49787.0,2053-05-04,True,False,False,False
101,52537.0,2053-05-05,False,False,False,False
109,40383.0,2053-05-06,False,False,False,False
101,68318.0,2053-05-07,False,True,False,False
103,83034.0,2053-05-08,False,False,False,False
109,61895.0,2053-05-09,False,True,False,False
105,75542.0,2053-05-10,False,False,False,True
109,33207.0,2053-05-11,False,False,False,True
109,58234.0,2053-05-12,False,False,False,False
106,60568.0,2053-05-13,True,False,False,False
101,33097.0,2053-05-14,False,False,False,False
107,82230.0,2053-05-15,False,True,False,False
106,49022.0,2053-05-16,False,False,False,False
109,74046.0,2053-05-17,False,False,True,False
107,84703.0,2053-05-18,False,True,False,False
