Store ID,Store Location,Daily_Sales,Date Recorded
107,Mumbai,82290.0,2026-01-01
104,Delhi,87128.0,2026-01-02
108,Bangalore,41932.0,2026-01-03
105,Chennai,88020.0,2026-01-04
107,Delhi,41766.0,2026-01-05
103,Mumbai,52711.0,2026-01-06
107,Delhi,43292.0,2026-01-07
108,Kolkata,50687.0,2026-01-08
105,Delhi,77631.0,2026-01-09
104,Chennai,55899.0,2026-01-10
108,Mumbai,80154.0,2026-01-11
108,Kolkata,37408.0,2026-01-12
103,,1500000.0,2026-01-13
106,Delhi,70910.0,2026-01-14
105,Mumbai,64533.0,2026-01-15
102,Kolkata,45237.0,2026-01-16
108,Mumbai,88897.0,2026-01-17
106,Mumbai,35778.0,2026-01-18
102,Kolkata,65059.0,2026-01-19
105,,86882.0,2026-01-20
101,Bangalore,56561.0,2026-01-21
106,Mumbai,34866.0,2026-01-22
109,Mumbai,38429.0,2026-01-23
101,Delhi,73352.0,2026-01-24
103,Kolkata,74515.0,2026-01-25
107,Kolkata,52837.0,2026-01-26
104,Kolkata,80736.0,2026-01-27
109,Delhi,64075.0,2026-01-28
103,Bangalore,64853.0,2026-01-29
105,Mumbai,56395.0,2026-01-30
103,Mumbai,46415.0,2026-01-31
107,Kolkata,61986.0,2026-02-01
105,Delhi,54104.0,2026-02-02
109,Chennai,30291.0,2026-02-03
107,Chennai,33686.0,2026-02-04
102,,75347.0,2026-02-05
104,Kolkata,31642.0,2026-02-06
109,Kolkata,61477.0,2026-02-07
102,Bangalore,54150.0,2026-02-08
109,Delhi,38769.0,2026-02-09
105,Bangalore,59833.0,2026-02-10
102,Bangalore,33909.0,2026-02-11
104,Chennai,80375.0,2026-02-12
107,Chennai,62078.0,2026-02-13
108,Mumbai,42268.0,2026-02-14
103,Mumbai,1500000.0,2026-02-15
101,Delhi,38638.0,2026-02-16
104,Chennai,67141.0,2026-02-17
102,Chennai,41233.0,2026-02-18
108,Chennai,81731.0,2026-02-19
104,Mumbai,60496.0,2026-02-20
102,Mumbai,47806.0,2026-02-21
106,Kolkata,70326.0,2026-02-22
106,Kolkata,43271.0,2026-02-23
104,Bangalore,69513.0,2026-02-24
106,Chennai,81761.0,2026-02-25
102,Mumbai,49465.0,2026-02-26
102,Chennai,69502.0,2026-02-27
104,Kolkata,43860.0,2026-02-28
108,Chennai,38250.0,2026-03-01
107,Bangalore,71418.0,2026-03-02
109,Bangalore,79255.0,2026-03-03
108,Chennai,51310.0,2026-03-04
105,Chennai,88132.0,2026-03-05
102,Bangalore,79893.0,2026-03-06
105,Chennai,57982.0,2026-03-07
108,Delhi,62206.0,2026-03-08
109,,39764.0,2026-03-09
109,Kolkata,85596.0,2026-03-10
101,Mumbai,73661.0,2026-03-11
109,Bangalore,42842.0,2026-03-12
107,Delhi,67491.0,2026-03-13
109,Delhi,74372.0,2026-03-14
108,Mumbai,54043.0,2026-03-15
101,Chennai,67971.0,2026-03-16
108,Kolkata,32976.0,2026-03-17
108,Bangalore,37426.0,2026-03-18
103,Bangalore,52887.0,2026-03-19
101,Bangalore,56710.0,2026-03-20
108,Delhi,71387.0,2026-03-21
103,Delhi,77470.0,2026-03-22
103,Kolkata,36486.0,2026-03-23
101,,69258.0,2026-03-24
105,Bangalore,76882.0,2026-03-25
107,Chennai,81096.0,2026-03-26
109,,52623.0,2026-03-27
107,Delhi,53806.0,2026-03-28
109,Kolkata,35973.0,2026-03-29
108,Chennai,1500000.0,2026-03-30
102,Bangalore,88615.0,2026-03-31
101,Mumbai,78626.0,2026-04-01
107,Chennai,75939.0,2026-04-02
107,Kolkata,79085.0,2026-04-03
108,Delhi,59157.0,2026-04-04
105,Bangalore,35521.0,2026-04-05
103,Delhi,42891.0,2026-04-06
108,Kolkata,46795.0,2026-04-07
106,Bangalore,52474.0,2026-04-08
103,Kolkata,56507.0,2026-04-09
101,Mumbai,40687.0,2026-04-10
103,Delhi,63014.0,2026-04-11
105,Delhi,41009.0,2026-04-12
103,Mumbai,53226.0,2026-04-13
101,Mumbai,52948.0,2026-04-14
105,Bangalore,64939.0,2026-04-15
107,Delhi,74291.0,2026-04-16
107,Bangalore,78296.0,2026-04-17
109,Mumbai,78044.0,2026-04-18
103,Bangalore,86430.0,2026-04-19
107,Chennai,70225.0,2026-04-20
101,Chennai,52102.0,2026-04-21
104,,64828.0,2026-04-22
104,Delhi,66102.0,2026-04-23
105,Bangalore,75855.0,2026-04-24
107,Bangalore,86342.0,2026-04-25
107,Bangalore,63712.0,2026-04-26
104,Chennai,56823.0,2026-04-27
107,Bangalore,35361.0,2026-04-28
103,Bangalore,55838.0,2026-04-29
106,Bangalore,44638.0,2026-04-30
102,,68052.0,2026-05-01
109,,53265.0,2026-05-02
105,Mumbai,54751.0,2026-05-03
106,Delhi,72012.0,2026-05-04
104,Kolkata,40916.0,2026-05-05
107,,89926.0,2026-05-06
109,Mumbai,39509.0,2026-05-07
107,Mumbai,75532.0,2026-05-08
101,,61102.0,2026-05-09
101,Chennai,77659.0,2026-05-10
109,Mumbai,54324.0,2026-05-11
109,Bangalore,44003.0,2026-05-12
104,,57943.0,2026-05-13
109,Kolkata,72634.0,2026-05-14
103,Chennai,63101.0,2026-05-15
107,Chennai,59943.0,2026-05-16
106,Delhi,39456.0,2026-05-17
108,Kolkata,41369.0,2026-05-18
109,Mumbai,49329.0,2026-05-19
105,,43218.0,2026-05-20
101,Mumbai,51164.0,2026-05-21
103,Kolkata,67424.0,2026-05-22
108,Mumbai,1500000.0,2026-05-23
106,Bangalore,59730.0,2026-05-24
108,Delhi,32665.0,2026-05-25
109,Chennai,69899.0,2026-05-26
104,Kolkata,67703.0,2026-05-27
101,Chennai,30415.0,2026-05-28
101,Bangalore,63475.0,2026-05-29
104,Delhi,54172.0,2026-05-30
107,,32684.0,2026-05-31
102,Chennai,37494.0,2026-06-01
103,Chennai,49750.0,2026-06-02
101,Kolkata,49887.0,2026-06-03
105,Chennai,50826.0,2026-06-04
101,Bangalore,36180.0,2026-06-05
108,Chennai,76779.0,2026-06-06
101,Chennai,32559.0,2026-06-07
101,Kolkata,70905.0,2026-06-08
102,Kolkata,33971.0,2026-06-09
102,Delhi,65725.0,2026-06-10
106,Mumbai,86068.0,2026-06-11
107,Delhi,48113.0,2026-06-12
105,Delhi,72861.0,2026-06-13
101,Chennai,42951.0,2026-06-14
101,Kolkata,55617.0,2026-06-15
103,Delhi,62794.0,2026-06-16
102,Bangalore,32583.0,2026-06-17
105,,55628.0,2026-06-18
106,Kolkata,56250.0,2026-06-19
107,Bangalore,33055.0,2026-06-20
104,Kolkata,36801.0,2026-06-21
107,Bangalore,64426.0,2026-06-22
108,Delhi,66719.0,2026-06-23
101,Delhi,70067.0,2026-06-24
106,Delhi,53840.0,2026-06-25
108,Mumbai,39933.0,2026-06-26
105,,61979.0,2026-06-27
104,Kolkata,75047.0,2026-06-28
102,Bangalore,34137.0,2026-06-29
106,Bangalore,41423.0,2026-06-30
106,Mumbai,54315.0,2026-07-01
101,Chennai,64482.0,2026-07-02
109,Kolkata,74156.0,2026-07-03
106,Mumbai,82483.0,2026-07-04
103,Delhi,66115.0,2026-07-05
104,Chennai,64754.0,2026-07-06
104,Bangalore,66312.0,2026-07-07
103,Bangalore,53363.0,2026-07-08
103,Chennai,47085.0,2026-07-09
103,Bangalore,86889.0,2026-07-10
104,Mumbai,72414.0,2026-07-11
107,Mumbai,66554.0,2026-07-12
104,Bangalore,44415.0,2026-07-13
109,Kolkata,86414.0,2026-07-14
101,,81623.0,2026-07-15
108,Kolkata,77052.0,2026-07-16
107,Chennai,51398.0,2026-07-17
102,Bangalore,62691.0,2026-07-18
108,Chennai,36659.0,2026-07-19
101,,50644.0,2026-07-20
109,Mumbai,84697.0,2026-07-21
109,Bangalore,33044.0,2026-07-22
102,Chennai,33883.0,2026-07-23
107,Chennai,61712.0,2026-07-24
103,Mumbai,49324.0,2026-07-25
107,Bangalore,78119.0,2026-07-26
109,Kolkata,51545.0,2026-07-27
104,Bangalore,48204.0,2026-07-28
101,Kolkata,53268.0,2026-07-29
102,Mumbai,45762.0,2026-07-30
101,,81954.0,2026-07-31
105,Bangalore,58371.0,2026-08-01
105,Bangalore,48847.0,2026-08-02
107,Delhi,66139.0,2026-08-03
109,Delhi,86374.0,2026-08-04
109,Chennai,71295.0,2026-08-05
103,Bangalore,40116.0,2026-08-06
103,Bangalore,84128.0,2026-08-07
103,Delhi,60125.0,2026-08-08
104,Kolkata,84219.0,2026-08-09
108,Kolkata,61404.0,2026-08-10
106,Delhi,58436.0,2026-08-11
108,Chennai,86653.0,2026-08-12
101,Kolkata,32788.0,2026-08-13
108,Chennai,62149.0,2026-08-14
104,Mumbai,34125.0,2026-08-15
101,Chennai,33606.0,2026-08-16
108,Mumbai,80692.0,2026-08-17
104,Mumbai,71534.0,2026-08-18
106,Mumbai,62988.0,2026-08-19
108,Bangalore,51306.0,2026-08-20
104,Delhi,72973.0,2026-08-21
103,,40833.0,2026-08-22
109,Mumbai,51997.0,2026-08-23
103,Mumbai,63521.0,2026-08-24
109,Bangalore,59948.0,2026-08-25
102,Mumbai,76643.0,2026-08-26
102,Bangalore,37488.0,2026-08-27
102,Mumbai,69974.0,2026-08-28
106,Delhi,88364.0,2026-08-29
103,Mumbai,72448.0,2026-08-30
109,Bangalore,37938.0,2026-08-31
104,Delhi,81113.0,2026-09-01
101,Kolkata,68726.0,2026-09-02
104,Chennai,45770.0,2026-09-03
101,Chennai,82635.0,2026-09-04
105,Bangalore,36635.0,2026-09-05
104,Bangalore,38629.0,2026-09-06
108,,87822.0,2026-09-07
108,Delhi,79934.0,2026-09-08
107,Delhi,61668.0,2026-09-09
103,Delhi,51487.0,2026-09-10
101,Delhi,83319.0,2026-09-11
101,Delhi,42869.0,2026-09-12
103,Chennai,79371.0,2026-09-13
106,Bangalore,39219.0,2026-09-14
107,,70797.0,2026-09-15
106,Mumbai,86298.0,2026-09-16
106,Mumbai,79040.0,2026-09-17
106,,46673.0,2026-09-18
103,Kolkata,46763.0,2026-09-19
106,Bangalore,74933.0,2026-09-20
108,Bangalore,41043.0,2026-09-21
102,Kolkata,39570.0,2026-09-22
105,Bangalore,36886.0,2026-09-23
101,Mumbai,31958.0,2026-09-24
101,Kolkata,73087.0,2026-09-25
105,Bangalore,54641.0,2026-09-26
103,Delhi,32183.0,2026-09-27
104,Bangalore,59070.0,2026-09-28
103,Bangalore,33774.0,2026-09-29
101,Kolkata,59018.0,2026-09-30
101,Delhi,50303.0,2026-10-01
105,Kolkata,44272.0,2026-10-02
106,Bangalore,52586.0,2026-10-03
103,Bangalore,63545.0,2026-10-04
109,Delhi,32566.0,2026-10-05
105,Chennai,72863.0,2026-10-06
108,,40953.0,2026-10-07
101,Mumbai,61696.0,2026-10-08
105,Mumbai,37404.0,2026-10-09
103,Bangalore,62846.0,2026-10-10
101,Kolkata,31581.0,2026-10-11
104,Delhi,44066.0,2026-10-12
105,Chennai,70735.0,2026-10-13
107,Bangalore,37839.0,2026-10-14
101,Mumbai,64930.0,2026-10-15
103,Bangalore,88329.0,2026-10-16
102,Mumbai,80637.0,2026-10-17
109,Kolkata,52129.0,2026-10-18
106,Chennai,60845.0,2026-10-19
103,Bangalore,43913.0,2026-10-20
108,Mumbai,81772.0,2026-10-21
108,Mumbai,30964.0,2026-10-22
102,Kolkata,40739.0,2026-10-23
106,Bangalore,88172.0,2026-10-24
107,Bangalore,32673.0,2026-10-25
102,Bangalore,68061.0,2026-10-26
102,Bangalore,61171.0,2026-10-27
101,Mumbai,53643.0,2026-10-28
108,Delhi,64486.0,2026-10-29
101,Delhi,40624.0,2026-10-30
109,Kolkata,31228.0,2026-10-31
106,Mumbai,73370.0,2026-11-01
107,Delhi,82930.0,2026-11-02
107,Kolkata,64608.0,2026-11-03
103,Delhi,79649.0,2026-11-04
102,Chennai,46920.0,2026-11-05
109,Mumbai,49689.0,2026-11-06
108,Delhi,37124.0,2026-11-07
107,Bangalore,72124.0,2026-11-08
109,Delhi,81123.0,2026-11-09
104,Kolkata,61339.0,2026-11-10
104,Bangalore,37587.0,2026-11-11
101,Delhi,33527.0,2026-11-12
108,Mumbai,63067.0,2026-11-13
103,Bangalore,81538.0,2026-11-14
107,Delhi,75358.0,2026-11-15
102,Mumbai,33963.0,2026-11-16
102,Bangalore,67455.0,2026-11-17
107,Kolkata,66939.0,2026-11-18
106,Bangalore,50243.0,2026-11-19
103,Chennai,88257.0,2026-11-20
109,Kolkata,62693.0,2026-11-21
106,Mumbai,75835.0,2026-11-22
106,Kolkata,33695.0,2026-11-23
101,Kolkata,39112.0,2026-11-24
104,Mumbai,62059.0,2026-11-25
106,,88867.0,2026-11-26
106,Mumbai,37242.0,2026-11-27
105,Mumbai,39941.0,2026-11-28
101,Kolkata,85283.0,2026-11-29
108,Bangalore,50001.0,2026-11-30
105,Mumbai,32700.0,2026-12-01
105,Delhi,80157.0,2026-12-02
107,Kolkata,48085.0,2026-12-03
104,Kolkata,82454.0,2026-12-04
106,Bangalore,88147.0,2026-12-05
104,,43339.0,2026-12-06
103,Mumbai,45834.0,2026-12-07
107,Mumbai,82518.0,2026-12-08
108,Chennai,41084.0,2026-12-09
104,Kolkata,59543.0,2026-12-10
102,Mumbai,65930.0,2026-12-11
103,Delhi,71074.0,2026-12-12
101,Kolkata,61902.0,2026-12-13
108,,59044.0,2026-12-14
103,Chennai,43137.0,2026-12-15
107,Mumbai,64905.0,2026-12-16
105,,84004.0,2026-12-17
105,Kolkata,79182.0,2026-12-18
107,Bangalore,35948.0,2026-12-19
109,Kolkata,77461.0,2026-12-20
105,Kolkata,62567.0,2026-12-21
101,,61189.0,2026-12-22
101,Kolkata,78867.0,2026-12-23
102,Chennai,78978.0,2026-12-24
106,Chennai,61871.0,2026-12-25
109,Bangalore,48189.0,2026-12-26
108,Chennai,52797.0,2026-12-27
105,Kolkata,33569.0,2026-12-28
101,,56012.0,2026-12-29
107,Bangalore,42977.0,2026-12-30
105,Bangalore,62049.0,2026-12-31
106,Bangalore,51694.0,2027-01-01
107,Chennai,74388.0,2027-01-02
103,Chennai,63224.0,2027-01-03
103,Delhi,46832.0,2027-01-04
105,Bangalore,62835.0,2027-01-05
106,Delhi,83241.0,2027-01-06
109,Delhi,31862.0,2027-01-07
105,Kolkata,48186.0,2027-01-08
101,Mumbai,59545.0,2027-01-09
104,Mumbai,75522.0,2027-01-10
105,Delhi,74391.0,2027-01-11
105,Delhi,70322.0,2027-01-12
107,Kolkata,38319.0,2027-01-13
104,Bangalore,68663.0,2027-01-14
101,Kolkata,75788.0,2027-01-15
105,Mumbai,58401.0,2027-01-16
107,Mumbai,62228.0,2027-01-17
106,Mumbai,88611.0,2027-01-18
105,Chennai,42202.0,2027-01-19
104,Bangalore,88386.0,2027-01-20
102,,68283.0,2027-01-21
104,Chennai,50122.0,2027-01-22
103,Bangalore,63135.0,2027-01-23
101,Kolkata,52585.0,2027-01-24
108,,78408.0,2027-01-25
105,Mumbai,89948.0,2027-01-26
104,Mumbai,78229.0,2027-01-27
108,Chennai,44897.0,2027-01-28
107,Bangalore,81792.0,2027-01-29
102,,51291.0,2027-01-30
101,Bangalore,62826.0,2027-01-31
104,Delhi,83408.0,2027-02-01
108,,38294.0,2027-02-02
102,Kolkata,84093.0,2027-02-03
103,Delhi,34507.0,2027-02-04
101,,79937.0,2027-02-05
101,Mumbai,58854.0,2027-02-06
103,Mumbai,77520.0,2027-02-07
105,,45475.0,2027-02-08
103,Bangalore,74905.0,2027-02-09
101,Delhi,44334.0,2027-02-10
101,Mumbai,48830.0,2027-02-11
108,Chennai,88300.0,2027-02-12
102,Delhi,77882.0,2027-02-13
103,Bangalore,78803.0,2027-02-14
102,Chennai,57278.0,2027-02-15
103,Mumbai,87780.0,2027-02-16
107,Chennai,48749.0,2027-02-17
101,Kolkata,60511.0,2027-02-18
108,Bangalore,67469.0,2027-02-19
102,Mumbai,70185.0,2027-02-20
103,Mumbai,84718.0,2027-02-21
109,Chennai,55072.0,2027-02-22
107,Kolkata,72326.0,2027-02-23
104,Mumbai,61146.0,2027-02-24
105,Mumbai,41057.0,2027-02-25
102,Bangalore,56427.0,2027-02-26
108,Bangalore,71982.0,2027-02-27
104,Mumbai,85535.0,2027-02-28
109,Kolkata,74090.0,2027-03-01
105,Mumbai,78654.0,2027-03-02
109,Chennai,41036.0,2027-03-03
104,Bangalore,44060.0,2027-03-04
105,Bangalore,80641.0,2027-03-05
109,Delhi,43607.0,2027-03-06
108,Chennai,65102.0,2027-03-07
103,Delhi,54074.0,2027-03-08
101,Delhi,78864.0,2027-03-09
103,Bangalore,49773.0,2027-03-10
104,Chennai,62970.0,2027-03-11
102,Delhi,62998.0,2027-03-12
101,Delhi,86199.0,2027-03-13
107,Kolkata,58210.0,2027-03-14
108,Kolkata,74088.0,2027-03-15
107,Mumbai,41683.0,2027-03-16
105,Chennai,32962.0,2027-03-17
101,Bangalore,65095.0,2027-03-18
107,Chennai,60000.0,2027-03-19
107,Kolkata,59137.0,2027-03-20
109,Delhi,65552.0,2027-03-21
103,Kolkata,76253.0,2027-03-22
109,Bangalore,63571.0,2027-03-23
101,Bangalore,75321.0,2027-03-24
101,Chennai,77350.0,2027-03-25
104,,84918.0,2027-03-26
109,Delhi,82875.0,2027-03-27
106,Delhi,73861.0,2027-03-28
103,Delhi,69164.0,2027-03-29
101,,77578.0,2027-03-30
104,Chennai,46559.0,2027-03-31
109,Chennai,72404.0,2027-04-01
103,Delhi,78074.0,2027-04-02
109,Kolkata,74963.0,2027-04-03
107,Kolkata,35691.0,2027-04-04
104,Chennai,33532.0,2027-04-05
103,Mumbai,78991.0,2027-04-06
105,Delhi,50733.0,2027-04-07
105,Bangalore,47927.0,2027-04-08
103,Chennai,73114.0,2027-04-09
109,Delhi,43482.0,2027-04-10
104,Chennai,56681.0,2027-04-11
105,Mumbai,35456.0,2027-04-12
104,Kolkata,33413.0,2027-04-13
105,Bangalore,37085.0,2027-04-14
107,Delhi,57937.0,2027-04-15
109,Bangalore,50563.0,2027-04-16
107,Mumbai,39332.0,2027-04-17
105,Delhi,67575.0,2027-04-18
107,Kolkata,37386.0,2027-04-19
105,Delhi,56337.0,2027-04-20
103,Mumbai,64708.0,2027-04-21
107,Delhi,89150.0,2027-04-22
102,Delhi,59572.0,2027-04-23
109,Mumbai,63424.0,2027-04-24
101,Delhi,65271.0,2027-04-25
106,Bangalore,79810.0,2027-04-26
107,Delhi,41030.0,2027-04-27
108,Chennai,43138.0,2027-04-28
109,Delhi,77369.0,2027-04-29
102,Delhi,45646.0,2027-04-30
102,Mumbai,58812.0,2027-05-01
105,Kolkata,53422.0,2027-05-02
105,Chennai,40645.0,2027-05-03
106,Kolkata,44628.0,2027-05-04
103,Delhi,54486.0,2027-05-05
108,Kolkata,52409.0,2027-05-06
101,Delhi,88398.0,2027-05-07
106,Mumbai,69266.0,2027-05-08
104,Chennai,52732.0,2027-05-09
101,Mumbai,76557.0,2027-05-10
107,,49425.0,2027-05-11
109,Delhi,42195.0,2027-05-12
104,,48722.0,2027-05-13
104,Chennai,46494.0,2027-05-14
106,Bangalore,51571.0,2027-05-15
103,Delhi,64486.0,2027-05-16
106,Mumbai,52900.0,2027-05-17
107,,30125.0,2027-05-18
103,Mumbai,78814.0,2027-05-19
107,Chennai,87605.0,2027-05-20
103,,49318.0,2027-05-21
102,Mumbai,68685.0,2027-05-22
104,Bangalore,73162.0,2027-05-23
108,Chennai,80756.0,2027-05-24
109,Delhi,37590.0,2027-05-25
107,Delhi,64850.0,2027-05-26
101,Bangalore,42134.0,2027-05-27
103,Mumbai,55230.0,2027-05-28
109,Chennai,45058.0,2027-05-29
101,Delhi,44301.0,2027-05-30
109,,67861.0,2027-05-31
108,Delhi,57039.0,2027-06-01
101,Chennai,86295.0,2027-06-02
106,Bangalore,30284.0,2027-06-03
105,Delhi,68334.0,2027-06-04
106,Delhi,73525.0,2027-06-05
105,Kolkata,70986.0,2027-06-06
106,Kolkata,48658.0,2027-06-07
105,Mumbai,58443.0,2027-06-08
105,Bangalore,33972.0,2027-06-09
104,Mumbai,56167.0,2027-06-10
103,Delhi,43679.0,2027-06-11
103,Chennai,74341.0,2027-06-12
104,Kolkata,59519.0,2027-06-13
109,Mumbai,55704.0,2027-06-14
102,,66881.0,2027-06-15
109,Delhi,61948.0,2027-06-16
101,Chennai,44378.0,2027-06-17
101,Bangalore,40328.0,2027-06-18
105,Bangalore,85881.0,2027-06-19
106,Bangalore,54732.0,2027-06-20
106,Mumbai,47673.0,2027-06-21
103,Chennai,40373.0,2027-06-22
107,Chennai,81663.0,2027-06-23
109,Mumbai,35720.0,2027-06-24
108,Kolkata,89115.0,2027-06-25
106,Mumbai,80307.0,2027-06-26
108,Chennai,81940.0,2027-06-27
105,Delhi,35153.0,2027-06-28
108,Delhi,36226.0,2027-06-29
104,Mumbai,32976.0,2027-06-30
108,Bangalore,68019.0,2027-07-01
102,Chennai,66267.0,2027-07-02
105,Mumbai,49297.0,2027-07-03
109,Delhi,46587.0,2027-07-04
104,Mumbai,48206.0,2027-07-05
106,Chennai,55935.0,2027-07-06
101,Chennai,59633.0,2027-07-07
109,Delhi,40736.0,2027-07-08
101,Delhi,71401.0,2027-07-09
105,Kolkata,36971.0,2027-07-10
104,Delhi,86577.0,2027-07-11
103,Delhi,39507.0,2027-07-12
106,Delhi,55724.0,2027-07-13
102,Bangalore,52166.0,2027-07-14
103,Bangalore,43158.0,2027-07-15
105,Chennai,87078.0,2027-07-16
109,Mumbai,55774.0,2027-07-17
102,Chennai,85155.0,2027-07-18
108,Delhi,41108.0,2027-07-19
102,Kolkata,42077.0,2027-07-20
105,Bangalore,34175.0,2027-07-21
107,Bangalore,86938.0,2027-07-22
108,Mumbai,65627.0,2027-07-23
101,Delhi,32962.0,2027-07-24
106,Bangalore,43616.0,2027-07-25
101,Chennai,62253.0,2027-07-26
102,Delhi,47751.0,2027-07-27
101,,75625.0,2027-07-28
105,,35210.0,2027-07-29
109,Bangalore,62390.0,2027-07-30
106,,65677.0,2027-07-31
101,Delhi,73176.0,2027-08-01
101,Delhi,66173.0,2027-08-02
102,Delhi,45993.0,2027-08-03
109,Bangalore,56859.0,2027-08-04
103,Delhi,50878.0,2027-08-05
101,,44923.0,2027-08-06
105,Delhi,63588.0,2027-08-07
107,Mumbai,57100.0,2027-08-08
106,Kolkata,54086.0,2027-08-09
101,Mumbai,89976.0,2027-08-10
105,Mumbai,70023.0,2027-08-11
105,Chennai,81814.0,2027-08-12
106,Mumbai,77709.0,2027-08-13
103,Mumbai,86256.0,2027-08-14
105,Mumbai,62571.0,2027-08-15
107,Bangalore,41017.0,2027-08-16
105,,84524.0,2027-08-17
105,Kolkata,67221.0,2027-08-18
105,Mumbai,49513.0,2027-08-19
103,Mumbai,74974.0,2027-08-20
101,Bangalore,76478.0,2027-08-21
105,,83768.0,2027-08-22
109,Delhi,44860.0,2027-08-23
101,Mumbai,38086.0,2027-08-24
103,Chennai,78544.0,2027-08-25
104,,48050.0,2027-08-26
101,Delhi,70157.0,2027-08-27
101,Mumbai,49784.0,2027-08-28
108,Mumbai,41774.0,2027-08-29
102,Delhi,64968.0,2027-08-30
108,Chennai,88236.0,2027-08-31
107,Chennai,42142.0,2027-09-01
102,Chennai,80135.0,2027-09-02
106,Delhi,53007.0,2027-09-03
106,Delhi,55158.0,2027-09-04
103,Mumbai,36051.0,2027-09-05
102,Mumbai,61576.0,2027-09-06
101,Kolkata,34115.0,2027-09-07
106,Delhi,49024.0,2027-09-08
105,Delhi,89317.0,2027-09-09
109,Mumbai,36371.0,2027-09-10
101,Bangalore,82569.0,2027-09-11
107,Bangalore,58690.0,2027-09-12
105,Kolkata,69355.0,2027-09-13
105,Delhi,62420.0,2027-09-14
102,Chennai,73375.0,2027-09-15
103,Mumbai,78002.0,2027-09-16
107,Mumbai,76698.0,2027-09-17
106,,39080.0,2027-09-18
102,Mumbai,31883.0,2027-09-19
106,Chennai,34821.0,2027-09-20
102,Mumbai,66590.0,2027-09-21
102,Bangalore,38338.0,2027-09-22
102,Kolkata,80868.0,2027-09-23
103,Kolkata,52007.0,2027-09-24
102,Kolkata,32477.0,2027-09-25
104,Bangalore,43135.0,2027-09-26
109,Mumbai,72423.0,2027-09-27
106,Chennai,40437.0,2027-09-28
101,Chennai,78100.0,2027-09-29
108,Delhi,39502.0,2027-09-30
107,Bangalore,59236.0,2027-10-01
103,Kolkata,30368.0,2027-10-02
101,Bangalore,55839.0,2027-10-03
105,Mumbai,82001.0,2027-10-04
104,Kolkata,76366.0,2027-10-05
108,Delhi,65515.0,2027-10-06
101,Mumbai,37562.0,2027-10-07
101,Chennai,37139.0,2027-10-08
104,Mumbai,57141.0,2027-10-09
108,Chennai,72778.0,2027-10-10
105,Delhi,36704.0,2027-10-11
102,Mumbai,31887.0,2027-10-12
106,Delhi,41975.0,2027-10-13
105,,79211.0,2027-10-14
102,Bangalore,30544.0,2027-10-15
103,Mumbai,49448.0,2027-10-16
109,Delhi,52830.0,2027-10-17
107,Delhi,76323.0,2027-10-18
107,Bangalore,84955.0,2027-10-19
106,Delhi,80382.0,2027-10-20
108,Bangalore,53926.0,2027-10-21
104,Bangalore,61002.0,2027-10-22
108,Kolkata,77581.0,2027-10-23
104,Chennai,43333.0,2027-10-24
108,Bangalore,46942.0,2027-10-25
109,Mumbai,44684.0,2027-10-26
103,Chennai,56088.0,2027-10-27
103,Chennai,52447.0,2027-10-28
102,Delhi,38861.0,2027-10-29
103,,54833.0,2027-10-30
103,Delhi,47454.0,2027-10-31
105,Delhi,31050.0,2027-11-01
105,Delhi,50422.0,2027-11-02
102,,51530.0,2027-11-03
106,Bangalore,77060.0,2027-11-04
105,Kolkata,45756.0,2027-11-05
106,Mumbai,34022.0,2027-11-06
101,Bangalore,71104.0,2027-11-07
105,Mumbai,32634.0,2027-11-08
109,Kolkata,57145.0,2027-11-09
102,Delhi,37288.0,2027-11-10
101,Mumbai,38992.0,2027-11-11
109,Delhi,64253.0,2027-11-12
109,Kolkata,57005.0,2027-11-13
109,Bangalore,81975.0,2027-11-14
106,Bangalore,79824.0,2027-11-15
108,Bangalore,42166.0,2027-11-16
101,,58065.0,2027-11-17
104,Kolkata,83574.0,2027-11-18
101,Chennai,47798.0,2027-11-19
108,Mumbai,59301.0,2027-11-20
101,Delhi,85267.0,2027-11-21
103,,33894.0,2027-11-22
104,Bangalore,33846.0,2027-11-23
108,Mumbai,44481.0,2027-11-24
106,Bangalore,89372.0,2027-11-25
107,,72154.0,2027-11-26
108,Mumbai,81176.0,2027-11-27
102,Bangalore,80509.0,2027-11-28
108,Kolkata,86628.0,2027-11-29
103,Bangalore,60221.0,2027-11-30
107,Mumbai,77764.0,2027-12-01
103,,38048.0,2027-12-02
107,,57386.0,2027-12-03
102,Kolkata,63336.0,2027-12-04
106,Chennai,69258.0,2027-12-05
103,Mumbai,53853.0,2027-12-06
103,,64713.0,2027-12-07
109,Mumbai,87690.0,2027-12-08
107,Kolkata,46791.0,2027-12-09
105,,34228.0,2027-12-10
107,Chennai,41945.0,2027-12-11
109,Kolkata,71573.0,2027-12-12
101,Kolkata,69899.0,2027-12-13
107,Delhi,54681.0,2027-12-14
106,Chennai,64986.0,2027-12-15
109,Delhi,44975.0,2027-12-16
101,Bangalore,78377.0,2027-12-17
104,Delhi,37711.0,2027-12-18
109,Bangalore,74759.0,2027-12-19
104,Kolkata,83509.0,2027-12-20
103,,,2027-12-21
109,Mumbai,79645.0,2027-12-22
102,Bangalore,60146.0,2027-12-23
104,Bangalore,45238.0,2027-12-24
106,,33868.0,2027-12-25
102,Bangalore,83537.0,2027-12-26
108,Chennai,74294.0,2027-12-27
108,,40060.0,2027-12-28
101,Mumbai,35433.0,2027-12-29
103,,52612.0,2027-12-30
109,,47822.0,2027-12-31
105,,64120.0,2028-01-01
106,Mumbai,71004.0,2028-01-02
104,Bangalore,51294.0,2028-01-03
102,Kolkata,48764.0,2028-01-04
108,Mumbai,34560.0,2028-01-05
106,Chennai,46583.0,2028-01-06
105,Delhi,45560.0,2028-01-07
109,Delhi,34424.0,2028-01-08
101,Bangalore,70615.0,2028-01-09
105,Bangalore,56863.0,2028-01-10
106,Mumbai,76963.0,2028-01-11
105,Bangalore,59469.0,2028-01-12
106,Bangalore,67565.0,2028-01-13
106,Chennai,89974.0,2028-01-14
107,Chennai,53184.0,2028-01-15
104,Bangalore,53910.0,2028-01-16
108,Bangalore,77077.0,2028-01-17
107,Delhi,52404.0,2028-01-18
109,Bangalore,81920.0,2028-01-19
107,Bangalore,65175.0,2028-01-20
103,Bangalore,84649.0,2028-01-21
103,Mumbai,33791.0,2028-01-22
108,Chennai,62208.0,2028-01-23
105,Delhi,82445.0,2028-01-24
104,,81998.0,2028-01-25
108,Delhi,86994.0,2028-01-26
106,,69276.0,2028-01-27
102,Bangalore,77175.0,2028-01-28
104,Bangalore,82463.0,2028-01-29
104,Mumbai,89895.0,2028-01-30
106,Delhi,39629.0,2028-01-31
106,Mumbai,62894.0,2028-02-01
101,Delhi,51990.0,2028-02-02
108,Chennai,72580.0,2028-02-03
106,Mumbai,37694.0,2028-02-04
103,Kolkata,66087.0,2028-02-05
109,Mumbai,38673.0,2028-02-06
102,,68199.0,2028-02-07
108,Bangalore,62187.0,2028-02-08
103,Delhi,34378.0,2028-02-09
105,Bangalore,53553.0,2028-02-10
106,Mumbai,81273.0,2028-02-11
106,Delhi,82287.0,2028-02-12
104,Bangalore,73780.0,2028-02-13
103,Chennai,69258.0,2028-02-14
104,,52524.0,2028-02-15
101,Bangalore,73331.0,2028-02-16
104,,46622.0,2028-02-17
101,,31420.0,2028-02-18
101,Kolkata,77440.0,2028-02-19
106,Bangalore,30340.0,2028-02-20
105,Delhi,74310.0,2028-02-21
104,Mumbai,70288.0,2028-02-22
103,Chennai,73953.0,2028-02-23
101,Bangalore,34987.0,2028-02-24
106,Delhi,56062.0,2028-02-25
102,Bangalore,75517.0,2028-02-26
108,Delhi,62456.0,2028-02-27
105,Chennai,83227.0,2028-02-28
107,Delhi,68180.0,2028-02-29
102,Chennai,55308.0,2028-03-01
108,Kolkata,49862.0,2028-03-02
102,Delhi,87505.0,2028-03-03
104,Bangalore,37670.0,2028-03-04
101,Kolkata,81647.0,2028-03-05
105,Mumbai,54246.0,2028-03-06
109,Delhi,43766.0,2028-03-07
101,Mumbai,87204.0,2028-03-08
109,Bangalore,59681.0,2028-03-09
108,Bangalore,38323.0,2028-03-10
106,Delhi,31857.0,2028-03-11
107,Bangalore,77223.0,2028-03-12
103,Mumbai,60587.0,2028-03-13
101,Kolkata,55818.0,2028-03-14
105,Mumbai,55247.0,2028-03-15
102,Kolkata,63272.0,2028-03-16
105,Bangalore,70235.0,2028-03-17
108,Chennai,48540.0,2028-03-18
109,Bangalore,55837.0,2028-03-19
102,Chennai,38484.0,2028-03-20
103,Mumbai,60682.0,2028-03-21
103,Kolkata,61707.0,2028-03-22
101,Bangalore,74610.0,2028-03-23
108,Bangalore,34923.0,2028-03-24
106,Bangalore,72019.0,2028-03-25
108,Kolkata,45920.0,2028-03-26
109,Chennai,73263.0,2028-03-27
105,Mumbai,51938.0,2028-03-28
103,Chennai,84890.0,2028-03-29
105,Chennai,43319.0,2028-03-30
105,,81947.0,2028-03-31
105,Kolkata,72161.0,2028-04-01
103,Chennai,89432.0,2028-04-02
104,Mumbai,36900.0,2028-04-03
109,Kolkata,32160.0,2028-04-04
109,Bangalore,46236.0,2028-04-05
102,,86485.0,2028-04-06
108,Mumbai,86823.0,2028-04-07
108,Delhi,36221.0,2028-04-08
107,Delhi,55294.0,2028-04-09
108,Chennai,40038.0,2028-04-10
103,,88221.0,2028-04-11
106,Delhi,49651.0,2028-04-12
101,Chennai,83649.0,2028-04-13
107,Chennai,53360.0,2028-04-14
101,Chennai,38255.0,2028-04-15
109,Mumbai,32699.0,2028-04-16
101,Kolkata,73893.0,2028-04-17
101,Delhi,51928.0,2028-04-18
107,Kolkata,78169.0,2028-04-19
102,Mumbai,30372.0,2028-04-20
105,Bangalore,83179.0,2028-04-21
108,Kolkata,87649.0,2028-04-22
108,Mumbai,77312.0,2028-04-23
103,Delhi,48898.0,2028-04-24
107,Chennai,80083.0,2028-04-25
103,Bangalore,53855.0,2028-04-26
106,Bangalore,64758.0,2028-04-27
106,Mumbai,82808.0,2028-04-28
103,Delhi,39607.0,2028-04-29
107,Bangalore,69558.0,2028-04-30
103,Delhi,38553.0,2028-05-01
108,,35383.0,2028-05-02
104,Delhi,78343.0,2028-05-03
101,Bangalore,30715.0,2028-05-04
104,Delhi,39837.0,2028-05-05
107,Delhi,87886.0,2028-05-06
104,Chennai,80699.0,2028-05-07
106,Chennai,43950.0,2028-05-08
109,Delhi,37992.0,2028-05-09
101,Delhi,56817.0,2028-05-10
105,Delhi,79803.0,2028-05-11
107,Kolkata,63818.0,2028-05-12
101,Bangalore,43357.0,2028-05-13
104,Delhi,34742.0,2028-05-14
106,Bangalore,89196.0,2028-05-15
102,Chennai,43369.0,2028-05-16
105,Kolkata,35044.0,2028-05-17
101,,84208.0,2028-05-18
106,Mumbai,40288.0,2028-05-19
106,Delhi,55378.0,2028-05-20
104,Mumbai,37261.0,2028-05-21
108,Kolkata,73614.0,2028-05-22
104,,48064.0,2028-05-23
108,Bangalore,39799.0,2028-05-24
108,Mumbai,33522.0,2028-05-25
105,Bangalore,43690.0,2028-05-26
104,Mumbai,32057.0,2028-05-27
102,Mumbai,65489.0,2028-05-28
103,Bangalore,67589.0,2028-05-29
103,Delhi,65331.0,2028-05-30
104,Mumbai,44559.0,2028-05-31
104,Chennai,43692.0,2028-06-01
105,Delhi,78429.0,2028-06-02
104,Delhi,30202.0,2028-06-03
108,Mumbai,63709.0,2028-06-04
106,Kolkata,46972.0,2028-06-05
106,Kolkata,71530.0,2028-06-06
108,Delhi,87539.0,2028-06-07
107,Bangalore,39537.0,2028-06-08
108,Mumbai,87761.0,2028-06-09
102,Chennai,31642.0,2028-06-10
109,Chennai,31365.0,2028-06-11
101,Kolkata,70324.0,2028-06-12
108,Bangalore,30008.0,2028-06-13
104,,79683.0,2028-06-14
104,,58820.0,2028-06-15
105,Kolkata,88896.0,2028-06-16
108,Bangalore,63803.0,2028-06-17
105,Mumbai,75531.0,2028-06-18
108,Mumbai,48001.0,2028-06-19
101,Delhi,36722.0,2028-06-20
109,Mumbai,50100.0,2028-06-21
106,Chennai,85227.0,2028-06-22
103,Chennai,47460.0,2028-06-23
108,,53987.0,2028-06-24
109,Delhi,34015.0,2028-06-25
106,Delhi,69897.0,2028-06-26
107,Kolkata,32962.0,2028-06-27
101,Mumbai,34840.0,2028-06-28
105,Delhi,80064.0,2028-06-29
105,,50533.0,2028-06-30
104,Kolkata,50454.0,2028-07-01
106,Bangalore,78105.0,2028-07-02
107,Kolkata,35699.0,2028-07-03
109,Chennai,35922.0,2028-07-04
101,Kolkata,54919.0,2028-07-05
106,Kolkata,88536.0,2028-07-06
107,Delhi,56508.0,2028-07-07
103,Chennai,51664.0,2028-07-08
108,Delhi,62270.0,2028-07-09
105,Delhi,55278.0,2028-07-10
109,,44862.0,2028-07-11
105,Bangalore,43598.0,2028-07-12
109,Chennai,31898.0,2028-07-13
104,Kolkata,52939.0,2028-07-14
109,,61288.0,2028-07-15
105,Kolkata,54774.0,2028-07-16
109,Bangalore,82384.0,2028-07-17
103,Mumbai,32822.0,2028-07-18
104,Delhi,67252.0,2028-07-19
109,Bangalore,55049.0,2028-07-20
106,Mumbai,51884.0,2028-07-21
102,Bangalore,43052.0,2028-07-22
107,Chennai,48038.0,2028-07-23
102,,46975.0,2028-07-24
102,Chennai,64616.0,2028-07-25
101,Chennai,84343.0,2028-07-26
103,Mumbai,43269.0,2028-07-27
106,Delhi,33041.0,2028-07-28
108,Mumbai,46551.0,2028-07-29
109,Kolkata,34379.0,2028-07-30
107,Mumbai,37661.0,2028-07-31
104,Chennai,36967.0,2028-08-01
106,Bangalore,59870.0,2028-08-02
105,Delhi,86435.0,2028-08-03
108,Mumbai,74967.0,2028-08-04
101,Bangalore,45674.0,2028-08-05
101,Bangalore,50394.0,2028-08-06
106,Kolkata,43531.0,2028-08-07
102,Chennai,51370.0,2028-08-08
105,Bangalore,83000.0,2028-08-09
101,Kolkata,48565.0,2028-08-10
107,Bangalore,88998.0,2028-08-11
101,,30832.0,2028-08-12
104,Mumbai,76978.0,2028-08-13
109,Chennai,47405.0,2028-08-14
101,Mumbai,40185.0,2028-08-15
104,Mumbai,33492.0,2028-08-16
106,Delhi,88238.0,2028-08-17
106,Bangalore,88859.0,2028-08-18
108,Mumbai,74630.0,2028-08-19
101,Mumbai,30288.0,2028-08-20
107,,70584.0,2028-08-21
101,Kolkata,31076.0,2028-08-22
107,Chennai,78332.0,2028-08-23
103,Kolkata,64139.0,2028-08-24
108,,31074.0,2028-08-25
103,Bangalore,67702.0,2028-08-26
101,Mumbai,57535.0,2028-08-27
108,Kolkata,62807.0,2028-08-28
103,Chennai,34274.0,2028-08-29
102,Bangalore,58198.0,2028-08-30
101,Bangalore,79334.0,2028-08-31
103,Bangalore,89103.0,2028-09-01
102,,59859.0,2028-09-02
102,Mumbai,89113.0,2028-09-03
106,,68264.0,2028-09-04
101,,75760.0,2028-09-05
102,Chennai,87840.0,2028-09-06
106,Bangalore,87940.0,2028-09-07
103,Mumbai,65276.0,2028-09-08
104,Delhi,42018.0,2028-09-09
101,Delhi,88028.0,2028-09-10
108,Kolkata,38072.0,2028-09-11
107,Bangalore,43348.0,2028-09-12
107,Delhi,76678.0,2028-09-13
103,Mumbai,43952.0,2028-09-14
103,,78833.0,2028-09-15
102,Mumbai,30318.0,2028-09-16
101,,41818.0,2028-09-17
107,Mumbai,56011.0,2028-09-18
107,Bangalore,48787.0,2028-09-19
102,Delhi,76750.0,2028-09-20
107,Bangalore,73624.0,2028-09-21
108,Chennai,42516.0,2028-09-22
101,Mumbai,63496.0,2028-09-23
109,Bangalore,64055.0,2028-09-24
107,Chennai,66769.0,2028-09-25
103,Chennai,84758.0,2028-09-26
108,Kolkata,38752.0,2028-09-27
107,Mumbai,31375.0,2028-09-28
108,Bangalore,88809.0,2028-09-29
106,,44970.0,2028-09-30
109,Kolkata,89850.0,2028-10-01
105,,74846.0,2028-10-02
103,Mumbai,62792.0,2028-10-03
103,Kolkata,47538.0,2028-10-04
101,Chennai,42657.0,2028-10-05
108,Delhi,47843.0,2028-10-06
102,Kolkata,45583.0,2028-10-07
103,Chennai,51491.0,2028-10-08
108,Delhi,67474.0,2028-10-09
108,Delhi,76431.0,2028-10-10
104,Kolkata,78612.0,2028-10-11
104,Delhi,72180.0,2028-10-12
105,Delhi,48540.0,2028-10-13
106,Bangalore,35979.0,2028-10-14
105,Delhi,37943.0,2028-10-15
107,,85194.0,2028-10-16
102,Bangalore,38911.0,2028-10-17
107,Bangalore,70254.0,2028-10-18
107,,63873.0,2028-10-19
101,Bangalore,33769.0,2028-10-20
107,Mumbai,32479.0,2028-10-21
105,Kolkata,40112.0,2028-10-22
103,Bangalore,74039.0,2028-10-23
103,Mumbai,34731.0,2028-10-24
104,Chennai,41361.0,2028-10-25
102,Kolkata,78855.0,2028-10-26
102,Kolkata,65940.0,2028-10-27
101,,76809.0,2028-10-28
105,Kolkata,62205.0,2028-10-29
104,Kolkata,54569.0,2028-10-30
102,Kolkata,37068.0,2028-10-31
103,Delhi,36557.0,2028-11-01
107,Mumbai,66098.0,2028-11-02
107,Chennai,68790.0,2028-11-03
104,Bangalore,75411.0,2028-11-04
105,Delhi,64826.0,2028-11-05
105,Mumbai,52074.0,2028-11-06
106,Mumbai,52155.0,2028-11-07
109,Bangalore,81022.0,2028-11-08
102,Kolkata,66389.0,2028-11-09
105,,72105.0,2028-11-10
103,Kolkata,66759.0,2028-11-11
104,Kolkata,60784.0,2028-11-12
106,Bangalore,62401.0,2028-11-13
108,Mumbai,41565.0,2028-11-14
101,Mumbai,54700.0,2028-11-15
108,Chennai,71271.0,2028-11-16
107,Delhi,79926.0,2028-11-17
101,Bangalore,45337.0,2028-11-18
102,Chennai,41112.0,2028-11-19
103,Bangalore,43761.0,2028-11-20
101,,72791.0,2028-11-21
109,Chennai,38885.0,2028-11-22
108,Mumbai,84430.0,2028-11-23
102,Bangalore,31376.0,2028-11-24
109,Chennai,35939.0,2028-11-25
107,Mumbai,71949.0,2028-11-26
109,Delhi,32846.0,2028-11-27
106,Bangalore,36817.0,2028-11-28
106,,37430.0,2028-11-29
104,Bangalore,56328.0,2028-11-30
102,,41151.0,2028-12-01
107,Kolkata,89797.0,2028-12-02
105,Delhi,57619.0,2028-12-03
106,Chennai,64484.0,2028-12-04
102,Bangalore,88970.0,2028-12-05
105,Mumbai,57664.0,2028-12-06
104,Chennai,36780.0,2028-12-07
109,Chennai,33331.0,2028-12-08
106,Delhi,58604.0,2028-12-09
102,,71849.0,2028-12-10
101,Kolkata,47762.0,2028-12-11
105,,83736.0,2028-12-12
109,Mumbai,53765.0,2028-12-13
106,,67043.0,2028-12-14
107,Mumbai,51922.0,2028-12-15
105,Delhi,89051.0,2028-12-16
106,Kolkata,53694.0,2028-12-17
105,Chennai,40556.0,2028-12-18
109,Bangalore,43555.0,2028-12-19
106,Bangalore,79383.0,2028-12-20
108,Delhi,40004.0,2028-12-21
102,Chennai,88956.0,2028-12-22
109,Bangalore,68190.0,2028-12-23
105,Bangalore,50810.0,2028-12-24
107,Bangalore,41188.0,2028-12-25
101,,30247.0,2028-12-26
105,Chennai,50762.0,2028-12-27
102,Chennai,76366.0,2028-12-28
106,,75995.0,2028-12-29
101,Bangalore,89423.0,2028-12-30
103,Delhi,43811.0,2028-12-31
105,Delhi,33741.0,2029-01-01
104,Chennai,59052.0,2029-01-02
103,Mumbai,79214.0,2029-01-03
105,Bangalore,83375.0,2029-01-04
108,Mumbai,64319.0,2029-01-05
104,Mumbai,36306.0,2029-01-06
101,Bangalore,33005.0,2029-01-07
107,,33322.0,2029-01-08
108,Chennai,46008.0,2029-01-09
103,,70765.0,2029-01-10
106,,54870.0,2029-01-11
102,Mumbai,42466.0,2029-01-12
107,Mumbai,75284.0,2029-01-13
108,Kolkata,80034.0,2029-01-14
106,Kolkata,63161.0,2029-01-15
106,Bangalore,32739.0,2029-01-16
105,,66935.0,2029-01-17
108,Delhi,83565.0,2029-01-18
101,Mumbai,83842.0,2029-01-19
104,Chennai,83626.0,2029-01-20
104,Bangalore,43194.0,2029-01-21
103,Delhi,34231.0,2029-01-22
103,Mumbai,81929.0,2029-01-23
104,Delhi,58268.0,2029-01-24
101,Chennai,31401.0,2029-01-25
102,Kolkata,38086.0,2029-01-26
109,Kolkata,63673.0,2029-01-27
102,Chennai,30529.0,2029-01-28
105,Bangalore,70779.0,2029-01-29
109,Bangalore,53462.0,2029-01-30
109,Delhi,77769.0,2029-01-31
108,Mumbai,67386.0,2029-02-01
101,Delhi,82873.0,2029-02-02
101,Kolkata,87730.0,2029-02-03
109,,81773.0,2029-02-04
108,Bangalore,85878.0,2029-02-05
109,Chennai,46956.0,2029-02-06
107,Delhi,47027.0,2029-02-07
103,Chennai,77676.0,2029-02-08
103,Chennai,50455.0,2029-02-09
102,Bangalore,87223.0,2029-02-10
105,Mumbai,69781.0,2029-02-11
103,Kolkata,72252.0,2029-02-12
106,Chennai,74555.0,2029-02-13
102,Kolkata,75602.0,2029-02-14
103,Kolkata,35605.0,2029-02-15
105,,40677.0,2029-02-16
101,Delhi,84834.0,2029-02-17
101,Delhi,46938.0,2029-02-18
109,Mumbai,76819.0,2029-02-19
107,Delhi,89502.0,2029-02-20
101,Bangalore,82545.0,2029-02-21
108,Chennai,73534.0,2029-02-22
103,Bangalore,73184.0,2029-02-23
108,Mumbai,45009.0,2029-02-24
105,,60246.0,2029-02-25
101,Delhi,58185.0,2029-02-26
107,Mumbai,59295.0,2029-02-27
105,Chennai,89332.0,2029-02-28
106,Kolkata,55519.0,2029-03-01
106,Bangalore,50952.0,2029-03-02
108,Delhi,76642.0,2029-03-03
109,Chennai,39185.0,2029-03-04
102,Delhi,49843.0,2029-03-05
109,Delhi,47505.0,2029-03-06
109,Chennai,84682.0,2029-03-07
107,Mumbai,58022.0,2029-03-08
101,Mumbai,84261.0,2029-03-09
107,Bangalore,46439.0,2029-03-10
105,,89100.0,2029-03-11
106,,44660.0,2029-03-12
107,Bangalore,38849.0,2029-03-13
105,Mumbai,59628.0,2029-03-14
107,Mumbai,54835.0,2029-03-15
109,Mumbai,34736.0,2029-03-16
103,Bangalore,65377.0,2029-03-17
108,Chennai,77443.0,2029-03-18
102,Bangalore,33909.0,2029-03-19
107,Bangalore,79555.0,2029-03-20
102,Mumbai,44867.0,2029-03-21
104,Bangalore,30794.0,2029-03-22
107,Mumbai,47945.0,2029-03-23
103,Bangalore,88527.0,2029-03-24
102,Chennai,45369.0,2029-03-25
107,Chennai,73601.0,2029-03-26
101,Bangalore,53807.0,2029-03-27
108,Bangalore,40856.0,2029-03-28
103,Mumbai,36795.0,2029-03-29
102,Delhi,59385.0,2029-03-30
103,Chennai,61063.0,2029-03-31
105,Mumbai,68260.0,2029-04-01
108,Chennai,78562.0,2029-04-02
107,Chennai,40149.0,2029-04-03
107,,56669.0,2029-04-04
107,,56328.0,2029-04-05
108,Delhi,67767.0,2029-04-06
101,,85350.0,2029-04-07
104,Chennai,67965.0,2029-04-08
106,Chennai,33562.0,2029-04-09
109,Delhi,80846.0,2029-04-10
102,Kolkata,63623.0,2029-04-11
101,Delhi,72255.0,2029-04-12
102,Kolkata,83907.0,2029-04-13
107,Delhi,66389.0,2029-04-14
103,Chennai,34206.0,2029-04-15
102,Bangalore,63806.0,2029-04-16
107,Mumbai,67364.0,2029-04-17
102,Delhi,50897.0,2029-04-18
103,Bangalore,44151.0,2029-04-19
107,Delhi,34370.0,2029-04-20
104,Bangalore,54045.0,2029-04-21
101,Chennai,51700.0,2029-04-22
105,Kolkata,66215.0,2029-04-23
109,Chennai,52234.0,2029-04-24
108,Delhi,86382.0,2029-04-25
109,Mumbai,82584.0,2029-04-26
109,Mumbai,86268.0,2029-04-27
107,,78671.0,2029-04-28
104,Kolkata,45326.0,2029-04-29
105,Mumbai,76824.0,2029-04-30
101,Delhi,67997.0,2029-05-01
101,Kolkata,32241.0,2029-05-02
103,Kolkata,60639.0,2029-05-03
108,Kolkata,70586.0,2029-05-04
102,Kolkata,69766.0,2029-05-05
104,Bangalore,51278.0,2029-05-06
102,Delhi,72923.0,2029-05-07
105,Bangalore,36444.0,2029-05-08
109,Bangalore,33015.0,2029-05-09
101,Bangalore,44903.0,2029-05-10
105,Bangalore,69583.0,2029-05-11
109,Mumbai,58143.0,2029-05-12
101,Mumbai,34864.0,2029-05-13
109,Bangalore,39676.0,2029-05-14
108,Delhi,34234.0,2029-05-15
104,Bangalore,51340.0,2029-05-16
105,Kolkata,76915.0,2029-05-17
105,Kolkata,48723.0,2029-05-18
106,Bangalore,38526.0,2029-05-19
107,Bangalore,36842.0,2029-05-20
108,Delhi,64626.0,2029-05-21
108,Chennai,31207.0,2029-05-22
102,Bangalore,47308.0,2029-05-23
109,Bangalore,82097.0,2029-05-24
107,Kolkata,84533.0,2029-05-25
104,Bangalore,35429.0,2029-05-26
104,Delhi,83591.0,2029-05-27
108,Mumbai,37591.0,2029-05-28
104,Bangalore,75712.0,2029-05-29
106,Bangalore,68660.0,2029-05-30
105,Kolkata,41777.0,2029-05-31
103,Bangalore,68713.0,2029-06-01
102,Chennai,70459.0,2029-06-02
109,Bangalore,42548.0,2029-06-03
109,Bangalore,76441.0,2029-06-04
101,Bangalore,66795.0,2029-06-05
103,Bangalore,75224.0,2029-06-06
108,Bangalore,67063.0,2029-06-07
106,Mumbai,62055.0,2029-06-08
105,Kolkata,42869.0,2029-06-09
105,Mumbai,53863.0,2029-06-10
106,Delhi,34661.0,2029-06-11
107,Delhi,77498.0,2029-06-12
101,Delhi,74802.0,2029-06-13
109,Bangalore,48782.0,2029-06-14
103,Delhi,79179.0,2029-06-15
104,Delhi,74910.0,2029-06-16
101,Bangalore,31898.0,2029-06-17
103,Chennai,42919.0,2029-06-18
102,Delhi,70068.0,2029-06-19
102,Bangalore,32427.0,2029-06-20
101,Chennai,64393.0,2029-06-21
108,,40767.0,2029-06-22
103,Chennai,48420.0,2029-06-23
103,Mumbai,88654.0,2029-06-24
106,Chennai,66123.0,2029-06-25
108,Bangalore,86198.0,2029-06-26
109,Mumbai,76821.0,2029-06-27
109,Kolkata,82872.0,2029-06-28
104,Bangalore,34902.0,2029-06-29
105,,56850.0,2029-06-30
102,Chennai,78554.0,2029-07-01
109,Chennai,73034.0,2029-07-02
108,Chennai,51620.0,2029-07-03
103,Bangalore,38280.0,2029-07-04
109,Bangalore,44954.0,2029-07-05
103,Kolkata,74764.0,2029-07-06
109,Chennai,76814.0,2029-07-07
102,Kolkata,87465.0,2029-07-08
109,Kolkata,76973.0,2029-07-09
108,,67729.0,2029-07-10
109,Chennai,62800.0,2029-07-11
105,Bangalore,67466.0,2029-07-12
102,Delhi,38887.0,2029-07-13
108,Chennai,61607.0,2029-07-14
106,Mumbai,82993.0,2029-07-15
108,Mumbai,62141.0,2029-07-16
105,Mumbai,71484.0,2029-07-17
102,Kolkata,43335.0,2029-07-18
106,Kolkata,84596.0,2029-07-19
105,Chennai,36177.0,2029-07-20
105,Bangalore,71206.0,2029-07-21
101,Chennai,33926.0,2029-07-22
102,Chennai,78146.0,2029-07-23
108,Bangalore,73056.0,2029-07-24
103,Mumbai,40154.0,2029-07-25
103,Mumbai,32959.0,2029-07-26
108,Bangalore,48611.0,2029-07-27
108,Chennai,64161.0,2029-07-28
102,Bangalore,89251.0,2029-07-29
108,,48407.0,2029-07-30
101,Delhi,43025.0,2029-07-31
106,Mumbai,36064.0,2029-08-01
108,Bangalore,86714.0,2029-08-02
103,Delhi,36639.0,2029-08-03
108,Mumbai,32478.0,2029-08-04
101,Mumbai,86526.0,2029-08-05
109,Bangalore,37929.0,2029-08-06
109,Mumbai,62326.0,2029-08-07
105,Chennai,83611.0,2029-08-08
104,Bangalore,52837.0,2029-08-09
106,Delhi,71941.0,2029-08-10
107,Kolkata,59974.0,2029-08-11
105,Delhi,74183.0,2029-08-12
109,Kolkata,38418.0,2029-08-13
103,,47650.0,2029-08-14
107,Mumbai,64825.0,2029-08-15
105,,87148.0,2029-08-16
107,Kolkata,76471.0,2029-08-17
102,,44383.0,2029-08-18
104,Chennai,76703.0,2029-08-19
102,Mumbai,73211.0,2029-08-20
107,Kolkata,61708.0,2029-08-21
102,Delhi,65709.0,2029-08-22
101,Mumbai,62924.0,2029-08-23
109,Mumbai,53382.0,2029-08-24
101,Mumbai,56649.0,2029-08-25
108,Bangalore,61140.0,2029-08-26
102,Chennai,75023.0,2029-08-27
108,,62563.0,2029-08-28
103,Delhi,60373.0,2029-08-29
106,,47144.0,2029-08-30
103,,38965.0,2029-08-31
107,Delhi,52791.0,2029-09-01
109,Mumbai,88896.0,2029-09-02
102,Kolkata,53115.0,2029-09-03
105,Chennai,47341.0,2029-09-04
106,Kolkata,77573.0,2029-09-05
104,Chennai,46637.0,2029-09-06
104,Bangalore,54269.0,2029-09-07
104,Delhi,47953.0,2029-09-08
102,Bangalore,57794.0,2029-09-09
104,Delhi,53877.0,2029-09-10
101,Chennai,70273.0,2029-09-11
106,Kolkata,86035.0,2029-09-12
101,Bangalore,42405.0,2029-09-13
106,,57812.0,2029-09-14
101,Bangalore,75605.0,2029-09-15
106,Chennai,84158.0,2029-09-16
108,Chennai,71767.0,2029-09-17
102,,84920.0,2029-09-18
102,Chennai,84068.0,2029-09-19
104,Delhi,39973.0,2029-09-20
103,,88565.0,2029-09-21
104,Chennai,53925.0,2029-09-22
107,Delhi,74623.0,2029-09-23
101,Chennai,53091.0,2029-09-24
106,Kolkata,49584.0,2029-09-25
103,Bangalore,69325.0,2029-09-26
107,Mumbai,86699.0,2029-09-27
102,Kolkata,39071.0,2029-09-28
102,Kolkata,35088.0,2029-09-29
104,Bangalore,79152.0,2029-09-30
101,Delhi,46550.0,2029-10-01
103,Mumbai,32063.0,2029-10-02
109,Chennai,57280.0,2029-10-03
107,Kolkata,38303.0,2029-10-04
107,Mumbai,41631.0,2029-10-05
104,Mumbai,31125.0,2029-10-06
102,Delhi,65409.0,2029-10-07
104,Chennai,80581.0,2029-10-08
106,Delhi,52485.0,2029-10-09
103,Delhi,73003.0,2029-10-10
101,Delhi,42794.0,2029-10-11
108,Chennai,48018.0,2029-10-12
105,Bangalore,38862.0,2029-10-13
105,Mumbai,65879.0,2029-10-14
104,,31690.0,2029-10-15
106,Delhi,86867.0,2029-10-16
103,Mumbai,45740.0,2029-10-17
109,,77862.0,2029-10-18
105,Bangalore,78643.0,2029-10-19
103,Bangalore,53024.0,2029-10-20
101,Delhi,50341.0,2029-10-21
106,Kolkata,39156.0,2029-10-22
102,Bangalore,79432.0,2029-10-23
103,Kolkata,67214.0,2029-10-24
101,Mumbai,61053.0,2029-10-25
109,Bangalore,40158.0,2029-10-26
108,Kolkata,32808.0,2029-10-27
102,,35402.0,2029-10-28
108,Delhi,31964.0,2029-10-29
109,Kolkata,47206.0,2029-10-30
101,Mumbai,39629.0,2029-10-31
105,Bangalore,62337.0,2029-11-01
108,Mumbai,64829.0,2029-11-02
102,Chennai,51559.0,2029-11-03
104,Mumbai,33865.0,2029-11-04
107,Mumbai,34294.0,2029-11-05
103,Delhi,76939.0,2029-11-06
105,Delhi,42965.0,2029-11-07
108,,42228.0,2029-11-08
103,,78419.0,2029-11-09
104,Kolkata,61377.0,2029-11-10
109,Mumbai,88808.0,2029-11-11
107,Bangalore,79229.0,2029-11-12
101,Chennai,64927.0,2029-11-13
104,,42822.0,2029-11-14
104,Bangalore,60070.0,2029-11-15
109,Kolkata,33187.0,2029-11-16
106,,88509.0,2029-11-17
109,Kolkata,37135.0,2029-11-18
106,Mumbai,43508.0,2029-11-19
106,Delhi,63557.0,2029-11-20
105,Bangalore,80715.0,2029-11-21
105,Bangalore,64090.0,2029-11-22
102,Mumbai,76155.0,2029-11-23
108,Mumbai,69441.0,2029-11-24
108,Kolkata,80654.0,2029-11-25
101,Bangalore,69884.0,2029-11-26
108,Mumbai,56067.0,2029-11-27
105,Chennai,48043.0,2029-11-28
102,Chennai,60572.0,2029-11-29
102,Kolkata,39507.0,2029-11-30
106,Delhi,33062.0,2029-12-01
109,Chennai,54700.0,2029-12-02
101,Bangalore,82214.0,2029-12-03
106,Delhi,87862.0,2029-12-04
109,Kolkata,48454.0,2029-12-05
108,Mumbai,83409.0,2029-12-06
106,Mumbai,40868.0,2029-12-07
103,Bangalore,32553.0,2029-12-08
108,Mumbai,59553.0,2029-12-09
109,Mumbai,58511.0,2029-12-10
101,Kolkata,47428.0,2029-12-11
109,Delhi,72747.0,2029-12-12
106,,35957.0,2029-12-13
106,Bangalore,74495.0,2029-12-14
104,Delhi,34578.0,2029-12-15
101,Delhi,68389.0,2029-12-16
108,Bangalore,64734.0,2029-12-17
102,Chennai,40548.0,2029-12-18
101,Delhi,51353.0,2029-12-19
102,Mumbai,76632.0,2029-12-20
101,Kolkata,48634.0,2029-12-21
101,Delhi,41679.0,2029-12-22
109,Kolkata,77743.0,2029-12-23
101,Chennai,54717.0,2029-12-24
104,Bangalore,76935.0,2029-12-25
106,Mumbai,55579.0,2029-12-26
107,Delhi,56730.0,2029-12-27
102,Kolkata,64782.0,2029-12-28
106,Delhi,34624.0,2029-12-29
107,Mumbai,82760.0,2029-12-30
102,Bangalore,53103.0,2029-12-31
102,Mumbai,55544.0,2030-01-01
107,Bangalore,83077.0,2030-01-02
101,Kolkata,58534.0,2030-01-03
108,Bangalore,68636.0,2030-01-04
103,,77394.0,2030-01-05
106,Kolkata,63572.0,2030-01-06
109,Mumbai,80486.0,2030-01-07
106,Mumbai,58560.0,2030-01-08
109,Bangalore,63435.0,2030-01-09
107,Chennai,63152.0,2030-01-10
109,Mumbai,74084.0,2030-01-11
102,,88952.0,2030-01-12
108,Chennai,49638.0,2030-01-13
108,Mumbai,66208.0,2030-01-14
102,Chennai,81900.0,2030-01-15
104,Mumbai,46396.0,2030-01-16
107,Kolkata,70494.0,2030-01-17
104,Bangalore,73967.0,2030-01-18
104,Delhi,56783.0,2030-01-19
106,Delhi,35403.0,2030-01-20
106,Kolkata,53838.0,2030-01-21
103,Bangalore,68919.0,2030-01-22
109,,42359.0,2030-01-23
102,Delhi,77995.0,2030-01-24
106,Mumbai,89489.0,2030-01-25
107,Delhi,52614.0,2030-01-26
109,Bangalore,40057.0,2030-01-27
103,Mumbai,30100.0,2030-01-28
103,Delhi,58655.0,2030-01-29
107,Chennai,34978.0,2030-01-30
104,Bangalore,72272.0,2030-01-31
108,Mumbai,40988.0,2030-02-01
107,Bangalore,44531.0,2030-02-02
105,Chennai,69302.0,2030-02-03
107,Mumbai,83856.0,2030-02-04
103,Mumbai,79601.0,2030-02-05
102,Mumbai,41631.0,2030-02-06
106,Chennai,41693.0,2030-02-07
102,Kolkata,65935.0,2030-02-08
103,Mumbai,68148.0,2030-02-09
106,Mumbai,43823.0,2030-02-10
105,Kolkata,54696.0,2030-02-11
108,,,2030-02-12
109,Chennai,33856.0,2030-02-13
103,,61051.0,2030-02-14
103,Chennai,31075.0,2030-02-15
103,Chennai,78523.0,2030-02-16
106,Mumbai,50797.0,2030-02-17
101,Bangalore,73682.0,2030-02-18
107,Delhi,63469.0,2030-02-19
101,Kolkata,66116.0,2030-02-20
105,,38185.0,2030-02-21
108,Chennai,57841.0,2030-02-22
104,Mumbai,36836.0,2030-02-23
105,Delhi,76072.0,2030-02-24
104,Mumbai,54596.0,2030-02-25
104,Mumbai,73406.0,2030-02-26
108,Chennai,52218.0,2030-02-27
102,,65017.0,2030-02-28
101,Delhi,40705.0,2030-03-01
103,Delhi,49606.0,2030-03-02
109,Chennai,51375.0,2030-03-03
104,Mumbai,72142.0,2030-03-04
105,Kolkata,56933.0,2030-03-05
102,Mumbai,38118.0,2030-03-06
104,Mumbai,65319.0,2030-03-07
102,Mumbai,56649.0,2030-03-08
102,Delhi,87409.0,2030-03-09
104,Bangalore,87254.0,2030-03-10
106,Delhi,75318.0,2030-03-11
107,Bangalore,87815.0,2030-03-12
103,Bangalore,32214.0,2030-03-13
103,Delhi,38534.0,2030-03-14
106,Delhi,79869.0,2030-03-15
103,Bangalore,65228.0,2030-03-16
102,Chennai,74696.0,2030-03-17
108,,33255.0,2030-03-18
105,Delhi,84942.0,2030-03-19
101,Delhi,57841.0,2030-03-20
103,Delhi,35334.0,2030-03-21
108,Bangalore,42281.0,2030-03-22
104,Chennai,69598.0,2030-03-23
107,Kolkata,70522.0,2030-03-24
102,Chennai,69708.0,2030-03-25
107,Mumbai,60697.0,2030-03-26
105,Bangalore,40722.0,2030-03-27
105,,66400.0,2030-03-28
106,Mumbai,88399.0,2030-03-29
109,Bangalore,46029.0,2030-03-30
106,,30014.0,2030-03-31
108,Chennai,74349.0,2030-04-01
107,Chennai,76925.0,2030-04-02
109,Mumbai,41506.0,2030-04-03
104,Bangalore,38208.0,2030-04-04
102,Delhi,57157.0,2030-04-05
107,Chennai,39971.0,2030-04-06
106,Delhi,81101.0,2030-04-07
101,Kolkata,71040.0,2030-04-08
109,Kolkata,53183.0,2030-04-09
109,Bangalore,52963.0,2030-04-10
102,Delhi,65847.0,2030-04-11
103,Delhi,38127.0,2030-04-12
105,Kolkata,71978.0,2030-04-13
105,Chennai,77782.0,2030-04-14
101,Chennai,45646.0,2030-04-15
108,Mumbai,55355.0,2030-04-16
108,Bangalore,48208.0,2030-04-17
104,Chennai,52713.0,2030-04-18
107,Bangalore,62267.0,2030-04-19
103,Chennai,33864.0,2030-04-20
106,Kolkata,40661.0,2030-04-21
109,Mumbai,62559.0,2030-04-22
101,Delhi,81665.0,2030-04-23
105,Bangalore,40322.0,2030-04-24
104,Delhi,36710.0,2030-04-25
108,Kolkata,61362.0,2030-04-26
101,Chennai,62380.0,2030-04-27
109,Kolkata,71284.0,2030-04-28
106,Chennai,82642.0,2030-04-29
104,Delhi,44386.0,2030-04-30
109,Mumbai,43338.0,2030-05-01
105,Kolkata,88020.0,2030-05-02
105,Delhi,85277.0,2030-05-03
105,Chennai,45316.0,2030-05-04
101,Kolkata,54463.0,2030-05-05
101,Mumbai,40203.0,2030-05-06
108,Mumbai,34888.0,2030-05-07
108,Bangalore,58192.0,2030-05-08
106,Kolkata,41325.0,2030-05-09
104,Mumbai,49088.0,2030-05-10
102,,39386.0,2030-05-11
102,Bangalore,78413.0,2030-05-12
109,,69028.0,2030-05-13
105,Delhi,41267.0,2030-05-14
104,Delhi,61809.0,2030-05-15
101,Kolkata,45419.0,2030-05-16
107,Kolkata,55480.0,2030-05-17
103,Bangalore,83749.0,2030-05-18
106,Chennai,75854.0,2030-05-19
105,Kolkata,32904.0,2030-05-20
105,Delhi,74260.0,2030-05-21
105,Bangalore,63891.0,2030-05-22
101,Kolkata,43430.0,2030-05-23
101,Mumbai,44999.0,2030-05-24
103,Mumbai,53319.0,2030-05-25
104,Kolkata,50700.0,2030-05-26
105,Mumbai,57633.0,2030-05-27
102,Delhi,81422.0,2030-05-28
108,,49108.0,2030-05-29
102,Bangalore,70889.0,2030-05-30
109,Kolkata,54055.0,2030-05-31
102,Kolkata,48642.0,2030-06-01
109,Delhi,83014.0,2030-06-02
107,Delhi,88274.0,2030-06-03
108,Mumbai,33646.0,2030-06-04
102,Mumbai,43173.0,2030-06-05
107,Chennai,37025.0,2030-06-06
106,Chennai,42549.0,2030-06-07
104,Bangalore,44853.0,2030-06-08
107,Mumbai,80423.0,2030-06-09
104,Mumbai,71757.0,2030-06-10
102,Bangalore,59952.0,2030-06-11
107,Bangalore,41326.0,2030-06-12
108,Delhi,33463.0,2030-06-13
102,Chennai,57163.0,2030-06-14
105,Delhi,62600.0,2030-06-15
101,Mumbai,87760.0,2030-06-16
107,Chennai,77156.0,2030-06-17
108,Delhi,44075.0,2030-06-18
106,Bangalore,58709.0,2030-06-19
105,Mumbai,73315.0,2030-06-20
106,Delhi,67709.0,2030-06-21
102,Delhi,46010.0,2030-06-22
101,,30897.0,2030-06-23
107,Bangalore,71012.0,2030-06-24
107,,30605.0,2030-06-25
102,Bangalore,66445.0,2030-06-26
102,Bangalore,67315.0,2030-06-27
101,Mumbai,38652.0,2030-06-28
108,Mumbai,79926.0,2030-06-29
108,Mumbai,62229.0,2030-06-30
101,Mumbai,60530.0,2030-07-01
108,Bangalore,68024.0,2030-07-02
109,Delhi,79101.0,2030-07-03
104,Mumbai,84643.0,2030-07-04
101,Mumbai,50414.0,2030-07-05
101,Bangalore,57903.0,2030-07-06
103,Chennai,44730.0,2030-07-07
105,Kolkata,67924.0,2030-07-08
105,Mumbai,68541.0,2030-07-09
109,Delhi,86327.0,2030-07-10
102,Mumbai,57898.0,2030-07-11
102,Kolkata,73654.0,2030-07-12
106,Delhi,45930.0,2030-07-13
109,Chennai,33518.0,2030-07-14
101,Bangalore,60982.0,2030-07-15
109,Delhi,36775.0,2030-07-16
109,Mumbai,53990.0,2030-07-17
109,Mumbai,35378.0,2030-07-18
105,Kolkata,76402.0,2030-07-19
109,Bangalore,69441.0,2030-07-20
104,Bangalore,36444.0,2030-07-21
102,Bangalore,44176.0,2030-07-22
106,Chennai,55060.0,2030-07-23
104,Bangalore,39379.0,2030-07-24
106,Delhi,66495.0,2030-07-25
103,Mumbai,83148.0,2030-07-26
106,Delhi,76993.0,2030-07-27
102,Chennai,57568.0,2030-07-28
102,Delhi,52765.0,2030-07-29
109,Bangalore,89053.0,2030-07-30
107,Mumbai,60802.0,2030-07-31
103,,53196.0,2030-08-01
101,Mumbai,81141.0,2030-08-02
108,Mumbai,45468.0,2030-08-03
106,,58849.0,2030-08-04
107,Bangalore,67113.0,2030-08-05
109,,38174.0,2030-08-06
105,Delhi,75820.0,2030-08-07
101,Mumbai,49098.0,2030-08-08
107,Chennai,37046.0,2030-08-09
105,Kolkata,34186.0,2030-08-10
103,Mumbai,46722.0,2030-08-11
109,,72621.0,2030-08-12
101,Bangalore,35968.0,2030-08-13
101,Kolkata,75224.0,2030-08-14
101,Mumbai,78266.0,2030-08-15
103,Mumbai,70452.0,2030-08-16
106,,85873.0,2030-08-17
103,,58270.0,2030-08-18
108,Bangalore,78311.0,2030-08-19
102,Delhi,71129.0,2030-08-20
109,Delhi,69273.0,2030-08-21
103,Bangalore,36387.0,2030-08-22
105,Delhi,54394.0,2030-08-23
108,Mumbai,41291.0,2030-08-24
102,Mumbai,75574.0,2030-08-25
106,Chennai,60093.0,2030-08-26
105,Delhi,85628.0,2030-08-27
109,Bangalore,82164.0,2030-08-28
105,Bangalore,86636.0,2030-08-29
102,Chennai,32610.0,2030-08-30
105,Bangalore,65241.0,2030-08-31
104,Mumbai,84407.0,2030-09-01
107,Chennai,58337.0,2030-09-02
106,Kolkata,65456.0,2030-09-03
102,Chennai,34804.0,2030-09-04
105,,64058.0,2030-09-05
107,Chennai,40227.0,2030-09-06
107,Kolkata,87450.0,2030-09-07
105,Delhi,81759.0,2030-09-08
109,Bangalore,89529.0,2030-09-09
104,Bangalore,87230.0,2030-09-10
103,Mumbai,61334.0,2030-09-11
104,Bangalore,80840.0,2030-09-12
105,Mumbai,36511.0,2030-09-13
106,Chennai,70965.0,2030-09-14
103,Bangalore,71482.0,2030-09-15
102,Bangalore,69440.0,2030-09-16
104,,49727.0,2030-09-17
105,Mumbai,79217.0,2030-09-18
104,Mumbai,61139.0,2030-09-19
103,Mumbai,49794.0,2030-09-20
108,Kolkata,32981.0,2030-09-21
104,Bangalore,42785.0,2030-09-22
102,Chennai,84740.0,2030-09-23
102,Delhi,44666.0,2030-09-24
101,Bangalore,65583.0,2030-09-25
104,Mumbai,35096.0,2030-09-26
109,Chennai,43950.0,2030-09-27
107,Kolkata,81169.0,2030-09-28
107,Chennai,36673.0,2030-09-29
107,Chennai,31742.0,2030-09-30
108,Bangalore,68488.0,2030-10-01
101,Chennai,66277.0,2030-10-02
108,Bangalore,75041.0,2030-10-03
104,Chennai,85538.0,2030-10-04
104,Mumbai,33534.0,2030-10-05
104,Delhi,44685.0,2030-10-06
106,Bangalore,35136.0,2030-10-07
107,Bangalore,35585.0,2030-10-08
106,Mumbai,57358.0,2030-10-09
101,Chennai,38554.0,2030-10-10
108,Delhi,74241.0,2030-10-11
107,Mumbai,86310.0,2030-10-12
106,Chennai,31634.0,2030-10-13
106,Bangalore,46908.0,2030-10-14
105,Chennai,51310.0,2030-10-15
106,Bangalore,45117.0,2030-10-16
109,,31722.0,2030-10-17
109,Bangalore,38611.0,2030-10-18
108,Delhi,86081.0,2030-10-19
109,Mumbai,85309.0,2030-10-20
108,Delhi,33864.0,2030-10-21
108,,31067.0,2030-10-22
101,Delhi,55976.0,2030-10-23
105,Mumbai,69206.0,2030-10-24
104,Mumbai,80571.0,2030-10-25
102,Kolkata,37271.0,2030-10-26
108,Mumbai,74093.0,2030-10-27
103,,41828.0,2030-10-28
104,Delhi,76900.0,2030-10-29
107,Delhi,61131.0,2030-10-30
109,Mumbai,50386.0,2030-10-31
102,Kolkata,79781.0,2030-11-01
103,Kolkata,76210.0,2030-11-02
104,Delhi,31834.0,2030-11-03
101,Delhi,84470.0,2030-11-04
107,Chennai,84152.0,2030-11-05
102,Delhi,83283.0,2030-11-06
105,Delhi,77894.0,2030-11-07
101,Delhi,85881.0,2030-11-08
103,Delhi,32353.0,2030-11-09
102,Mumbai,43878.0,2030-11-10
101,Delhi,82207.0,2030-11-11
107,Mumbai,41132.0,2030-11-12
105,Kolkata,38203.0,2030-11-13
101,Mumbai,40322.0,2030-11-14
106,Chennai,41295.0,2030-11-15
105,Delhi,88775.0,2030-11-16
103,Chennai,65925.0,2030-11-17
107,Mumbai,85234.0,2030-11-18
109,Chennai,52247.0,2030-11-19
109,Delhi,72394.0,2030-11-20
109,Kolkata,47340.0,2030-11-21
102,Mumbai,50242.0,2030-11-22
103,Mumbai,83960.0,2030-11-23
107,,52522.0,2030-11-24
105,Bangalore,74594.0,2030-11-25
102,Mumbai,42095.0,2030-11-26
103,,76335.0,2030-11-27
106,Mumbai,87584.0,2030-11-28
107,Delhi,70652.0,2030-11-29
109,,53425.0,2030-11-30
101,Mumbai,64723.0,2030-12-01
107,Kolkata,40204.0,2030-12-02
108,Delhi,34991.0,2030-12-03
103,Chennai,61626.0,2030-12-04
104,Bangalore,66833.0,2030-12-05
106,,46067.0,2030-12-06
107,Bangalore,43763.0,2030-12-07
104,Delhi,81955.0,2030-12-08
108,Chennai,74863.0,2030-12-09
105,Delhi,47408.0,2030-12-10
101,Kolkata,55176.0,2030-12-11
104,Kolkata,65097.0,2030-12-12
103,Bangalore,81850.0,2030-12-13
109,Kolkata,83846.0,2030-12-14
108,Delhi,78641.0,2030-12-15
101,Bangalore,65794.0,2030-12-16
106,Mumbai,54231.0,2030-12-17
109,Chennai,88486.0,2030-12-18
107,Delhi,31011.0,2030-12-19
104,Kolkata,53427.0,2030-12-20
101,Delhi,68392.0,2030-12-21
102,Chennai,88447.0,2030-12-22
105,Delhi,88990.0,2030-12-23
105,Kolkata,80852.0,2030-12-24
108,Delhi,45229.0,2030-12-25
106,Bangalore,43244.0,2030-12-26
108,Mumbai,46602.0,2030-12-27
102,Chennai,74548.0,2030-12-28
103,Mumbai,54462.0,2030-12-29
106,Chennai,55302.0,2030-12-30
103,Mumbai,53536.0,2030-12-31
106,Kolkata,52210.0,2031-01-01
106,Delhi,35585.0,2031-01-02
102,Mumbai,79130.0,2031-01-03
107,Bangalore,76873.0,2031-01-04
102,Delhi,87210.0,2031-01-05
106,Delhi,47195.0,2031-01-06
101,,44837.0,2031-01-07
103,,77161.0,2031-01-08
102,Chennai,35456.0,2031-01-09
107,Mumbai,86829.0,2031-01-10
104,Mumbai,84061.0,2031-01-11
108,Chennai,83861.0,2031-01-12
106,Delhi,67289.0,2031-01-13
104,,39775.0,2031-01-14
105,Mumbai,44099.0,2031-01-15
109,,66805.0,2031-01-16
107,Bangalore,71842.0,2031-01-17
109,Kolkata,76754.0,2031-01-18
107,Delhi,87163.0,2031-01-19
101,Kolkata,46815.0,2031-01-20
108,Mumbai,42226.0,2031-01-21
104,Chennai,87327.0,2031-01-22
103,Kolkata,60072.0,2031-01-23
107,Delhi,39139.0,2031-01-24
103,Bangalore,60060.0,2031-01-25
108,Bangalore,74867.0,2031-01-26
106,Mumbai,39859.0,2031-01-27
105,Bangalore,73942.0,2031-01-28
104,Mumbai,85700.0,2031-01-29
108,Mumbai,32539.0,2031-01-30
108,Chennai,73073.0,2031-01-31
101,Chennai,43199.0,2031-02-01
109,Mumbai,63158.0,2031-02-02
105,Kolkata,30082.0,2031-02-03
104,Kolkata,80154.0,2031-02-04
106,Bangalore,87824.0,2031-02-05
106,Bangalore,71736.0,2031-02-06
102,Mumbai,86548.0,2031-02-07
108,Chennai,42281.0,2031-02-08
107,Chennai,45120.0,2031-02-09
101,Delhi,39946.0,2031-02-10
105,Chennai,88592.0,2031-02-11
106,Mumbai,88480.0,2031-02-12
104,Delhi,40891.0,2031-02-13
102,Chennai,49640.0,2031-02-14
104,Chennai,56111.0,2031-02-15
101,Bangalore,82396.0,2031-02-16
107,Bangalore,68775.0,2031-02-17
102,,63290.0,2031-02-18
102,Bangalore,60604.0,2031-02-19
109,Chennai,64462.0,2031-02-20
105,Delhi,48636.0,2031-02-21
102,Delhi,34837.0,2031-02-22
109,Mumbai,41801.0,2031-02-23
109,Bangalore,53710.0,2031-02-24
101,Kolkata,71237.0,2031-02-25
103,Mumbai,61621.0,2031-02-26
104,Mumbai,79299.0,2031-02-27
107,Mumbai,70916.0,2031-02-28
104,Mumbai,43065.0,2031-03-01
102,,75474.0,2031-03-02
107,Chennai,89929.0,2031-03-03
106,Delhi,58230.0,2031-03-04
103,Chennai,66388.0,2031-03-05
106,Chennai,40631.0,2031-03-06
106,Chennai,59828.0,2031-03-07
105,Delhi,39131.0,2031-03-08
104,Bangalore,44307.0,2031-03-09
101,Delhi,33709.0,2031-03-10
106,Kolkata,78754.0,2031-03-11
102,Chennai,76683.0,2031-03-12
103,Bangalore,50721.0,2031-03-13
108,Mumbai,62194.0,2031-03-14
106,Delhi,35094.0,2031-03-15
103,Delhi,39415.0,2031-03-16
107,,78846.0,2031-03-17
104,Delhi,78244.0,2031-03-18
109,Delhi,43530.0,2031-03-19
105,,37472.0,2031-03-20
103,Bangalore,66131.0,2031-03-21
102,Kolkata,49407.0,2031-03-22
102,Delhi,48201.0,2031-03-23
103,Bangalore,57948.0,2031-03-24
102,Mumbai,76908.0,2031-03-25
104,Kolkata,79835.0,2031-03-26
102,Delhi,84659.0,2031-03-27
109,Bangalore,53115.0,2031-03-28
102,Kolkata,88576.0,2031-03-29
109,Bangalore,57961.0,2031-03-30
106,Bangalore,87960.0,2031-03-31
101,Delhi,77083.0,2031-04-01
104,Delhi,89417.0,2031-04-02
101,Chennai,82062.0,2031-04-03
106,Chennai,77182.0,2031-04-04
104,,32017.0,2031-04-05
103,Chennai,34223.0,2031-04-06
103,Bangalore,64952.0,2031-04-07
109,Kolkata,80509.0,2031-04-08
106,Delhi,53075.0,2031-04-09
109,Bangalore,36531.0,2031-04-10
105,Mumbai,34666.0,2031-04-11
102,Delhi,53781.0,2031-04-12
108,Kolkata,74023.0,2031-04-13
105,Bangalore,65236.0,2031-04-14
102,Bangalore,70059.0,2031-04-15
104,Bangalore,70023.0,2031-04-16
109,Bangalore,66688.0,2031-04-17
104,Delhi,34236.0,2031-04-18
104,Chennai,31939.0,2031-04-19
102,Bangalore,66624.0,2031-04-20
106,Kolkata,62818.0,2031-04-21
102,Delhi,86282.0,2031-04-22
107,Mumbai,45926.0,2031-04-23
103,Chennai,57552.0,2031-04-24
103,Kolkata,60100.0,2031-04-25
105,Bangalore,31360.0,2031-04-26
103,Chennai,69573.0,2031-04-27
102,,74696.0,2031-04-28
109,,41994.0,2031-04-29
102,Chennai,54941.0,2031-04-30
102,Chennai,57531.0,2031-05-01
108,Mumbai,85182.0,2031-05-02
109,Kolkata,65813.0,2031-05-03
107,Bangalore,89347.0,2031-05-04
103,,41093.0,2031-05-05
109,Delhi,63025.0,2031-05-06
103,Bangalore,41651.0,2031-05-07
105,Bangalore,62812.0,2031-05-08
109,Bangalore,54844.0,2031-05-09
103,Mumbai,47718.0,2031-05-10
107,Bangalore,79823.0,2031-05-11
101,Kolkata,78122.0,2031-05-12
104,Chennai,43589.0,2031-05-13
104,Mumbai,69768.0,2031-05-14
107,Chennai,50022.0,2031-05-15
108,Mumbai,77248.0,2031-05-16
101,Delhi,68853.0,2031-05-17
105,Chennai,30234.0,2031-05-18
107,Kolkata,36834.0,2031-05-19
104,Bangalore,45055.0,2031-05-20
104,Bangalore,33207.0,2031-05-21
104,Mumbai,84716.0,2031-05-22
106,Bangalore,32400.0,2031-05-23
107,Delhi,39609.0,2031-05-24
102,,51473.0,2031-05-25
105,Kolkata,75330.0,2031-05-26
104,Chennai,53935.0,2031-05-27
103,Bangalore,84157.0,2031-05-28
107,Kolkata,53874.0,2031-05-29
106,Bangalore,70508.0,2031-05-30
107,Mumbai,55015.0,2031-05-31
105,Delhi,84334.0,2031-06-01
106,Chennai,44184.0,2031-06-02
105,,76806.0,2031-06-03
107,Delhi,59543.0,2031-06-04
102,Delhi,30650.0,2031-06-05
105,Bangalore,62389.0,2031-06-06
106,Kolkata,79185.0,2031-06-07
106,Mumbai,57328.0,2031-06-08
105,Mumbai,49416.0,2031-06-09
107,Chennai,43119.0,2031-06-10
108,Bangalore,37644.0,2031-06-11
107,Delhi,80262.0,2031-06-12
105,Delhi,38653.0,2031-06-13
101,Chennai,44416.0,2031-06-14
105,Bangalore,54897.0,2031-06-15
102,,83662.0,2031-06-16
105,Chennai,31874.0,2031-06-17
105,Delhi,82191.0,2031-06-18
102,Bangalore,40429.0,2031-06-19
105,Bangalore,42213.0,2031-06-20
104,Delhi,78987.0,2031-06-21
101,,47640.0,2031-06-22
103,Kolkata,89783.0,2031-06-23
101,Mumbai,66008.0,2031-06-24
105,Mumbai,45802.0,2031-06-25
104,Delhi,46122.0,2031-06-26
107,Mumbai,83415.0,2031-06-27
105,Bangalore,51653.0,2031-06-28
104,Bangalore,73671.0,2031-06-29
102,,54101.0,2031-06-30
104,Delhi,31409.0,2031-07-01
102,Bangalore,73388.0,2031-07-02
108,Kolkata,64600.0,2031-07-03
103,Bangalore,48408.0,2031-07-04
109,Delhi,35736.0,2031-07-05
104,Mumbai,34993.0,2031-07-06
106,Mumbai,73871.0,2031-07-07
105,,77165.0,2031-07-08
101,,86786.0,2031-07-09
109,,61247.0,2031-07-10
101,Kolkata,84109.0,2031-07-11
108,Mumbai,58821.0,2031-07-12
109,,33213.0,2031-07-13
109,,73123.0,2031-07-14
101,Mumbai,59495.0,2031-07-15
102,Mumbai,36208.0,2031-07-16
101,Bangalore,39644.0,2031-07-17
102,Delhi,36453.0,2031-07-18
108,Delhi,81905.0,2031-07-19
105,,41093.0,2031-07-20
107,,76509.0,2031-07-21
102,Delhi,41263.0,2031-07-22
108,Bangalore,86480.0,2031-07-23
106,Kolkata,30305.0,2031-07-24
108,Chennai,64152.0,2031-07-25
101,Mumbai,62021.0,2031-07-26
101,Chennai,82519.0,2031-07-27
107,Kolkata,47958.0,2031-07-28
108,,30872.0,2031-07-29
103,Mumbai,71128.0,2031-07-30
105,Delhi,51962.0,2031-07-31
101,,72563.0,2031-08-01
107,Delhi,47414.0,2031-08-02
105,Chennai,86916.0,2031-08-03
108,Delhi,39926.0,2031-08-04
108,Mumbai,78259.0,2031-08-05
109,Bangalore,85883.0,2031-08-06
107,Delhi,69673.0,2031-08-07
101,,67210.0,2031-08-08
103,Delhi,45290.0,2031-08-09
108,Kolkata,33667.0,2031-08-10
103,Kolkata,47660.0,2031-08-11
108,Mumbai,36553.0,2031-08-12
101,Chennai,46926.0,2031-08-13
105,Mumbai,87698.0,2031-08-14
104,Kolkata,34808.0,2031-08-15
105,Bangalore,58612.0,2031-08-16
108,Mumbai,70499.0,2031-08-17
104,Bangalore,58015.0,2031-08-18
104,Chennai,63351.0,2031-08-19
103,,79662.0,2031-08-20
107,Delhi,85828.0,2031-08-21
103,Bangalore,85823.0,2031-08-22
103,Mumbai,39138.0,2031-08-23
105,Kolkata,70463.0,2031-08-24
105,Delhi,66241.0,2031-08-25
106,Chennai,31198.0,2031-08-26
108,Delhi,57447.0,2031-08-27
106,Bangalore,66763.0,2031-08-28
101,Kolkata,42113.0,2031-08-29
108,Kolkata,58749.0,2031-08-30
108,Kolkata,67303.0,2031-08-31
109,Bangalore,68639.0,2031-09-01
109,Kolkata,49687.0,2031-09-02
102,Bangalore,32447.0,2031-09-03
102,,39408.0,2031-09-04
103,Bangalore,86891.0,2031-09-05
101,Bangalore,69612.0,2031-09-06
104,Mumbai,47674.0,2031-09-07
104,Bangalore,42413.0,2031-09-08
109,Delhi,84986.0,2031-09-09
109,Kolkata,77937.0,2031-09-10
109,Chennai,37549.0,2031-09-11
107,,53071.0,2031-09-12
102,Delhi,38693.0,2031-09-13
105,Mumbai,73831.0,2031-09-14
104,Kolkata,86580.0,2031-09-15
108,Mumbai,46770.0,2031-09-16
102,Bangalore,71371.0,2031-09-17
106,Kolkata,32006.0,2031-09-18
105,Bangalore,35213.0,2031-09-19
102,Delhi,81299.0,2031-09-20
101,Kolkata,66636.0,2031-09-21
108,Delhi,39530.0,2031-09-22
102,Kolkata,77128.0,2031-09-23
107,Delhi,85189.0,2031-09-24
109,Chennai,36637.0,2031-09-25
109,Delhi,79504.0,2031-09-26
108,Chennai,34964.0,2031-09-27
109,Delhi,82340.0,2031-09-28
102,Kolkata,64070.0,2031-09-29
106,Bangalore,37749.0,2031-09-30
104,Delhi,30846.0,2031-10-01
104,Chennai,43390.0,2031-10-02
105,Bangalore,43735.0,2031-10-03
103,Delhi,53905.0,2031-10-04
101,Delhi,87869.0,2031-10-05
108,Bangalore,44876.0,2031-10-06
105,Delhi,43967.0,2031-10-07
103,Delhi,81676.0,2031-10-08
107,Mumbai,48262.0,2031-10-09
107,Chennai,66873.0,2031-10-10
101,Bangalore,50014.0,2031-10-11
109,Delhi,54054.0,2031-10-12
102,,59955.0,2031-10-13
105,Kolkata,53051.0,2031-10-14
105,Mumbai,58385.0,2031-10-15
108,Delhi,65587.0,2031-10-16
108,,85131.0,2031-10-17
107,Bangalore,57483.0,2031-10-18
107,Mumbai,57653.0,2031-10-19
106,Bangalore,70845.0,2031-10-20
106,Kolkata,74790.0,2031-10-21
109,Delhi,72018.0,2031-10-22
106,Kolkata,60894.0,2031-10-23
102,Chennai,81641.0,2031-10-24
102,Bangalore,59842.0,2031-10-25
105,Kolkata,84840.0,2031-10-26
104,Delhi,49648.0,2031-10-27
102,Bangalore,61756.0,2031-10-28
103,Bangalore,52407.0,2031-10-29
107,Bangalore,74561.0,2031-10-30
108,Mumbai,81445.0,2031-10-31
106,Mumbai,47058.0,2031-11-01
105,Delhi,40070.0,2031-11-02
101,Mumbai,69025.0,2031-11-03
108,Mumbai,63779.0,2031-11-04
103,Chennai,88137.0,2031-11-05
106,Delhi,46616.0,2031-11-06
103,Chennai,60373.0,2031-11-07
107,Mumbai,82179.0,2031-11-08
107,Delhi,82761.0,2031-11-09
109,Mumbai,64941.0,2031-11-10
105,Mumbai,66152.0,2031-11-11
108,Bangalore,81480.0,2031-11-12
108,Mumbai,30797.0,2031-11-13
101,,69889.0,2031-11-14
105,,,2031-11-15
103,Bangalore,77754.0,2031-11-16
101,Kolkata,82836.0,2031-11-17
104,Delhi,83639.0,2031-11-18
108,Bangalore,37690.0,2031-11-19
103,Chennai,42669.0,2031-11-20
102,Mumbai,48973.0,2031-11-21
109,Delhi,51085.0,2031-11-22
105,Delhi,58787.0,2031-11-23
107,Bangalore,55084.0,2031-11-24
102,Bangalore,54051.0,2031-11-25
109,Mumbai,85566.0,2031-11-26
109,Bangalore,80615.0,2031-11-27
104,Bangalore,41554.0,2031-11-28
104,Kolkata,82262.0,2031-11-29
106,Delhi,80199.0,2031-11-30
106,Kolkata,67639.0,2031-12-01
101,Chennai,43354.0,2031-12-02
109,Chennai,35289.0,2031-12-03
102,Chennai,83587.0,2031-12-04
105,Bangalore,54744.0,2031-12-05
109,Mumbai,47945.0,2031-12-06
104,Bangalore,54243.0,2031-12-07
103,,78599.0,2031-12-08
107,Bangalore,85957.0,2031-12-09
106,Delhi,86964.0,2031-12-10
108,Delhi,69054.0,2031-12-11
103,,54227.0,2031-12-12
105,Delhi,57748.0,2031-12-13
104,Delhi,46958.0,2031-12-14
104,Mumbai,76684.0,2031-12-15
104,,39934.0,2031-12-16
108,Mumbai,75530.0,2031-12-17
106,Bangalore,83168.0,2031-12-18
103,Chennai,40550.0,2031-12-19
105,Delhi,86379.0,2031-12-20
106,Kolkata,34024.0,2031-12-21
105,Bangalore,61772.0,2031-12-22
106,Bangalore,38722.0,2031-12-23
108,Kolkata,80142.0,2031-12-24
107,,32120.0,2031-12-25
105,Bangalore,60089.0,2031-12-26
106,Delhi,51348.0,2031-12-27
104,Kolkata,81593.0,2031-12-28
109,Bangalore,35877.0,2031-12-29
104,,73488.0,2031-12-30
101,,48904.0,2031-12-31
107,Delhi,50792.0,2032-01-01
107,,56037.0,2032-01-02
104,Mumbai,47335.0,2032-01-03
103,Chennai,44659.0,2032-01-04
108,Delhi,59684.0,2032-01-05
105,Kolkata,30964.0,2032-01-06
107,Chennai,64902.0,2032-01-07
104,Chennai,83606.0,2032-01-08
104,,88038.0,2032-01-09
108,Bangalore,65012.0,2032-01-10
108,Bangalore,65571.0,2032-01-11
102,Kolkata,33911.0,2032-01-12
102,Chennai,41216.0,2032-01-13
103,,31408.0,2032-01-14
103,,51621.0,2032-01-15
101,Mumbai,50977.0,2032-01-16
103,Bangalore,43195.0,2032-01-17
106,Mumbai,73938.0,2032-01-18
108,Chennai,87203.0,2032-01-19
106,Mumbai,87805.0,2032-01-20
105,Kolkata,70431.0,2032-01-21
104,Delhi,72577.0,2032-01-22
103,Delhi,37113.0,2032-01-23
104,Mumbai,70910.0,2032-01-24
107,Delhi,52761.0,2032-01-25
101,Chennai,54992.0,2032-01-26
107,Delhi,43778.0,2032-01-27
101,Delhi,51985.0,2032-01-28
102,Delhi,80540.0,2032-01-29
104,Kolkata,85448.0,2032-01-30
101,Kolkata,34367.0,2032-01-31
109,Delhi,75447.0,2032-02-01
106,Chennai,40786.0,2032-02-02
101,Bangalore,75780.0,2032-02-03
101,Mumbai,72706.0,2032-02-04
106,Chennai,74461.0,2032-02-05
104,Delhi,60908.0,2032-02-06
104,Kolkata,41051.0,2032-02-07
106,Delhi,66746.0,2032-02-08
107,,45611.0,2032-02-09
109,Delhi,34490.0,2032-02-10
105,Bangalore,80004.0,2032-02-11
109,,61313.0,2032-02-12
104,Delhi,36377.0,2032-02-13
102,Bangalore,39903.0,2032-02-14
103,Mumbai,44567.0,2032-02-15
101,Bangalore,52885.0,2032-02-16
106,Mumbai,89869.0,2032-02-17
106,Delhi,58222.0,2032-02-18
101,Chennai,87266.0,2032-02-19
103,Bangalore,78556.0,2032-02-20
105,Chennai,56606.0,2032-02-21
103,Mumbai,87580.0,2032-02-22
103,Mumbai,47440.0,2032-02-23
103,Bangalore,32260.0,2032-02-24
105,Bangalore,60267.0,2032-02-25
105,Mumbai,57002.0,2032-02-26
104,Mumbai,88369.0,2032-02-27
101,Mumbai,80060.0,2032-02-28
105,Delhi,46833.0,2032-02-29
105,Mumbai,79720.0,2032-03-01
104,Delhi,33498.0,2032-03-02
106,Chennai,76729.0,2032-03-03
104,Bangalore,40518.0,2032-03-04
107,Mumbai,42501.0,2032-03-05
107,Mumbai,52254.0,2032-03-06
102,Mumbai,64076.0,2032-03-07
103,Bangalore,45902.0,2032-03-08
101,,63485.0,2032-03-09
108,Chennai,55545.0,2032-03-10
109,Chennai,33345.0,2032-03-11
104,Kolkata,45370.0,2032-03-12
106,Mumbai,86366.0,2032-03-13
109,Delhi,86834.0,2032-03-14
106,Chennai,76721.0,2032-03-15
109,Delhi,89829.0,2032-03-16
104,Bangalore,58231.0,2032-03-17
108,Chennai,81870.0,2032-03-18
109,Kolkata,71863.0,2032-03-19
104,Mumbai,39642.0,2032-03-20
105,Bangalore,47839.0,2032-03-21
108,Chennai,53681.0,2032-03-22
106,Kolkata,37035.0,2032-03-23
107,Kolkata,83382.0,2032-03-24
103,,63299.0,2032-03-25
107,Delhi,65035.0,2032-03-26
108,Bangalore,79484.0,2032-03-27
106,Mumbai,84401.0,2032-03-28
109,Delhi,53583.0,2032-03-29
106,,52105.0,2032-03-30
109,,46130.0,2032-03-31
104,Delhi,43736.0,2032-04-01
108,Delhi,72281.0,2032-04-02
104,Mumbai,43815.0,2032-04-03
102,Kolkata,54396.0,2032-04-04
109,Mumbai,54312.0,2032-04-05
105,Delhi,42244.0,2032-04-06
104,Delhi,72668.0,2032-04-07
102,Bangalore,85652.0,2032-04-08
101,,41718.0,2032-04-09
107,Mumbai,46784.0,2032-04-10
106,Bangalore,60683.0,2032-04-11
102,Delhi,86191.0,2032-04-12
108,Bangalore,74590.0,2032-04-13
104,Chennai,73997.0,2032-04-14
108,Mumbai,61428.0,2032-04-15
107,Mumbai,66759.0,2032-04-16
105,Kolkata,88822.0,2032-04-17
108,Delhi,56490.0,2032-04-18
109,Chennai,80209.0,2032-04-19
105,Mumbai,70701.0,2032-04-20
105,Mumbai,77351.0,2032-04-21
102,Chennai,82145.0,2032-04-22
105,Kolkata,71001.0,2032-04-23
103,Bangalore,75856.0,2032-04-24
107,Delhi,89514.0,2032-04-25
105,Bangalore,46410.0,2032-04-26
108,Bangalore,82685.0,2032-04-27
101,Bangalore,65386.0,2032-04-28
103,Chennai,39362.0,2032-04-29
103,Delhi,69407.0,2032-04-30
109,Bangalore,85781.0,2032-05-01
105,Bangalore,54011.0,2032-05-02
109,Mumbai,37042.0,2032-05-03
109,Chennai,55286.0,2032-05-04
101,Mumbai,41391.0,2032-05-05
102,Mumbai,56999.0,2032-05-06
105,,32018.0,2032-05-07
104,Mumbai,42952.0,2032-05-08
109,Mumbai,46240.0,2032-05-09
107,Bangalore,51262.0,2032-05-10
106,,49282.0,2032-05-11
107,,52459.0,2032-05-12
101,Bangalore,64815.0,2032-05-13
101,Delhi,84354.0,2032-05-14
108,,47942.0,2032-05-15
102,Bangalore,31722.0,2032-05-16
109,Mumbai,66820.0,2032-05-17
107,Kolkata,31651.0,2032-05-18
106,Mumbai,51606.0,2032-05-19
101,Delhi,64546.0,2032-05-20
101,Kolkata,30683.0,2032-05-21
102,Bangalore,72239.0,2032-05-22
106,Mumbai,89638.0,2032-05-23
106,Mumbai,48394.0,2032-05-24
102,Bangalore,88559.0,2032-05-25
101,Mumbai,76705.0,2032-05-26
105,Mumbai,48966.0,2032-05-27
105,Chennai,56469.0,2032-05-28
102,Kolkata,38505.0,2032-05-29
106,Bangalore,70211.0,2032-05-30
109,Kolkata,35492.0,2032-05-31
102,Kolkata,46827.0,2032-06-01
102,Chennai,80823.0,2032-06-02
103,Mumbai,57492.0,2032-06-03
107,Kolkata,33266.0,2032-06-04
106,Bangalore,86577.0,2032-06-05
108,Delhi,35909.0,2032-06-06
108,Mumbai,42869.0,2032-06-07
106,Kolkata,69782.0,2032-06-08
103,Delhi,51863.0,2032-06-09
103,Delhi,74055.0,2032-06-10
101,Chennai,37819.0,2032-06-11
107,Kolkata,59136.0,2032-06-12
105,Chennai,84293.0,2032-06-13
104,Mumbai,44837.0,2032-06-14
104,Delhi,77954.0,2032-06-15
104,Chennai,40056.0,2032-06-16
106,Delhi,30715.0,2032-06-17
108,Chennai,47275.0,2032-06-18
108,Mumbai,50191.0,2032-06-19
105,,46884.0,2032-06-20
106,Bangalore,81792.0,2032-06-21
104,Mumbai,75462.0,2032-06-22
109,Kolkata,88697.0,2032-06-23
108,Mumbai,38894.0,2032-06-24
101,Mumbai,48717.0,2032-06-25
102,Kolkata,48578.0,2032-06-26
109,Mumbai,53321.0,2032-06-27
108,Bangalore,72969.0,2032-06-28
103,Mumbai,54959.0,2032-06-29
108,Delhi,89402.0,2032-06-30
101,Delhi,40515.0,2032-07-01
104,Chennai,39077.0,2032-07-02
103,Chennai,80743.0,2032-07-03
106,Mumbai,51443.0,2032-07-04
107,Mumbai,83550.0,2032-07-05
104,,40443.0,2032-07-06
107,,67208.0,2032-07-07
109,Bangalore,31783.0,2032-07-08
102,Kolkata,43113.0,2032-07-09
103,Chennai,35385.0,2032-07-10
105,Mumbai,66885.0,2032-07-11
103,Delhi,36982.0,2032-07-12
108,Delhi,65351.0,2032-07-13
108,Kolkata,72689.0,2032-07-14
108,Chennai,43407.0,2032-07-15
109,Chennai,45316.0,2032-07-16
104,Delhi,76524.0,2032-07-17
105,Chennai,54838.0,2032-07-18
105,Kolkata,57207.0,2032-07-19
108,Kolkata,78116.0,2032-07-20
107,Delhi,58402.0,2032-07-21
109,Chennai,32430.0,2032-07-22
108,Delhi,84821.0,2032-07-23
102,Chennai,69828.0,2032-07-24
104,Chennai,87735.0,2032-07-25
106,Delhi,32936.0,2032-07-26
102,Kolkata,41864.0,2032-07-27
107,Delhi,55115.0,2032-07-28
103,Kolkata,39307.0,2032-07-29
103,Mumbai,36709.0,2032-07-30
102,Chennai,59854.0,2032-07-31
108,,71843.0,2032-08-01
106,Mumbai,50707.0,2032-08-02
101,Bangalore,69384.0,2032-08-03
101,Bangalore,65187.0,2032-08-04
107,Delhi,31399.0,2032-08-05
108,Bangalore,72536.0,2032-08-06
105,Chennai,81236.0,2032-08-07
105,,54188.0,2032-08-08
104,Kolkata,44245.0,2032-08-09
106,Bangalore,75746.0,2032-08-10
106,Chennai,53371.0,2032-08-11
103,Kolkata,84308.0,2032-08-12
109,Bangalore,77204.0,2032-08-13
107,Delhi,62286.0,2032-08-14
101,Bangalore,51693.0,2032-08-15
107,Kolkata,64303.0,2032-08-16
105,Bangalore,51137.0,2032-08-17
105,Chennai,71049.0,2032-08-18
102,Delhi,45365.0,2032-08-19
104,,86200.0,2032-08-20
106,Bangalore,43450.0,2032-08-21
107,Chennai,34190.0,2032-08-22
105,Delhi,80806.0,2032-08-23
109,Delhi,72861.0,2032-08-24
103,Kolkata,73639.0,2032-08-25
101,,53937.0,2032-08-26
104,Mumbai,89514.0,2032-08-27
109,Delhi,37452.0,2032-08-28
104,Mumbai,87709.0,2032-08-29
102,Delhi,33960.0,2032-08-30
105,Delhi,69602.0,2032-08-31
103,Kolkata,60185.0,2032-09-01
109,,40564.0,2032-09-02
104,Delhi,77510.0,2032-09-03
106,Bangalore,35091.0,2032-09-04
102,Mumbai,79670.0,2032-09-05
106,Delhi,60519.0,2032-09-06
103,Mumbai,33710.0,2032-09-07
109,Bangalore,79981.0,2032-09-08
102,Delhi,89977.0,2032-09-09
109,Bangalore,69395.0,2032-09-10
105,Delhi,87614.0,2032-09-11
108,Mumbai,37988.0,2032-09-12
102,Delhi,65754.0,2032-09-13
106,Kolkata,58114.0,2032-09-14
103,Chennai,85927.0,2032-09-15
105,Kolkata,53074.0,2032-09-16
108,Mumbai,51198.0,2032-09-17
101,Mumbai,88351.0,2032-09-18
105,Mumbai,40509.0,2032-09-19
103,Delhi,55180.0,2032-09-20
104,Chennai,78068.0,2032-09-21
102,Mumbai,75433.0,2032-09-22
109,Mumbai,46560.0,2032-09-23
103,Bangalore,73281.0,2032-09-24
102,Bangalore,72674.0,2032-09-25
109,,87980.0,2032-09-26
107,Mumbai,68938.0,2032-09-27
106,Chennai,65391.0,2032-09-28
101,Mumbai,58731.0,2032-09-29
105,,49162.0,2032-09-30
103,Bangalore,78344.0,2032-10-01
101,Chennai,82904.0,2032-10-02
104,Delhi,55236.0,2032-10-03
102,Chennai,67133.0,2032-10-04
102,Mumbai,41379.0,2032-10-05
103,Bangalore,34340.0,2032-10-06
108,Kolkata,34755.0,2032-10-07
108,,78731.0,2032-10-08
107,Bangalore,87428.0,2032-10-09
106,Kolkata,82822.0,2032-10-10
109,Delhi,71866.0,2032-10-11
104,Kolkata,78759.0,2032-10-12
101,Chennai,49905.0,2032-10-13
108,Bangalore,48259.0,2032-10-14
107,Kolkata,61255.0,2032-10-15
107,Kolkata,66726.0,2032-10-16
103,Mumbai,64904.0,2032-10-17
104,Kolkata,73556.0,2032-10-18
109,Delhi,71813.0,2032-10-19
106,Kolkata,61614.0,2032-10-20
105,Chennai,30506.0,2032-10-21
103,Delhi,38599.0,2032-10-22
109,Chennai,51774.0,2032-10-23
105,Bangalore,38715.0,2032-10-24
105,Bangalore,51997.0,2032-10-25
104,Mumbai,85902.0,2032-10-26
104,Mumbai,65818.0,2032-10-27
101,Kolkata,44783.0,2032-10-28
107,Mumbai,61262.0,2032-10-29
109,Bangalore,53476.0,2032-10-30
103,Chennai,32397.0,2032-10-31
102,Delhi,70680.0,2032-11-01
103,Bangalore,57475.0,2032-11-02
101,Bangalore,87671.0,2032-11-03
106,Chennai,89179.0,2032-11-04
107,Mumbai,64077.0,2032-11-05
102,Bangalore,69970.0,2032-11-06
108,Mumbai,37700.0,2032-11-07
106,Kolkata,34718.0,2032-11-08
104,Delhi,57111.0,2032-11-09
105,,68718.0,2032-11-10
108,Chennai,40233.0,2032-11-11
103,Kolkata,44171.0,2032-11-12
103,Bangalore,40726.0,2032-11-13
104,Mumbai,56768.0,2032-11-14
101,,47139.0,2032-11-15
109,Delhi,30145.0,2032-11-16
108,Delhi,84268.0,2032-11-17
108,Mumbai,74782.0,2032-11-18
106,,49958.0,2032-11-19
107,Chennai,56203.0,2032-11-20
106,Bangalore,51307.0,2032-11-21
109,Chennai,64626.0,2032-11-22
103,Bangalore,67490.0,2032-11-23
103,Kolkata,33598.0,2032-11-24
103,Mumbai,43583.0,2032-11-25
103,Kolkata,77637.0,2032-11-26
109,Mumbai,47013.0,2032-11-27
104,Mumbai,77984.0,2032-11-28
107,Bangalore,74126.0,2032-11-29
109,Bangalore,66286.0,2032-11-30
107,Chennai,85710.0,2032-12-01
109,Mumbai,67120.0,2032-12-02
103,Mumbai,74874.0,2032-12-03
104,Bangalore,70197.0,2032-12-04
108,Bangalore,39096.0,2032-12-05
106,Delhi,35555.0,2032-12-06
105,Bangalore,62719.0,2032-12-07
104,Mumbai,37997.0,2032-12-08
108,Mumbai,40809.0,2032-12-09
101,Mumbai,57365.0,2032-12-10
109,,79259.0,2032-12-11
101,Chennai,55618.0,2032-12-12
108,Mumbai,55964.0,2032-12-13
104,Chennai,39868.0,2032-12-14
109,Kolkata,51882.0,2032-12-15
105,Bangalore,50639.0,2032-12-16
103,Kolkata,66963.0,2032-12-17
109,Delhi,71224.0,2032-12-18
109,Kolkata,66589.0,2032-12-19
104,Bangalore,79828.0,2032-12-20
104,Mumbai,59470.0,2032-12-21
108,Bangalore,74446.0,2032-12-22
102,,35178.0,2032-12-23
109,Kolkata,40898.0,2032-12-24
106,Bangalore,35566.0,2032-12-25
109,Delhi,50353.0,2032-12-26
108,Bangalore,68188.0,2032-12-27
107,Mumbai,63375.0,2032-12-28
101,Delhi,35674.0,2032-12-29
103,Bangalore,52272.0,2032-12-30
102,Kolkata,51716.0,2032-12-31
105,Chennai,53740.0,2033-01-01
105,Mumbai,53170.0,2033-01-02
105,Bangalore,65162.0,2033-01-03
104,,41051.0,2033-01-04
105,Chennai,38070.0,2033-01-05
103,Chennai,59472.0,2033-01-06
101,,88504.0,2033-01-07
105,Kolkata,84301.0,2033-01-08
109,Delhi,85441.0,2033-01-09
109,Mumbai,72807.0,2033-01-10
104,,88835.0,2033-01-11
103,Bangalore,64789.0,2033-01-12
101,Delhi,86936.0,2033-01-13
102,Bangalore,50982.0,2033-01-14
108,Chennai,61518.0,2033-01-15
101,,49399.0,2033-01-16
108,Mumbai,84462.0,2033-01-17
107,Bangalore,57313.0,2033-01-18
108,Kolkata,46110.0,2033-01-19
106,Mumbai,64816.0,2033-01-20
109,Delhi,52353.0,2033-01-21
103,,58530.0,2033-01-22
104,Bangalore,30893.0,2033-01-23
106,Bangalore,88431.0,2033-01-24
108,Chennai,75811.0,2033-01-25
105,Delhi,58724.0,2033-01-26
103,,56885.0,2033-01-27
106,Mumbai,74560.0,2033-01-28
104,Mumbai,43613.0,2033-01-29
109,Delhi,44316.0,2033-01-30
103,Mumbai,36087.0,2033-01-31
104,Kolkata,65701.0,2033-02-01
107,Kolkata,48665.0,2033-02-02
107,,71032.0,2033-02-03
104,Bangalore,64148.0,2033-02-04
106,Chennai,59622.0,2033-02-05
103,Bangalore,60298.0,2033-02-06
106,Kolkata,46867.0,2033-02-07
102,Chennai,71989.0,2033-02-08
108,Mumbai,74741.0,2033-02-09
102,Mumbai,43164.0,2033-02-10
107,Mumbai,50163.0,2033-02-11
109,Bangalore,36101.0,2033-02-12
101,,89175.0,2033-02-13
108,Mumbai,67722.0,2033-02-14
107,Delhi,89364.0,2033-02-15
106,Delhi,68721.0,2033-02-16
106,Kolkata,69048.0,2033-02-17
106,Mumbai,63546.0,2033-02-18
109,Mumbai,33475.0,2033-02-19
102,Mumbai,34723.0,2033-02-20
101,Chennai,44890.0,2033-02-21
106,Bangalore,53270.0,2033-02-22
108,Chennai,36713.0,2033-02-23
103,Mumbai,57853.0,2033-02-24
101,Bangalore,38601.0,2033-02-25
109,Delhi,47443.0,2033-02-26
101,Delhi,85525.0,2033-02-27
103,Bangalore,86546.0,2033-02-28
108,Mumbai,81461.0,2033-03-01
103,Chennai,47984.0,2033-03-02
104,Delhi,42735.0,2033-03-03
108,Delhi,48617.0,2033-03-04
101,Kolkata,56228.0,2033-03-05
106,Bangalore,86505.0,2033-03-06
101,Chennai,72257.0,2033-03-07
101,Kolkata,43974.0,2033-03-08
108,Bangalore,79503.0,2033-03-09
104,Kolkata,76492.0,2033-03-10
101,Bangalore,74182.0,2033-03-11
107,Mumbai,40623.0,2033-03-12
105,Mumbai,45395.0,2033-03-13
105,Bangalore,36469.0,2033-03-14
101,Mumbai,55040.0,2033-03-15
106,Mumbai,73473.0,2033-03-16
109,Mumbai,33166.0,2033-03-17
109,Delhi,51637.0,2033-03-18
108,Delhi,32209.0,2033-03-19
105,Delhi,38747.0,2033-03-20
101,Delhi,63067.0,2033-03-21
109,Mumbai,50250.0,2033-03-22
101,Bangalore,54931.0,2033-03-23
108,Delhi,76319.0,2033-03-24
105,Kolkata,63331.0,2033-03-25
103,Kolkata,42201.0,2033-03-26
107,Bangalore,84040.0,2033-03-27
107,Chennai,71982.0,2033-03-28
109,Mumbai,61305.0,2033-03-29
107,Delhi,47574.0,2033-03-30
103,,60859.0,2033-03-31
101,Delhi,82362.0,2033-04-01
108,,40096.0,2033-04-02
103,Bangalore,85530.0,2033-04-03
108,Mumbai,40228.0,2033-04-04
108,Bangalore,39218.0,2033-04-05
105,Bangalore,54831.0,2033-04-06
101,Delhi,48802.0,2033-04-07
107,Mumbai,77381.0,2033-04-08
105,Chennai,48947.0,2033-04-09
108,Bangalore,49335.0,2033-04-10
109,Mumbai,76861.0,2033-04-11
107,Mumbai,59907.0,2033-04-12
107,Kolkata,86535.0,2033-04-13
101,Bangalore,46653.0,2033-04-14
104,Bangalore,69387.0,2033-04-15
102,,52031.0,2033-04-16
102,Mumbai,39119.0,2033-04-17
102,Bangalore,87407.0,2033-04-18
104,Kolkata,34555.0,2033-04-19
101,Kolkata,76095.0,2033-04-20
104,Mumbai,31042.0,2033-04-21
102,Delhi,68212.0,2033-04-22
105,Chennai,84155.0,2033-04-23
103,Mumbai,34188.0,2033-04-24
108,,43060.0,2033-04-25
104,Delhi,88153.0,2033-04-26
101,Mumbai,40233.0,2033-04-27
101,Delhi,33088.0,2033-04-28
103,Chennai,31646.0,2033-04-29
109,Kolkata,43127.0,2033-04-30
107,Chennai,62615.0,2033-05-01
102,,30487.0,2033-05-02
109,Delhi,45453.0,2033-05-03
102,Delhi,82233.0,2033-05-04
103,Kolkata,64515.0,2033-05-05
102,Kolkata,88092.0,2033-05-06
103,Kolkata,46911.0,2033-05-07
106,Kolkata,47551.0,2033-05-08
109,Mumbai,83762.0,2033-05-09
109,Mumbai,46278.0,2033-05-10
107,,50856.0,2033-05-11
103,Mumbai,41931.0,2033-05-12
104,Mumbai,86813.0,2033-05-13
106,Chennai,52188.0,2033-05-14
105,Mumbai,30483.0,2033-05-15
102,Kolkata,30451.0,2033-05-16
106,Delhi,34069.0,2033-05-17
103,Kolkata,84807.0,2033-05-18
108,Chennai,43386.0,2033-05-19
102,Bangalore,37207.0,2033-05-20
101,Bangalore,67165.0,2033-05-21
109,Mumbai,68439.0,2033-05-22
103,Bangalore,82285.0,2033-05-23
101,Bangalore,48157.0,2033-05-24
107,Bangalore,52006.0,2033-05-25
105,Mumbai,39190.0,2033-05-26
105,Delhi,70180.0,2033-05-27
101,Delhi,48449.0,2033-05-28
109,Chennai,71357.0,2033-05-29
107,Delhi,59678.0,2033-05-30
108,Kolkata,44929.0,2033-05-31
109,Chennai,69100.0,2033-06-01
106,Kolkata,78747.0,2033-06-02
105,Kolkata,37913.0,2033-06-03
106,Delhi,39995.0,2033-06-04
102,Kolkata,56727.0,2033-06-05
104,Bangalore,31946.0,2033-06-06
103,Kolkata,66183.0,2033-06-07
107,Kolkata,31394.0,2033-06-08
109,Delhi,77852.0,2033-06-09
105,Mumbai,32421.0,2033-06-10
106,Bangalore,50303.0,2033-06-11
102,Chennai,70113.0,2033-06-12
103,Mumbai,49467.0,2033-06-13
103,Mumbai,70798.0,2033-06-14
109,Mumbai,54504.0,2033-06-15
107,Bangalore,40980.0,2033-06-16
108,,31844.0,2033-06-17
109,Kolkata,64572.0,2033-06-18
106,Bangalore,71849.0,2033-06-19
104,Delhi,48887.0,2033-06-20
101,Delhi,48277.0,2033-06-21
108,Bangalore,80818.0,2033-06-22
107,Kolkata,67112.0,2033-06-23
102,Mumbai,52975.0,2033-06-24
108,Bangalore,49449.0,2033-06-25
105,Kolkata,84227.0,2033-06-26
107,,74601.0,2033-06-27
104,Mumbai,49459.0,2033-06-28
105,Delhi,31259.0,2033-06-29
108,Mumbai,48604.0,2033-06-30
101,Chennai,84593.0,2033-07-01
101,,89762.0,2033-07-02
104,Delhi,43859.0,2033-07-03
103,Delhi,73798.0,2033-07-04
102,Kolkata,55362.0,2033-07-05
103,Chennai,57943.0,2033-07-06
101,,51319.0,2033-07-07
101,Mumbai,65215.0,2033-07-08
106,Bangalore,65897.0,2033-07-09
105,Delhi,81050.0,2033-07-10
108,Delhi,37697.0,2033-07-11
102,Bangalore,53075.0,2033-07-12
104,Mumbai,83655.0,2033-07-13
108,Delhi,61360.0,2033-07-14
106,Kolkata,58160.0,2033-07-15
101,Delhi,58735.0,2033-07-16
104,Chennai,61293.0,2033-07-17
101,Mumbai,33949.0,2033-07-18
102,Kolkata,40659.0,2033-07-19
105,Delhi,38010.0,2033-07-20
108,Kolkata,56769.0,2033-07-21
108,Delhi,53823.0,2033-07-22
103,Bangalore,46400.0,2033-07-23
104,Chennai,70727.0,2033-07-24
106,Delhi,69009.0,2033-07-25
103,Mumbai,44787.0,2033-07-26
102,Kolkata,37906.0,2033-07-27
106,Kolkata,82174.0,2033-07-28
105,Delhi,75953.0,2033-07-29
105,Delhi,43303.0,2033-07-30
105,Delhi,31266.0,2033-07-31
105,Delhi,63246.0,2033-08-01
103,,83448.0,2033-08-02
107,Bangalore,33977.0,2033-08-03
106,Bangalore,36068.0,2033-08-04
104,,74504.0,2033-08-05
102,Bangalore,83426.0,2033-08-06
109,Chennai,61227.0,2033-08-07
101,Mumbai,42740.0,2033-08-08
104,Mumbai,52797.0,2033-08-09
101,Bangalore,37791.0,2033-08-10
106,Delhi,30485.0,2033-08-11
104,Mumbai,75048.0,2033-08-12
105,Delhi,60695.0,2033-08-13
105,Delhi,67441.0,2033-08-14
109,Bangalore,30337.0,2033-08-15
101,Bangalore,55436.0,2033-08-16
102,Mumbai,45092.0,2033-08-17
106,Mumbai,86052.0,2033-08-18
105,Chennai,64771.0,2033-08-19
107,Delhi,31471.0,2033-08-20
103,Bangalore,85879.0,2033-08-21
103,Kolkata,81194.0,2033-08-22
102,Delhi,74388.0,2033-08-23
103,Kolkata,57696.0,2033-08-24
101,Kolkata,80671.0,2033-08-25
105,Delhi,36489.0,2033-08-26
105,Delhi,88045.0,2033-08-27
107,,83540.0,2033-08-28
104,Delhi,37856.0,2033-08-29
103,Kolkata,58611.0,2033-08-30
101,Bangalore,39365.0,2033-08-31
108,Mumbai,64373.0,2033-09-01
103,Delhi,35664.0,2033-09-02
102,Bangalore,53323.0,2033-09-03
104,Bangalore,56455.0,2033-09-04
103,Chennai,84269.0,2033-09-05
101,,35379.0,2033-09-06
103,Kolkata,74353.0,2033-09-07
102,Mumbai,32124.0,2033-09-08
108,Kolkata,76189.0,2033-09-09
106,Kolkata,61536.0,2033-09-10
109,,34991.0,2033-09-11
108,Bangalore,36794.0,2033-09-12
103,Kolkata,59218.0,2033-09-13
105,Bangalore,80598.0,2033-09-14
107,Mumbai,61113.0,2033-09-15
105,,66074.0,2033-09-16
108,Delhi,57977.0,2033-09-17
105,Delhi,58359.0,2033-09-18
101,Kolkata,81524.0,2033-09-19
105,Delhi,79302.0,2033-09-20
104,Kolkata,78673.0,2033-09-21
106,Chennai,48043.0,2033-09-22
103,Delhi,52523.0,2033-09-23
105,Bangalore,39070.0,2033-09-24
102,Kolkata,37199.0,2033-09-25
106,Bangalore,48703.0,2033-09-26
106,,49267.0,2033-09-27
105,Kolkata,44133.0,2033-09-28
106,Mumbai,86955.0,2033-09-29
107,Delhi,58571.0,2033-09-30
105,,56991.0,2033-10-01
101,Bangalore,80667.0,2033-10-02
108,Delhi,41579.0,2033-10-03
104,Kolkata,79741.0,2033-10-04
109,Kolkata,63355.0,2033-10-05
106,Chennai,49003.0,2033-10-06
101,Bangalore,51871.0,2033-10-07
103,Chennai,36223.0,2033-10-08
103,Chennai,44197.0,2033-10-09
104,Kolkata,39387.0,2033-10-10
106,,67121.0,2033-10-11
107,Bangalore,56902.0,2033-10-12
104,Kolkata,44839.0,2033-10-13
106,,65373.0,2033-10-14
101,Delhi,65306.0,2033-10-15
108,Delhi,43896.0,2033-10-16
107,Kolkata,71525.0,2033-10-17
109,Delhi,46198.0,2033-10-18
103,Delhi,64524.0,2033-10-19
102,Delhi,58651.0,2033-10-20
101,Mumbai,62636.0,2033-10-21
103,Mumbai,64128.0,2033-10-22
105,Mumbai,57144.0,2033-10-23
102,,48757.0,2033-10-24
103,Chennai,63963.0,2033-10-25
104,Chennai,48515.0,2033-10-26
107,Delhi,70777.0,2033-10-27
103,Chennai,52027.0,2033-10-28
109,Chennai,43792.0,2033-10-29
108,Chennai,88911.0,2033-10-30
104,Mumbai,45777.0,2033-10-31
101,Bangalore,49794.0,2033-11-01
101,Kolkata,62544.0,2033-11-02
101,Chennai,48751.0,2033-11-03
101,Chennai,61023.0,2033-11-04
108,Bangalore,49727.0,2033-11-05
103,Bangalore,77793.0,2033-11-06
106,Kolkata,53665.0,2033-11-07
103,Delhi,61126.0,2033-11-08
105,Chennai,49481.0,2033-11-09
107,,55836.0,2033-11-10
102,Kolkata,64101.0,2033-11-11
106,Mumbai,53549.0,2033-11-12
106,Mumbai,75604.0,2033-11-13
103,Chennai,33336.0,2033-11-14
106,Kolkata,38157.0,2033-11-15
105,Bangalore,82236.0,2033-11-16
102,Bangalore,66155.0,2033-11-17
109,Delhi,67481.0,2033-11-18
108,Chennai,86957.0,2033-11-19
103,Chennai,61567.0,2033-11-20
108,,67869.0,2033-11-21
109,Mumbai,32431.0,2033-11-22
103,Kolkata,63784.0,2033-11-23
103,Bangalore,47025.0,2033-11-24
102,Bangalore,50446.0,2033-11-25
108,Kolkata,38507.0,2033-11-26
101,Mumbai,89647.0,2033-11-27
108,Mumbai,63208.0,2033-11-28
107,Kolkata,47522.0,2033-11-29
107,Bangalore,77402.0,2033-11-30
103,Delhi,55490.0,2033-12-01
101,Bangalore,68011.0,2033-12-02
104,Bangalore,65071.0,2033-12-03
109,,77754.0,2033-12-04
105,Delhi,60413.0,2033-12-05
101,Kolkata,75102.0,2033-12-06
105,Delhi,44040.0,2033-12-07
108,Mumbai,68718.0,2033-12-08
108,Mumbai,37046.0,2033-12-09
105,Kolkata,69374.0,2033-12-10
109,Delhi,66189.0,2033-12-11
101,Kolkata,76202.0,2033-12-12
104,Bangalore,48462.0,2033-12-13
103,,68871.0,2033-12-14
102,Kolkata,50534.0,2033-12-15
108,Chennai,64968.0,2033-12-16
107,Kolkata,50935.0,2033-12-17
109,Chennai,85581.0,2033-12-18
102,Kolkata,70995.0,2033-12-19
104,Mumbai,39009.0,2033-12-20
106,Delhi,76989.0,2033-12-21
103,Chennai,76876.0,2033-12-22
108,Bangalore,31946.0,2033-12-23
103,Bangalore,66724.0,2033-12-24
102,Bangalore,75311.0,2033-12-25
103,Mumbai,81377.0,2033-12-26
106,Chennai,70483.0,2033-12-27
102,Delhi,33325.0,2033-12-28
108,,38699.0,2033-12-29
101,,33745.0,2033-12-30
107,,75076.0,2033-12-31
102,Mumbai,74837.0,2034-01-01
106,Bangalore,60794.0,2034-01-02
102,,54544.0,2034-01-03
102,,51198.0,2034-01-04
108,Kolkata,87803.0,2034-01-05
102,Bangalore,85255.0,2034-01-06
107,Bangalore,43489.0,2034-01-07
103,Kolkata,80557.0,2034-01-08
108,Mumbai,76116.0,2034-01-09
107,Chennai,52474.0,2034-01-10
108,Kolkata,86439.0,2034-01-11
107,Chennai,48420.0,2034-01-12
106,Bangalore,85186.0,2034-01-13
107,Bangalore,32677.0,2034-01-14
105,,85296.0,2034-01-15
107,Chennai,64512.0,2034-01-16
101,Kolkata,41175.0,2034-01-17
101,Chennai,73318.0,2034-01-18
109,Chennai,72191.0,2034-01-19
105,Chennai,31177.0,2034-01-20
105,Bangalore,30761.0,2034-01-21
103,Bangalore,67546.0,2034-01-22
105,Bangalore,36458.0,2034-01-23
103,Delhi,89698.0,2034-01-24
109,Mumbai,84775.0,2034-01-25
109,Delhi,83866.0,2034-01-26
106,Kolkata,50110.0,2034-01-27
101,Mumbai,72503.0,2034-01-28
107,Delhi,58253.0,2034-01-29
107,Delhi,48317.0,2034-01-30
104,Chennai,82713.0,2034-01-31
108,Delhi,58433.0,2034-02-01
106,Bangalore,37179.0,2034-02-02
104,Delhi,44849.0,2034-02-03
104,Kolkata,34444.0,2034-02-04
102,,32964.0,2034-02-05
102,,71990.0,2034-02-06
104,Bangalore,89891.0,2034-02-07
105,Chennai,89866.0,2034-02-08
108,Bangalore,42811.0,2034-02-09
106,Mumbai,40067.0,2034-02-10
104,Bangalore,69992.0,2034-02-11
107,Delhi,87933.0,2034-02-12
108,Kolkata,40472.0,2034-02-13
102,Mumbai,45126.0,2034-02-14
107,Bangalore,33101.0,2034-02-15
102,Bangalore,56990.0,2034-02-16
102,Bangalore,66665.0,2034-02-17
108,Kolkata,33678.0,2034-02-18
102,Chennai,64611.0,2034-02-19
109,Chennai,60729.0,2034-02-20
101,Bangalore,81090.0,2034-02-21
109,Delhi,89538.0,2034-02-22
101,Bangalore,59035.0,2034-02-23
102,,45958.0,2034-02-24
106,,87596.0,2034-02-25
106,Chennai,54250.0,2034-02-26
101,Mumbai,37083.0,2034-02-27
107,Delhi,51756.0,2034-02-28
108,Bangalore,31466.0,2034-03-01
102,Kolkata,79887.0,2034-03-02
108,Chennai,30339.0,2034-03-03
109,Kolkata,74547.0,2034-03-04
106,Chennai,80528.0,2034-03-05
105,Delhi,51103.0,2034-03-06
109,Delhi,47088.0,2034-03-07
109,Delhi,33724.0,2034-03-08
101,Bangalore,70957.0,2034-03-09
103,Mumbai,83570.0,2034-03-10
109,Chennai,51643.0,2034-03-11
102,Chennai,89318.0,2034-03-12
104,Mumbai,56044.0,2034-03-13
104,Delhi,40334.0,2034-03-14
102,Delhi,63320.0,2034-03-15
103,Chennai,66259.0,2034-03-16
103,Bangalore,30789.0,2034-03-17
101,Mumbai,63941.0,2034-03-18
106,Kolkata,30552.0,2034-03-19
108,Bangalore,49806.0,2034-03-20
103,Bangalore,66979.0,2034-03-21
105,Chennai,38823.0,2034-03-22
101,Kolkata,61980.0,2034-03-23
107,Chennai,79421.0,2034-03-24
101,Bangalore,30860.0,2034-03-25
109,Mumbai,30290.0,2034-03-26
108,Kolkata,72417.0,2034-03-27
107,Bangalore,44344.0,2034-03-28
107,Chennai,35870.0,2034-03-29
105,Kolkata,63397.0,2034-03-30
105,,69775.0,2034-03-31
105,Mumbai,46186.0,2034-04-01
101,Delhi,68711.0,2034-04-02
108,Mumbai,79626.0,2034-04-03
101,Kolkata,62265.0,2034-04-04
104,Mumbai,51016.0,2034-04-05
109,Delhi,34080.0,2034-04-06
109,Delhi,42972.0,2034-04-07
105,Mumbai,31760.0,2034-04-08
104,Delhi,41274.0,2034-04-09
103,Delhi,67476.0,2034-04-10
103,Chennai,53304.0,2034-04-11
105,Delhi,42166.0,2034-04-12
101,Delhi,33398.0,2034-04-13
105,Kolkata,60625.0,2034-04-14
106,Kolkata,77698.0,2034-04-15
107,Mumbai,40515.0,2034-04-16
109,Delhi,44705.0,2034-04-17
103,Chennai,66329.0,2034-04-18
102,Mumbai,89736.0,2034-04-19
103,Delhi,82996.0,2034-04-20
109,Delhi,40607.0,2034-04-21
107,Delhi,82956.0,2034-04-22
109,Bangalore,60006.0,2034-04-23
102,Kolkata,43018.0,2034-04-24
105,Kolkata,39816.0,2034-04-25
104,Bangalore,80660.0,2034-04-26
102,Bangalore,50494.0,2034-04-27
109,Chennai,51237.0,2034-04-28
109,Bangalore,36831.0,2034-04-29
106,Mumbai,70963.0,2034-04-30
106,Chennai,60541.0,2034-05-01
108,Kolkata,33447.0,2034-05-02
106,Mumbai,76448.0,2034-05-03
101,Kolkata,35584.0,2034-05-04
104,Bangalore,57156.0,2034-05-05
107,Bangalore,66559.0,2034-05-06
102,Delhi,51465.0,2034-05-07
109,Chennai,72120.0,2034-05-08
108,Kolkata,47217.0,2034-05-09
108,Chennai,77466.0,2034-05-10
107,Delhi,40190.0,2034-05-11
104,Delhi,35335.0,2034-05-12
102,Bangalore,84639.0,2034-05-13
103,Bangalore,36260.0,2034-05-14
106,Bangalore,55778.0,2034-05-15
105,,45605.0,2034-05-16
108,Chennai,48559.0,2034-05-17
106,Bangalore,72341.0,2034-05-18
106,Delhi,50557.0,2034-05-19
101,Delhi,65556.0,2034-05-20
104,Chennai,86612.0,2034-05-21
105,Kolkata,73781.0,2034-05-22
103,Chennai,75137.0,2034-05-23
109,Bangalore,54917.0,2034-05-24
101,Delhi,55937.0,2034-05-25
106,,61538.0,2034-05-26
106,,36721.0,2034-05-27
105,Bangalore,50575.0,2034-05-28
105,Delhi,37312.0,2034-05-29
105,Bangalore,87339.0,2034-05-30
106,Kolkata,77680.0,2034-05-31
108,Chennai,34616.0,2034-06-01
102,Chennai,63763.0,2034-06-02
106,Delhi,63124.0,2034-06-03
101,Delhi,54761.0,2034-06-04
104,Delhi,31693.0,2034-06-05
103,,32590.0,2034-06-06
109,Bangalore,60870.0,2034-06-07
103,Kolkata,39534.0,2034-06-08
106,Delhi,37921.0,2034-06-09
101,,31691.0,2034-06-10
106,Kolkata,72042.0,2034-06-11
104,Mumbai,81209.0,2034-06-12
108,Kolkata,32904.0,2034-06-13
109,Mumbai,74155.0,2034-06-14
104,Mumbai,83603.0,2034-06-15
106,Mumbai,74377.0,2034-06-16
101,,69705.0,2034-06-17
104,,60956.0,2034-06-18
107,Mumbai,48764.0,2034-06-19
101,Chennai,38208.0,2034-06-20
108,Chennai,45783.0,2034-06-21
106,Kolkata,38515.0,2034-06-22
105,Mumbai,32070.0,2034-06-23
109,Bangalore,47314.0,2034-06-24
102,Chennai,75514.0,2034-06-25
105,Delhi,43771.0,2034-06-26
106,Mumbai,61240.0,2034-06-27
107,Chennai,75612.0,2034-06-28
105,Mumbai,47828.0,2034-06-29
109,,74996.0,2034-06-30
101,Delhi,54978.0,2034-07-01
107,,82554.0,2034-07-02
107,Mumbai,50936.0,2034-07-03
104,Delhi,56082.0,2034-07-04
109,Mumbai,47905.0,2034-07-05
105,Kolkata,33098.0,2034-07-06
104,Kolkata,57020.0,2034-07-07
107,Mumbai,87272.0,2034-07-08
104,Delhi,86507.0,2034-07-09
103,Chennai,81339.0,2034-07-10
109,Bangalore,48952.0,2034-07-11
108,Kolkata,40985.0,2034-07-12
101,Delhi,38283.0,2034-07-13
107,Chennai,84099.0,2034-07-14
109,Chennai,76323.0,2034-07-15
108,,67708.0,2034-07-16
108,Chennai,34762.0,2034-07-17
106,Mumbai,64521.0,2034-07-18
104,Delhi,35054.0,2034-07-19
108,Chennai,43276.0,2034-07-20
103,Bangalore,84044.0,2034-07-21
109,Kolkata,35781.0,2034-07-22
102,Chennai,46471.0,2034-07-23
102,Bangalore,48025.0,2034-07-24
107,Bangalore,65730.0,2034-07-25
104,Bangalore,35413.0,2034-07-26
108,Mumbai,89486.0,2034-07-27
109,Delhi,37420.0,2034-07-28
107,Bangalore,71510.0,2034-07-29
105,Mumbai,73406.0,2034-07-30
108,Mumbai,69678.0,2034-07-31
104,Delhi,84325.0,2034-08-01
102,Delhi,56527.0,2034-08-02
106,Delhi,73250.0,2034-08-03
109,Chennai,84381.0,2034-08-04
101,Bangalore,42029.0,2034-08-05
107,Bangalore,71583.0,2034-08-06
109,Chennai,66525.0,2034-08-07
109,,67564.0,2034-08-08
103,Delhi,66060.0,2034-08-09
105,Bangalore,33832.0,2034-08-10
108,Mumbai,32611.0,2034-08-11
108,Bangalore,38353.0,2034-08-12
104,,89336.0,2034-08-13
101,Chennai,73042.0,2034-08-14
101,Chennai,57589.0,2034-08-15
104,Bangalore,70996.0,2034-08-16
106,Chennai,55421.0,2034-08-17
108,Delhi,41068.0,2034-08-18
106,Bangalore,85918.0,2034-08-19
109,Bangalore,86689.0,2034-08-20
109,Mumbai,84448.0,2034-08-21
102,Mumbai,33346.0,2034-08-22
101,Kolkata,66822.0,2034-08-23
102,Delhi,78760.0,2034-08-24
105,Delhi,34200.0,2034-08-25
104,Bangalore,77259.0,2034-08-26
104,Mumbai,38527.0,2034-08-27
109,Chennai,77013.0,2034-08-28
108,Chennai,40535.0,2034-08-29
106,Kolkata,47944.0,2034-08-30
101,Mumbai,70290.0,2034-08-31
102,Chennai,75941.0,2034-09-01
106,Kolkata,34164.0,2034-09-02
102,Mumbai,60022.0,2034-09-03
105,Mumbai,42438.0,2034-09-04
105,Kolkata,53104.0,2034-09-05
106,Delhi,88005.0,2034-09-06
106,Mumbai,84591.0,2034-09-07
106,Delhi,34852.0,2034-09-08
102,Delhi,85747.0,2034-09-09
103,Delhi,36713.0,2034-09-10
106,Bangalore,33183.0,2034-09-11
108,Chennai,61354.0,2034-09-12
101,Mumbai,88829.0,2034-09-13
101,Kolkata,38032.0,2034-09-14
102,Bangalore,44275.0,2034-09-15
106,,48793.0,2034-09-16
109,,67066.0,2034-09-17
104,Kolkata,48918.0,2034-09-18
103,,35599.0,2034-09-19
108,Chennai,62771.0,2034-09-20
109,Kolkata,43440.0,2034-09-21
105,Mumbai,41289.0,2034-09-22
109,Mumbai,73808.0,2034-09-23
102,Kolkata,76032.0,2034-09-24
103,Bangalore,79178.0,2034-09-25
107,Kolkata,35161.0,2034-09-26
107,Kolkata,30964.0,2034-09-27
106,Mumbai,45942.0,2034-09-28
106,Kolkata,85359.0,2034-09-29
102,Delhi,82248.0,2034-09-30
106,Mumbai,79223.0,2034-10-01
104,Bangalore,68369.0,2034-10-02
103,Mumbai,44184.0,2034-10-03
102,Bangalore,32947.0,2034-10-04
101,Bangalore,73275.0,2034-10-05
105,Mumbai,74857.0,2034-10-06
102,Kolkata,36238.0,2034-10-07
102,Chennai,83642.0,2034-10-08
107,Mumbai,43156.0,2034-10-09
108,Mumbai,32411.0,2034-10-10
108,Kolkata,45674.0,2034-10-11
104,Kolkata,38308.0,2034-10-12
101,Mumbai,73171.0,2034-10-13
107,Delhi,32924.0,2034-10-14
101,Kolkata,65605.0,2034-10-15
104,Chennai,30576.0,2034-10-16
108,Delhi,44641.0,2034-10-17
102,Bangalore,38963.0,2034-10-18
106,Bangalore,54291.0,2034-10-19
106,Kolkata,71159.0,2034-10-20
109,Mumbai,62728.0,2034-10-21
105,Bangalore,80907.0,2034-10-22
104,Delhi,71139.0,2034-10-23
105,,48789.0,2034-10-24
105,Kolkata,69651.0,2034-10-25
108,Chennai,87315.0,2034-10-26
108,Chennai,57899.0,2034-10-27
102,Bangalore,45658.0,2034-10-28
107,,68907.0,2034-10-29
108,Delhi,44184.0,2034-10-30
106,Kolkata,61747.0,2034-10-31
105,Mumbai,42965.0,2034-11-01
109,Mumbai,40493.0,2034-11-02
103,Bangalore,82140.0,2034-11-03
104,Kolkata,84936.0,2034-11-04
109,Kolkata,56178.0,2034-11-05
106,Bangalore,63887.0,2034-11-06
108,Bangalore,32214.0,2034-11-07
107,,38000.0,2034-11-08
102,Mumbai,38065.0,2034-11-09
103,Kolkata,72871.0,2034-11-10
101,Chennai,82053.0,2034-11-11
109,Mumbai,31085.0,2034-11-12
107,Delhi,79325.0,2034-11-13
101,Bangalore,76332.0,2034-11-14
103,Mumbai,33532.0,2034-11-15
104,Delhi,47622.0,2034-11-16
104,Delhi,34834.0,2034-11-17
105,Mumbai,50197.0,2034-11-18
103,Chennai,42008.0,2034-11-19
103,Kolkata,42962.0,2034-11-20
101,Delhi,77229.0,2034-11-21
107,Bangalore,86236.0,2034-11-22
101,Mumbai,77356.0,2034-11-23
102,Bangalore,38012.0,2034-11-24
104,Kolkata,81125.0,2034-11-25
104,Bangalore,50166.0,2034-11-26
105,Kolkata,48628.0,2034-11-27
102,Bangalore,39849.0,2034-11-28
104,Chennai,71372.0,2034-11-29
101,Bangalore,43767.0,2034-11-30
102,Kolkata,45111.0,2034-12-01
101,,69989.0,2034-12-02
104,Chennai,70582.0,2034-12-03
104,Kolkata,74370.0,2034-12-04
107,Delhi,75052.0,2034-12-05
109,,80534.0,2034-12-06
109,Delhi,78278.0,2034-12-07
105,Mumbai,63891.0,2034-12-08
101,Delhi,75289.0,2034-12-09
101,,51565.0,2034-12-10
106,Kolkata,83164.0,2034-12-11
102,,65011.0,2034-12-12
108,Kolkata,32589.0,2034-12-13
109,Bangalore,72738.0,2034-12-14
104,,80281.0,2034-12-15
105,,77398.0,2034-12-16
108,Bangalore,87988.0,2034-12-17
103,Delhi,74482.0,2034-12-18
105,Chennai,39749.0,2034-12-19
103,,52683.0,2034-12-20
103,Kolkata,34501.0,2034-12-21
103,Kolkata,53423.0,2034-12-22
107,,49157.0,2034-12-23
107,Kolkata,49169.0,2034-12-24
107,Kolkata,53324.0,2034-12-25
108,Chennai,31706.0,2034-12-26
105,Mumbai,81753.0,2034-12-27
105,Chennai,58219.0,2034-12-28
104,Bangalore,71334.0,2034-12-29
107,Kolkata,31612.0,2034-12-30
104,Bangalore,46838.0,2034-12-31
102,Delhi,67065.0,2035-01-01
104,Delhi,60427.0,2035-01-02
108,Chennai,80627.0,2035-01-03
109,Bangalore,45546.0,2035-01-04
103,Mumbai,78735.0,2035-01-05
107,Delhi,39045.0,2035-01-06
109,Bangalore,55299.0,2035-01-07
104,Delhi,31391.0,2035-01-08
103,Mumbai,73347.0,2035-01-09
105,Mumbai,71221.0,2035-01-10
101,Bangalore,70776.0,2035-01-11
103,Bangalore,62667.0,2035-01-12
108,Mumbai,45948.0,2035-01-13
108,Kolkata,55118.0,2035-01-14
104,Mumbai,87894.0,2035-01-15
102,Mumbai,68193.0,2035-01-16
108,Delhi,44157.0,2035-01-17
108,Mumbai,47021.0,2035-01-18
104,Delhi,38356.0,2035-01-19
103,Delhi,65573.0,2035-01-20
102,Chennai,87964.0,2035-01-21
109,Chennai,78215.0,2035-01-22
101,Bangalore,31223.0,2035-01-23
107,Kolkata,66110.0,2035-01-24
105,Delhi,54626.0,2035-01-25
108,,79640.0,2035-01-26
104,Delhi,60917.0,2035-01-27
107,Chennai,51526.0,2035-01-28
105,Delhi,38856.0,2035-01-29
105,Kolkata,80398.0,2035-01-30
109,Bangalore,68829.0,2035-01-31
109,Delhi,43532.0,2035-02-01
109,Chennai,81862.0,2035-02-02
106,Delhi,50745.0,2035-02-03
106,Kolkata,50336.0,2035-02-04
105,Chennai,60796.0,2035-02-05
109,Mumbai,57167.0,2035-02-06
108,Mumbai,30880.0,2035-02-07
107,Delhi,46818.0,2035-02-08
107,Chennai,68892.0,2035-02-09
106,Mumbai,54488.0,2035-02-10
105,Bangalore,67952.0,2035-02-11
104,,48368.0,2035-02-12
103,Mumbai,59028.0,2035-02-13
103,,43223.0,2035-02-14
106,Chennai,61395.0,2035-02-15
104,Mumbai,60261.0,2035-02-16
106,Bangalore,89966.0,2035-02-17
103,Chennai,39984.0,2035-02-18
104,Bangalore,32798.0,2035-02-19
109,Delhi,37603.0,2035-02-20
105,Delhi,76051.0,2035-02-21
107,Kolkata,41704.0,2035-02-22
102,Chennai,76088.0,2035-02-23
105,Bangalore,64261.0,2035-02-24
109,Delhi,81831.0,2035-02-25
103,Kolkata,45707.0,2035-02-26
109,,48009.0,2035-02-27
106,Delhi,89763.0,2035-02-28
104,Delhi,82169.0,2035-03-01
107,Kolkata,48231.0,2035-03-02
108,Kolkata,33246.0,2035-03-03
106,Chennai,88882.0,2035-03-04
105,,59825.0,2035-03-05
106,Chennai,45925.0,2035-03-06
105,Mumbai,31316.0,2035-03-07
108,Chennai,89063.0,2035-03-08
101,Chennai,48334.0,2035-03-09
107,,61072.0,2035-03-10
102,Mumbai,79375.0,2035-03-11
109,Bangalore,32026.0,2035-03-12
101,Kolkata,31547.0,2035-03-13
106,Mumbai,45289.0,2035-03-14
109,Mumbai,66546.0,2035-03-15
101,Kolkata,78886.0,2035-03-16
104,Bangalore,69279.0,2035-03-17
104,Chennai,52169.0,2035-03-18
109,Kolkata,70525.0,2035-03-19
105,Mumbai,50107.0,2035-03-20
105,,64291.0,2035-03-21
106,Chennai,57279.0,2035-03-22
101,Bangalore,48356.0,2035-03-23
101,Bangalore,75488.0,2035-03-24
109,,60043.0,2035-03-25
103,Mumbai,76342.0,2035-03-26
104,Mumbai,59966.0,2035-03-27
101,Mumbai,83756.0,2035-03-28
109,Mumbai,42795.0,2035-03-29
108,Bangalore,47000.0,2035-03-30
102,,50899.0,2035-03-31
108,Kolkata,51575.0,2035-04-01
107,Mumbai,52158.0,2035-04-02
106,Bangalore,78630.0,2035-04-03
101,Chennai,49005.0,2035-04-04
107,Delhi,75201.0,2035-04-05
107,Kolkata,48477.0,2035-04-06
109,Kolkata,89108.0,2035-04-07
101,Kolkata,49560.0,2035-04-08
102,Mumbai,55708.0,2035-04-09
109,Bangalore,70252.0,2035-04-10
109,Delhi,75176.0,2035-04-11
106,Mumbai,49954.0,2035-04-12
106,Bangalore,80218.0,2035-04-13
104,,60635.0,2035-04-14
104,Kolkata,48530.0,2035-04-15
105,,30705.0,2035-04-16
103,Kolkata,81510.0,2035-04-17
101,Delhi,76293.0,2035-04-18
101,Chennai,82686.0,2035-04-19
107,Delhi,66580.0,2035-04-20
101,Mumbai,57046.0,2035-04-21
101,Bangalore,74420.0,2035-04-22
103,Chennai,50152.0,2035-04-23
104,Chennai,61855.0,2035-04-24
104,Delhi,89278.0,2035-04-25
102,Delhi,85130.0,2035-04-26
101,Delhi,32319.0,2035-04-27
103,Delhi,38163.0,2035-04-28
104,Delhi,51605.0,2035-04-29
103,Chennai,30209.0,2035-04-30
108,Kolkata,34834.0,2035-05-01
101,Bangalore,61512.0,2035-05-02
102,Chennai,81959.0,2035-05-03
107,Mumbai,42446.0,2035-05-04
104,,33962.0,2035-05-05
108,Mumbai,43028.0,2035-05-06
103,Kolkata,89297.0,2035-05-07
106,,81542.0,2035-05-08
109,Kolkata,51903.0,2035-05-09
101,Delhi,41717.0,2035-05-10
101,Chennai,67562.0,2035-05-11
108,Delhi,60545.0,2035-05-12
103,Delhi,78997.0,2035-05-13
105,Delhi,65212.0,2035-05-14
101,,73543.0,2035-05-15
105,,71100.0,2035-05-16
106,Mumbai,87635.0,2035-05-17
108,Bangalore,82016.0,2035-05-18
103,,83329.0,2035-05-19
103,Bangalore,65375.0,2035-05-20
109,Mumbai,50320.0,2035-05-21
104,Bangalore,49301.0,2035-05-22
104,Kolkata,81370.0,2035-05-23
107,Bangalore,48181.0,2035-05-24
102,Kolkata,39168.0,2035-05-25
108,Bangalore,87923.0,2035-05-26
106,Mumbai,32573.0,2035-05-27
103,Mumbai,48973.0,2035-05-28
109,Delhi,66051.0,2035-05-29
105,Bangalore,72759.0,2035-05-30
108,Delhi,80613.0,2035-05-31
107,Kolkata,50801.0,2035-06-01
108,Bangalore,58644.0,2035-06-02
107,Kolkata,57523.0,2035-06-03
103,,63481.0,2035-06-04
102,Kolkata,48807.0,2035-06-05
107,,86372.0,2035-06-06
103,Bangalore,31890.0,2035-06-07
103,Delhi,,2035-06-08
102,,35375.0,2035-06-09
104,Kolkata,61305.0,2035-06-10
108,Kolkata,45579.0,2035-06-11
101,Chennai,39870.0,2035-06-12
101,Chennai,48531.0,2035-06-13
105,Delhi,39109.0,2035-06-14
105,Chennai,56842.0,2035-06-15
101,Delhi,40716.0,2035-06-16
106,Mumbai,48190.0,2035-06-17
101,Bangalore,78585.0,2035-06-18
105,Bangalore,66819.0,2035-06-19
109,Delhi,62433.0,2035-06-20
105,Kolkata,71519.0,2035-06-21
106,Kolkata,55204.0,2035-06-22
108,Chennai,76408.0,2035-06-23
101,Bangalore,72871.0,2035-06-24
102,,66530.0,2035-06-25
109,Delhi,74511.0,2035-06-26
103,Chennai,56384.0,2035-06-27
106,Delhi,89730.0,2035-06-28
105,Mumbai,40087.0,2035-06-29
102,Bangalore,42122.0,2035-06-30
107,Chennai,60898.0,2035-07-01
104,Delhi,45841.0,2035-07-02
101,Mumbai,55582.0,2035-07-03
104,Bangalore,87392.0,2035-07-04
106,Bangalore,40042.0,2035-07-05
107,Chennai,56505.0,2035-07-06
107,Mumbai,53294.0,2035-07-07
107,Bangalore,36173.0,2035-07-08
103,Delhi,48516.0,2035-07-09
106,Delhi,36932.0,2035-07-10
108,Bangalore,47909.0,2035-07-11
104,Chennai,60241.0,2035-07-12
108,Delhi,46712.0,2035-07-13
102,Delhi,32657.0,2035-07-14
109,Bangalore,59105.0,2035-07-15
109,Mumbai,71547.0,2035-07-16
108,Mumbai,60382.0,2035-07-17
101,Bangalore,52356.0,2035-07-18
102,Delhi,84520.0,2035-07-19
106,Delhi,85123.0,2035-07-20
105,Kolkata,49589.0,2035-07-21
109,Chennai,69601.0,2035-07-22
105,Chennai,85293.0,2035-07-23
102,Bangalore,53916.0,2035-07-24
104,Chennai,70675.0,2035-07-25
109,,64366.0,2035-07-26
101,Chennai,33851.0,2035-07-27
101,Mumbai,57048.0,2035-07-28
107,Bangalore,37582.0,2035-07-29
103,Bangalore,73777.0,2035-07-30
102,Bangalore,70591.0,2035-07-31
109,Bangalore,34607.0,2035-08-01
103,Kolkata,88752.0,2035-08-02
102,Chennai,35507.0,2035-08-03
108,Delhi,35934.0,2035-08-04
106,Delhi,71971.0,2035-08-05
106,Bangalore,51952.0,2035-08-06
107,Delhi,34659.0,2035-08-07
107,Mumbai,,2035-08-08
106,Mumbai,36242.0,2035-08-09
104,Mumbai,58620.0,2035-08-10
109,,55905.0,2035-08-11
106,Mumbai,40796.0,2035-08-12
104,Mumbai,77145.0,2035-08-13
103,Delhi,69379.0,2035-08-14
104,Bangalore,77543.0,2035-08-15
103,Delhi,69480.0,2035-08-16
102,Chennai,81175.0,2035-08-17
105,Delhi,85328.0,2035-08-18
102,Bangalore,67275.0,2035-08-19
106,Kolkata,43937.0,2035-08-20
103,Delhi,61531.0,2035-08-21
106,Bangalore,49569.0,2035-08-22
109,Bangalore,42343.0,2035-08-23
101,Kolkata,86875.0,2035-08-24
106,Bangalore,76803.0,2035-08-25
109,Bangalore,89937.0,2035-08-26
104,Kolkata,41533.0,2035-08-27
102,Bangalore,79347.0,2035-08-28
104,Mumbai,61132.0,2035-08-29
101,Delhi,61356.0,2035-08-30
103,Chennai,45438.0,2035-08-31
109,Kolkata,56366.0,2035-09-01
105,,43968.0,2035-09-02
106,,47490.0,2035-09-03
103,Kolkata,49173.0,2035-09-04
105,Chennai,40376.0,2035-09-05
108,Kolkata,55114.0,2035-09-06
106,Bangalore,51168.0,2035-09-07
104,Bangalore,30718.0,2035-09-08
102,Mumbai,69844.0,2035-09-09
109,Mumbai,66763.0,2035-09-10
101,Kolkata,30305.0,2035-09-11
101,Bangalore,51814.0,2035-09-12
104,Mumbai,71347.0,2035-09-13
107,Mumbai,71684.0,2035-09-14
101,Kolkata,60711.0,2035-09-15
109,Chennai,44177.0,2035-09-16
104,Bangalore,75970.0,2035-09-17
103,Bangalore,54570.0,2035-09-18
101,Bangalore,65364.0,2035-09-19
104,Delhi,77609.0,2035-09-20
109,Bangalore,48819.0,2035-09-21
106,Kolkata,89684.0,2035-09-22
106,Mumbai,87522.0,2035-09-23
101,Mumbai,61391.0,2035-09-24
102,Delhi,45788.0,2035-09-25
106,Bangalore,81055.0,2035-09-26
102,Delhi,78651.0,2035-09-27
103,Bangalore,39896.0,2035-09-28
104,Bangalore,82535.0,2035-09-29
105,Kolkata,50559.0,2035-09-30
109,Bangalore,53565.0,2035-10-01
104,Mumbai,50926.0,2035-10-02
109,Bangalore,43376.0,2035-10-03
103,Chennai,51875.0,2035-10-04
108,Delhi,77606.0,2035-10-05
101,Chennai,42857.0,2035-10-06
109,,87439.0,2035-10-07
109,Mumbai,31283.0,2035-10-08
102,Chennai,44920.0,2035-10-09
104,Kolkata,30247.0,2035-10-10
108,Bangalore,60846.0,2035-10-11
107,Chennai,36642.0,2035-10-12
101,Mumbai,47365.0,2035-10-13
105,Mumbai,67131.0,2035-10-14
107,Chennai,76719.0,2035-10-15
104,Chennai,47949.0,2035-10-16
101,,81293.0,2035-10-17
109,Mumbai,63503.0,2035-10-18
105,Bangalore,40851.0,2035-10-19
102,Mumbai,44406.0,2035-10-20
108,Delhi,44928.0,2035-10-21
102,Bangalore,46832.0,2035-10-22
103,Mumbai,37534.0,2035-10-23
101,Mumbai,31835.0,2035-10-24
102,Mumbai,34715.0,2035-10-25
107,Mumbai,63381.0,2035-10-26
102,,88777.0,2035-10-27
106,Kolkata,52618.0,2035-10-28
103,Delhi,84780.0,2035-10-29
104,Kolkata,30876.0,2035-10-30
108,Chennai,73535.0,2035-10-31
103,Kolkata,39325.0,2035-11-01
106,Mumbai,59446.0,2035-11-02
101,Bangalore,63439.0,2035-11-03
107,Kolkata,31630.0,2035-11-04
108,Mumbai,86591.0,2035-11-05
108,,63128.0,2035-11-06
103,Kolkata,44713.0,2035-11-07
101,,86525.0,2035-11-08
109,Mumbai,40584.0,2035-11-09
106,Mumbai,33901.0,2035-11-10
109,Mumbai,79949.0,2035-11-11
107,,80935.0,2035-11-12
101,Mumbai,77558.0,2035-11-13
101,Bangalore,86203.0,2035-11-14
106,Bangalore,46450.0,2035-11-15
105,Mumbai,57610.0,2035-11-16
109,Delhi,52061.0,2035-11-17
102,Bangalore,45314.0,2035-11-18
108,Kolkata,32090.0,2035-11-19
105,Delhi,56852.0,2035-11-20
102,Kolkata,52454.0,2035-11-21
106,Chennai,85084.0,2035-11-22
108,Chennai,41707.0,2035-11-23
104,Chennai,87577.0,2035-11-24
102,Mumbai,88566.0,2035-11-25
105,Bangalore,89888.0,2035-11-26
102,Kolkata,61567.0,2035-11-27
102,Mumbai,63823.0,2035-11-28
106,Bangalore,62007.0,2035-11-29
109,Delhi,69024.0,2035-11-30
104,Chennai,44141.0,2035-12-01
106,Bangalore,42746.0,2035-12-02
107,Bangalore,33347.0,2035-12-03
106,Delhi,39361.0,2035-12-04
108,,76436.0,2035-12-05
104,Mumbai,34101.0,2035-12-06
101,Chennai,70275.0,2035-12-07
107,Bangalore,78095.0,2035-12-08
103,Kolkata,71453.0,2035-12-09
106,Mumbai,65947.0,2035-12-10
102,Kolkata,62668.0,2035-12-11
109,Mumbai,74803.0,2035-12-12
101,Bangalore,85366.0,2035-12-13
106,Chennai,59610.0,2035-12-14
106,Kolkata,47747.0,2035-12-15
105,Chennai,45009.0,2035-12-16
105,Kolkata,53651.0,2035-12-17
101,Mumbai,74358.0,2035-12-18
105,,31056.0,2035-12-19
102,Delhi,62910.0,2035-12-20
107,Chennai,41507.0,2035-12-21
103,Bangalore,51215.0,2035-12-22
104,Bangalore,57349.0,2035-12-23
103,Mumbai,86951.0,2035-12-24
103,Bangalore,60375.0,2035-12-25
104,Delhi,40076.0,2035-12-26
105,Mumbai,81416.0,2035-12-27
101,Delhi,81076.0,2035-12-28
104,Bangalore,75005.0,2035-12-29
108,Delhi,65249.0,2035-12-30
107,Delhi,40082.0,2035-12-31
109,Delhi,86129.0,2036-01-01
105,Mumbai,70664.0,2036-01-02
104,Kolkata,49509.0,2036-01-03
108,,88285.0,2036-01-04
109,Delhi,88959.0,2036-01-05
107,Chennai,37050.0,2036-01-06
107,Chennai,68779.0,2036-01-07
105,Bangalore,89312.0,2036-01-08
104,Chennai,78098.0,2036-01-09
101,Mumbai,41414.0,2036-01-10
107,Bangalore,66918.0,2036-01-11
101,Mumbai,45876.0,2036-01-12
101,Delhi,88815.0,2036-01-13
105,Chennai,88402.0,2036-01-14
109,Bangalore,37004.0,2036-01-15
106,Mumbai,39198.0,2036-01-16
103,Bangalore,57766.0,2036-01-17
103,Kolkata,63988.0,2036-01-18
107,Kolkata,67429.0,2036-01-19
106,Chennai,67634.0,2036-01-20
109,Bangalore,31797.0,2036-01-21
106,Bangalore,68742.0,2036-01-22
105,Mumbai,43165.0,2036-01-23
107,Delhi,49255.0,2036-01-24
101,Mumbai,87857.0,2036-01-25
107,Bangalore,80769.0,2036-01-26
103,Bangalore,69773.0,2036-01-27
109,,85223.0,2036-01-28
106,Kolkata,34612.0,2036-01-29
109,Delhi,82909.0,2036-01-30
105,Delhi,81184.0,2036-01-31
107,Delhi,55280.0,2036-02-01
104,Chennai,72633.0,2036-02-02
107,Chennai,61528.0,2036-02-03
101,,74659.0,2036-02-04
107,Bangalore,40283.0,2036-02-05
108,Kolkata,34953.0,2036-02-06
105,Bangalore,50698.0,2036-02-07
102,Kolkata,83815.0,2036-02-08
105,Chennai,89121.0,2036-02-09
106,Chennai,69819.0,2036-02-10
102,Bangalore,75313.0,2036-02-11
106,Chennai,52016.0,2036-02-12
106,Bangalore,43248.0,2036-02-13
101,Delhi,84648.0,2036-02-14
101,Delhi,47276.0,2036-02-15
103,Bangalore,61008.0,2036-02-16
103,Bangalore,62213.0,2036-02-17
104,Delhi,47355.0,2036-02-18
102,Mumbai,46486.0,2036-02-19
109,Mumbai,45139.0,2036-02-20
107,Bangalore,78276.0,2036-02-21
107,Mumbai,88451.0,2036-02-22
106,Delhi,85203.0,2036-02-23
103,Delhi,51529.0,2036-02-24
106,Delhi,66014.0,2036-02-25
108,Kolkata,85006.0,2036-02-26
108,Mumbai,50096.0,2036-02-27
109,Chennai,60117.0,2036-02-28
101,Bangalore,76733.0,2036-02-29
101,,33417.0,2036-03-01
103,Mumbai,36445.0,2036-03-02
103,Delhi,35417.0,2036-03-03
108,Delhi,45494.0,2036-03-04
101,Mumbai,76134.0,2036-03-05
102,Chennai,83303.0,2036-03-06
102,Delhi,43302.0,2036-03-07
103,Mumbai,85669.0,2036-03-08
106,Kolkata,66427.0,2036-03-09
101,Bangalore,88263.0,2036-03-10
102,Delhi,70274.0,2036-03-11
101,Delhi,83704.0,2036-03-12
105,Delhi,62098.0,2036-03-13
107,,58803.0,2036-03-14
108,Kolkata,59164.0,2036-03-15
101,Kolkata,68441.0,2036-03-16
107,,64925.0,2036-03-17
105,Bangalore,79733.0,2036-03-18
101,Mumbai,63563.0,2036-03-19
103,Bangalore,41389.0,2036-03-20
107,Chennai,81035.0,2036-03-21
101,Kolkata,74327.0,2036-03-22
107,Bangalore,43490.0,2036-03-23
105,Bangalore,36044.0,2036-03-24
101,,71769.0,2036-03-25
101,Delhi,57509.0,2036-03-26
101,Kolkata,57844.0,2036-03-27
109,Delhi,51604.0,2036-03-28
103,Bangalore,57560.0,2036-03-29
105,Mumbai,30572.0,2036-03-30
109,Chennai,31206.0,2036-03-31
106,Bangalore,79051.0,2036-04-01
109,Mumbai,43096.0,2036-04-02
108,Kolkata,59550.0,2036-04-03
108,Chennai,82232.0,2036-04-04
101,Chennai,65228.0,2036-04-05
109,Delhi,89085.0,2036-04-06
106,Kolkata,50389.0,2036-04-07
109,Delhi,67693.0,2036-04-08
103,Mumbai,48997.0,2036-04-09
103,Delhi,64483.0,2036-04-10
106,Bangalore,77207.0,2036-04-11
109,Kolkata,51629.0,2036-04-12
107,Mumbai,64337.0,2036-04-13
103,Mumbai,47060.0,2036-04-14
103,Kolkata,76000.0,2036-04-15
102,Chennai,72793.0,2036-04-16
109,Kolkata,44605.0,2036-04-17
103,Mumbai,65281.0,2036-04-18
105,Chennai,71760.0,2036-04-19
109,Mumbai,39333.0,2036-04-20
108,,78993.0,2036-04-21
102,Bangalore,59787.0,2036-04-22
103,Chennai,43923.0,2036-04-23
102,Delhi,82204.0,2036-04-24
108,Mumbai,64799.0,2036-04-25
106,Delhi,80660.0,2036-04-26
106,Mumbai,72070.0,2036-04-27
109,Mumbai,34329.0,2036-04-28
108,Chennai,80064.0,2036-04-29
104,Delhi,84395.0,2036-04-30
104,Kolkata,35322.0,2036-05-01
109,Delhi,63823.0,2036-05-02
101,Mumbai,61076.0,2036-05-03
102,Kolkata,86782.0,2036-05-04
102,Chennai,69875.0,2036-05-05
106,Bangalore,68438.0,2036-05-06
104,Delhi,75149.0,2036-05-07
103,Chennai,43833.0,2036-05-08
103,Bangalore,48134.0,2036-05-09
103,Mumbai,37575.0,2036-05-10
106,Chennai,41363.0,2036-05-11
108,Bangalore,52771.0,2036-05-12
107,Delhi,58729.0,2036-05-13
104,,65780.0,2036-05-14
104,Kolkata,49812.0,2036-05-15
102,Delhi,74522.0,2036-05-16
101,Bangalore,52847.0,2036-05-17
109,Delhi,35138.0,2036-05-18
102,Kolkata,54932.0,2036-05-19
108,Chennai,85412.0,2036-05-20
109,Delhi,51639.0,2036-05-21
104,Delhi,78966.0,2036-05-22
108,Delhi,67159.0,2036-05-23
109,Bangalore,75580.0,2036-05-24
105,Chennai,76180.0,2036-05-25
107,Delhi,86699.0,2036-05-26
104,Mumbai,70090.0,2036-05-27
101,Mumbai,72577.0,2036-05-28
103,Mumbai,56199.0,2036-05-29
105,Mumbai,67992.0,2036-05-30
103,Bangalore,56241.0,2036-05-31
107,Chennai,37951.0,2036-06-01
109,,43837.0,2036-06-02
106,,74159.0,2036-06-03
101,Bangalore,42688.0,2036-06-04
107,Chennai,39787.0,2036-06-05
103,,64757.0,2036-06-06
105,Delhi,55104.0,2036-06-07
104,Delhi,32604.0,2036-06-08
105,Delhi,61269.0,2036-06-09
105,Bangalore,81559.0,2036-06-10
106,Kolkata,30063.0,2036-06-11
106,Mumbai,42152.0,2036-06-12
108,Bangalore,49196.0,2036-06-13
108,Bangalore,73781.0,2036-06-14
109,Delhi,66795.0,2036-06-15
108,Mumbai,44959.0,2036-06-16
102,Delhi,62869.0,2036-06-17
101,Delhi,61280.0,2036-06-18
102,Kolkata,57924.0,2036-06-19
102,Kolkata,74258.0,2036-06-20
103,Kolkata,57467.0,2036-06-21
107,Chennai,46056.0,2036-06-22
102,Kolkata,33135.0,2036-06-23
101,Chennai,47564.0,2036-06-24
106,Chennai,68277.0,2036-06-25
109,Chennai,57462.0,2036-06-26
103,Bangalore,86682.0,2036-06-27
106,Mumbai,32728.0,2036-06-28
103,Chennai,37631.0,2036-06-29
101,Mumbai,40884.0,2036-06-30
105,Bangalore,54974.0,2036-07-01
104,Bangalore,79556.0,2036-07-02
107,Mumbai,65641.0,2036-07-03
106,,78259.0,2036-07-04
107,Mumbai,66036.0,2036-07-05
105,Mumbai,49078.0,2036-07-06
104,Delhi,40274.0,2036-07-07
107,Kolkata,48851.0,2036-07-08
107,Bangalore,78526.0,2036-07-09
106,Chennai,83467.0,2036-07-10
108,Kolkata,81073.0,2036-07-11
104,Mumbai,33959.0,2036-07-12
105,Delhi,53224.0,2036-07-13
104,Delhi,88884.0,2036-07-14
101,Chennai,43894.0,2036-07-15
108,Chennai,56965.0,2036-07-16
101,Mumbai,67616.0,2036-07-17
105,Delhi,60558.0,2036-07-18
106,Delhi,89807.0,2036-07-19
106,Chennai,86775.0,2036-07-20
105,Delhi,82520.0,2036-07-21
103,Delhi,73945.0,2036-07-22
105,Mumbai,45690.0,2036-07-23
108,Chennai,87024.0,2036-07-24
102,Chennai,63447.0,2036-07-25
106,Bangalore,86658.0,2036-07-26
109,Chennai,47131.0,2036-07-27
108,Bangalore,57429.0,2036-07-28
108,,47705.0,2036-07-29
108,Delhi,87079.0,2036-07-30
107,Chennai,82900.0,2036-07-31
108,Bangalore,78710.0,2036-08-01
106,Delhi,52246.0,2036-08-02
102,Chennai,75110.0,2036-08-03
102,Mumbai,34789.0,2036-08-04
108,Mumbai,30533.0,2036-08-05
101,Mumbai,80970.0,2036-08-06
106,Mumbai,58776.0,2036-08-07
106,Bangalore,78302.0,2036-08-08
104,Bangalore,48725.0,2036-08-09
103,Chennai,36694.0,2036-08-10
103,Kolkata,35006.0,2036-08-11
101,Delhi,56998.0,2036-08-12
103,Bangalore,67313.0,2036-08-13
104,Kolkata,72428.0,2036-08-14
105,Delhi,86379.0,2036-08-15
103,Bangalore,60087.0,2036-08-16
106,Kolkata,67675.0,2036-08-17
105,Chennai,54362.0,2036-08-18
103,Delhi,34485.0,2036-08-19
106,Mumbai,31235.0,2036-08-20
106,Bangalore,73674.0,2036-08-21
108,,72668.0,2036-08-22
102,Delhi,78662.0,2036-08-23
101,,61983.0,2036-08-24
104,Mumbai,54039.0,2036-08-25
107,Mumbai,60416.0,2036-08-26
103,Bangalore,31145.0,2036-08-27
103,Chennai,53804.0,2036-08-28
105,Mumbai,77244.0,2036-08-29
105,Mumbai,31475.0,2036-08-30
103,Kolkata,82073.0,2036-08-31
109,,40047.0,2036-09-01
104,Mumbai,42156.0,2036-09-02
103,Delhi,60421.0,2036-09-03
102,Kolkata,57955.0,2036-09-04
109,Chennai,52063.0,2036-09-05
104,Delhi,78444.0,2036-09-06
103,,86848.0,2036-09-07
107,Delhi,51799.0,2036-09-08
108,Chennai,51322.0,2036-09-09
102,Bangalore,64372.0,2036-09-10
107,Bangalore,44932.0,2036-09-11
105,Mumbai,76361.0,2036-09-12
105,Chennai,74239.0,2036-09-13
103,,67815.0,2036-09-14
105,Bangalore,87895.0,2036-09-15
102,Bangalore,72964.0,2036-09-16
104,Mumbai,70943.0,2036-09-17
106,Kolkata,54003.0,2036-09-18
101,,52501.0,2036-09-19
104,Kolkata,87081.0,2036-09-20
106,Bangalore,61092.0,2036-09-21
109,,44983.0,2036-09-22
102,Delhi,59768.0,2036-09-23
107,Bangalore,64604.0,2036-09-24
106,Bangalore,52288.0,2036-09-25
102,Bangalore,76760.0,2036-09-26
108,Kolkata,36476.0,2036-09-27
107,Chennai,78837.0,2036-09-28
105,Delhi,62602.0,2036-09-29
105,Mumbai,86425.0,2036-09-30
107,Mumbai,72084.0,2036-10-01
109,Bangalore,80534.0,2036-10-02
109,Mumbai,39962.0,2036-10-03
109,Delhi,58439.0,2036-10-04
106,Chennai,33400.0,2036-10-05
106,Kolkata,54440.0,2036-10-06
103,,76697.0,2036-10-07
101,,54610.0,2036-10-08
107,Kolkata,81356.0,2036-10-09
104,Delhi,59575.0,2036-10-10
101,Kolkata,49728.0,2036-10-11
108,Mumbai,82166.0,2036-10-12
106,Chennai,59067.0,2036-10-13
106,Bangalore,54303.0,2036-10-14
102,Kolkata,75262.0,2036-10-15
101,Bangalore,72740.0,2036-10-16
102,Delhi,31628.0,2036-10-17
104,Bangalore,69532.0,2036-10-18
102,Delhi,39521.0,2036-10-19
101,,68513.0,2036-10-20
107,Bangalore,72519.0,2036-10-21
108,Bangalore,55380.0,2036-10-22
106,,89853.0,2036-10-23
104,Chennai,58923.0,2036-10-24
106,Mumbai,64058.0,2036-10-25
103,Mumbai,86162.0,2036-10-26
108,Bangalore,58880.0,2036-10-27
102,Kolkata,48970.0,2036-10-28
105,Kolkata,68891.0,2036-10-29
101,,34930.0,2036-10-30
106,Delhi,65318.0,2036-10-31
102,Mumbai,80107.0,2036-11-01
104,Delhi,71539.0,2036-11-02
106,Kolkata,72897.0,2036-11-03
108,Delhi,59843.0,2036-11-04
108,Delhi,79108.0,2036-11-05
106,Bangalore,62574.0,2036-11-06
104,Bangalore,81149.0,2036-11-07
108,Chennai,69751.0,2036-11-08
108,Bangalore,39857.0,2036-11-09
101,Bangalore,53513.0,2036-11-10
104,Bangalore,64898.0,2036-11-11
104,Kolkata,53593.0,2036-11-12
107,Mumbai,52683.0,2036-11-13
107,Mumbai,66508.0,2036-11-14
108,Mumbai,48884.0,2036-11-15
105,Delhi,88986.0,2036-11-16
107,Kolkata,86603.0,2036-11-17
108,Delhi,35307.0,2036-11-18
109,,42904.0,2036-11-19
103,Mumbai,69535.0,2036-11-20
103,Kolkata,47881.0,2036-11-21
104,Kolkata,59178.0,2036-11-22
105,Bangalore,43582.0,2036-11-23
101,Chennai,87965.0,2036-11-24
107,Mumbai,65912.0,2036-11-25
109,Bangalore,72911.0,2036-11-26
108,Mumbai,72419.0,2036-11-27
105,Bangalore,38025.0,2036-11-28
104,Kolkata,79444.0,2036-11-29
107,Mumbai,71614.0,2036-11-30
105,Kolkata,73944.0,2036-12-01
107,Mumbai,49188.0,2036-12-02
101,Bangalore,37604.0,2036-12-03
101,,69907.0,2036-12-04
103,Chennai,78979.0,2036-12-05
102,Chennai,57290.0,2036-12-06
102,Chennai,70596.0,2036-12-07
107,,36203.0,2036-12-08
102,Mumbai,80773.0,2036-12-09
104,Chennai,37871.0,2036-12-10
102,Bangalore,44662.0,2036-12-11
106,Delhi,66782.0,2036-12-12
108,Delhi,41445.0,2036-12-13
104,Mumbai,41038.0,2036-12-14
105,Bangalore,75840.0,2036-12-15
104,Kolkata,75822.0,2036-12-16
103,Kolkata,33505.0,2036-12-17
105,Bangalore,71478.0,2036-12-18
109,Delhi,49069.0,2036-12-19
108,Mumbai,44418.0,2036-12-20
108,Mumbai,46411.0,2036-12-21
108,Chennai,63033.0,2036-12-22
108,Delhi,39498.0,2036-12-23
107,Bangalore,77500.0,2036-12-24
108,,86257.0,2036-12-25
108,Chennai,86058.0,2036-12-26
108,Kolkata,51459.0,2036-12-27
107,Chennai,52203.0,2036-12-28
101,Mumbai,58030.0,2036-12-29
104,Delhi,79962.0,2036-12-30
104,Kolkata,51060.0,2036-12-31
105,Chennai,49774.0,2037-01-01
106,Bangalore,76917.0,2037-01-02
104,Delhi,63378.0,2037-01-03
102,Chennai,75248.0,2037-01-04
106,Delhi,89618.0,2037-01-05
108,Delhi,50930.0,2037-01-06
108,Mumbai,43493.0,2037-01-07
107,Bangalore,67795.0,2037-01-08
106,Delhi,43638.0,2037-01-09
102,Delhi,35724.0,2037-01-10
107,Chennai,30202.0,2037-01-11
105,Bangalore,63169.0,2037-01-12
106,Bangalore,32027.0,2037-01-13
108,Bangalore,76723.0,2037-01-14
108,,44807.0,2037-01-15
103,Delhi,58426.0,2037-01-16
107,Delhi,71849.0,2037-01-17
101,Chennai,30178.0,2037-01-18
101,Delhi,35817.0,2037-01-19
107,Bangalore,64747.0,2037-01-20
109,Bangalore,37185.0,2037-01-21
107,,89854.0,2037-01-22
105,Kolkata,33984.0,2037-01-23
108,,52049.0,2037-01-24
102,Delhi,51405.0,2037-01-25
109,Kolkata,84674.0,2037-01-26
106,Delhi,40236.0,2037-01-27
109,Chennai,51896.0,2037-01-28
102,Chennai,65751.0,2037-01-29
103,Delhi,44635.0,2037-01-30
108,Chennai,38542.0,2037-01-31
101,Delhi,67050.0,2037-02-01
107,Mumbai,74378.0,2037-02-02
107,,61342.0,2037-02-03
101,Delhi,84680.0,2037-02-04
109,Delhi,74790.0,2037-02-05
108,Bangalore,37988.0,2037-02-06
104,Kolkata,89311.0,2037-02-07
105,Delhi,62070.0,2037-02-08
102,Mumbai,61955.0,2037-02-09
109,Kolkata,42596.0,2037-02-10
106,Delhi,53659.0,2037-02-11
103,Mumbai,40416.0,2037-02-12
107,Kolkata,49171.0,2037-02-13
109,Bangalore,83778.0,2037-02-14
103,Kolkata,62577.0,2037-02-15
102,Delhi,85713.0,2037-02-16
107,,75303.0,2037-02-17
107,,52736.0,2037-02-18
104,Delhi,75271.0,2037-02-19
109,Delhi,34808.0,2037-02-20
108,,87781.0,2037-02-21
101,Bangalore,68656.0,2037-02-22
101,Bangalore,35737.0,2037-02-23
105,Chennai,65126.0,2037-02-24
106,Kolkata,87726.0,2037-02-25
103,Kolkata,59652.0,2037-02-26
109,Delhi,35390.0,2037-02-27
106,Mumbai,50600.0,2037-02-28
104,Kolkata,30406.0,2037-03-01
107,Kolkata,83492.0,2037-03-02
108,Chennai,62764.0,2037-03-03
109,,79217.0,2037-03-04
106,Chennai,62995.0,2037-03-05
106,Mumbai,75937.0,2037-03-06
108,Kolkata,48568.0,2037-03-07
105,Bangalore,40433.0,2037-03-08
103,Delhi,59377.0,2037-03-09
103,Mumbai,53184.0,2037-03-10
106,Kolkata,88856.0,2037-03-11
102,,86903.0,2037-03-12
106,Mumbai,78481.0,2037-03-13
106,Mumbai,39121.0,2037-03-14
108,Bangalore,58612.0,2037-03-15
107,Kolkata,52207.0,2037-03-16
108,Chennai,40795.0,2037-03-17
109,Bangalore,47564.0,2037-03-18
106,Chennai,78603.0,2037-03-19
103,Mumbai,71999.0,2037-03-20
103,Bangalore,31101.0,2037-03-21
101,Mumbai,64867.0,2037-03-22
105,Kolkata,30513.0,2037-03-23
104,Delhi,41324.0,2037-03-24
109,Chennai,45491.0,2037-03-25
109,Mumbai,43693.0,2037-03-26
105,Bangalore,45923.0,2037-03-27
104,Mumbai,64600.0,2037-03-28
107,Mumbai,89801.0,2037-03-29
106,Mumbai,89546.0,2037-03-30
104,Kolkata,40872.0,2037-03-31
102,Mumbai,73058.0,2037-04-01
101,Chennai,37137.0,2037-04-02
104,Bangalore,41358.0,2037-04-03
104,Bangalore,35807.0,2037-04-04
101,Bangalore,78650.0,2037-04-05
106,,56503.0,2037-04-06
104,Mumbai,44859.0,2037-04-07
101,Mumbai,82268.0,2037-04-08
101,,77905.0,2037-04-09
101,Delhi,52234.0,2037-04-10
108,Kolkata,41079.0,2037-04-11
108,Delhi,86750.0,2037-04-12
102,Chennai,60975.0,2037-04-13
107,Delhi,34343.0,2037-04-14
108,,34628.0,2037-04-15
108,Bangalore,52568.0,2037-04-16
107,Mumbai,58106.0,2037-04-17
105,Delhi,38981.0,2037-04-18
101,Mumbai,64068.0,2037-04-19
109,Chennai,64715.0,2037-04-20
107,Mumbai,32242.0,2037-04-21
102,Mumbai,88438.0,2037-04-22
106,Bangalore,78397.0,2037-04-23
102,Bangalore,80510.0,2037-04-24
101,Delhi,66424.0,2037-04-25
107,Delhi,79459.0,2037-04-26
102,Chennai,64218.0,2037-04-27
102,,70134.0,2037-04-28
105,Mumbai,81275.0,2037-04-29
105,Kolkata,84034.0,2037-04-30
107,Delhi,32842.0,2037-05-01
101,Mumbai,46017.0,2037-05-02
108,Bangalore,43836.0,2037-05-03
103,Mumbai,44186.0,2037-05-04
104,Bangalore,64432.0,2037-05-05
109,Kolkata,52757.0,2037-05-06
104,,77188.0,2037-05-07
105,Delhi,61116.0,2037-05-08
107,Mumbai,66716.0,2037-05-09
104,,88738.0,2037-05-10
101,Mumbai,50456.0,2037-05-11
109,Chennai,33634.0,2037-05-12
104,Mumbai,79366.0,2037-05-13
109,Mumbai,65840.0,2037-05-14
106,Delhi,50856.0,2037-05-15
101,Kolkata,32459.0,2037-05-16
103,Kolkata,66474.0,2037-05-17
102,Mumbai,61519.0,2037-05-18
109,Kolkata,47590.0,2037-05-19
101,Mumbai,38601.0,2037-05-20
109,Delhi,33469.0,2037-05-21
109,Kolkata,54791.0,2037-05-22
108,Bangalore,67615.0,2037-05-23
108,Mumbai,30348.0,2037-05-24
101,Mumbai,66419.0,2037-05-25
108,,32878.0,2037-05-26
103,Kolkata,41857.0,2037-05-27
107,Kolkata,67517.0,2037-05-28
101,Delhi,74029.0,2037-05-29
101,Kolkata,50378.0,2037-05-30
105,Mumbai,74072.0,2037-05-31
105,,30002.0,2037-06-01
108,Delhi,80269.0,2037-06-02
107,Mumbai,55658.0,2037-06-03
108,Bangalore,53267.0,2037-06-04
106,Kolkata,75462.0,2037-06-05
106,Kolkata,44353.0,2037-06-06
102,Mumbai,31517.0,2037-06-07
106,Bangalore,83998.0,2037-06-08
105,Kolkata,72855.0,2037-06-09
103,Delhi,49963.0,2037-06-10
106,Kolkata,89977.0,2037-06-11
108,,43175.0,2037-06-12
109,Delhi,81531.0,2037-06-13
101,Delhi,88356.0,2037-06-14
103,Mumbai,83416.0,2037-06-15
103,Delhi,81975.0,2037-06-16
108,Bangalore,60367.0,2037-06-17
101,Chennai,47232.0,2037-06-18
105,Bangalore,89048.0,2037-06-19
103,Delhi,67804.0,2037-06-20
102,Chennai,79357.0,2037-06-21
108,Chennai,56468.0,2037-06-22
103,,30520.0,2037-06-23
107,Delhi,82728.0,2037-06-24
101,Chennai,51497.0,2037-06-25
106,,78473.0,2037-06-26
103,Bangalore,56927.0,2037-06-27
108,Mumbai,36258.0,2037-06-28
106,Delhi,85959.0,2037-06-29
102,Kolkata,64902.0,2037-06-30
106,Mumbai,45454.0,2037-07-01
107,,67606.0,2037-07-02
105,Kolkata,81627.0,2037-07-03
103,Mumbai,84969.0,2037-07-04
104,Bangalore,50929.0,2037-07-05
104,Delhi,54177.0,2037-07-06
106,Mumbai,30785.0,2037-07-07
101,Chennai,38143.0,2037-07-08
104,Chennai,54092.0,2037-07-09
104,Mumbai,77818.0,2037-07-10
101,Kolkata,83249.0,2037-07-11
109,Mumbai,84349.0,2037-07-12
104,Bangalore,43635.0,2037-07-13
107,Bangalore,40982.0,2037-07-14
103,Mumbai,43409.0,2037-07-15
103,,78756.0,2037-07-16
108,Chennai,48541.0,2037-07-17
108,Bangalore,88022.0,2037-07-18
101,Bangalore,33528.0,2037-07-19
102,Delhi,66327.0,2037-07-20
108,Mumbai,76888.0,2037-07-21
101,Chennai,54518.0,2037-07-22
108,,54946.0,2037-07-23
108,Kolkata,62080.0,2037-07-24
102,Mumbai,65705.0,2037-07-25
104,Bangalore,54556.0,2037-07-26
106,Delhi,70906.0,2037-07-27
109,Delhi,67909.0,2037-07-28
108,Bangalore,79873.0,2037-07-29
108,Bangalore,80075.0,2037-07-30
107,Mumbai,51775.0,2037-07-31
109,Chennai,54041.0,2037-08-01
102,Chennai,30835.0,2037-08-02
103,Mumbai,81645.0,2037-08-03
108,Kolkata,65747.0,2037-08-04
106,Mumbai,73285.0,2037-08-05
109,Bangalore,74884.0,2037-08-06
104,Kolkata,65192.0,2037-08-07
108,Bangalore,77335.0,2037-08-08
103,,46104.0,2037-08-09
103,Delhi,44927.0,2037-08-10
108,Bangalore,34521.0,2037-08-11
105,Bangalore,74086.0,2037-08-12
103,Chennai,44280.0,2037-08-13
101,Kolkata,77544.0,2037-08-14
103,Chennai,60753.0,2037-08-15
109,Kolkata,81528.0,2037-08-16
105,Mumbai,77948.0,2037-08-17
102,Mumbai,79605.0,2037-08-18
107,Chennai,33459.0,2037-08-19
102,Bangalore,59435.0,2037-08-20
104,,58077.0,2037-08-21
107,Delhi,82699.0,2037-08-22
104,Mumbai,31148.0,2037-08-23
107,Bangalore,79674.0,2037-08-24
107,Kolkata,67345.0,2037-08-25
101,,61036.0,2037-08-26
106,Mumbai,79273.0,2037-08-27
109,Delhi,50002.0,2037-08-28
102,Bangalore,78440.0,2037-08-29
103,Mumbai,69398.0,2037-08-30
105,,66490.0,2037-08-31
109,Bangalore,82235.0,2037-09-01
104,Mumbai,89516.0,2037-09-02
101,Mumbai,35930.0,2037-09-03
104,Mumbai,43388.0,2037-09-04
106,Kolkata,85875.0,2037-09-05
105,Delhi,83965.0,2037-09-06
101,Mumbai,49691.0,2037-09-07
104,,33642.0,2037-09-08
106,Delhi,49201.0,2037-09-09
104,Chennai,37421.0,2037-09-10
109,Mumbai,69815.0,2037-09-11
105,Bangalore,43554.0,2037-09-12
108,Delhi,88828.0,2037-09-13
109,Mumbai,87620.0,2037-09-14
105,Bangalore,35588.0,2037-09-15
106,Mumbai,53771.0,2037-09-16
101,Bangalore,55824.0,2037-09-17
107,Mumbai,78028.0,2037-09-18
104,Chennai,39316.0,2037-09-19
102,,72617.0,2037-09-20
105,Delhi,72713.0,2037-09-21
103,Mumbai,75562.0,2037-09-22
106,Kolkata,58234.0,2037-09-23
108,Chennai,49786.0,2037-09-24
107,Delhi,67100.0,2037-09-25
103,Bangalore,45329.0,2037-09-26
108,Mumbai,45698.0,2037-09-27
102,Delhi,55327.0,2037-09-28
109,,77609.0,2037-09-29
104,Kolkata,46548.0,2037-09-30
101,Chennai,69757.0,2037-10-01
108,Mumbai,89036.0,2037-10-02
107,Delhi,48340.0,2037-10-03
105,Kolkata,33860.0,2037-10-04
105,Delhi,49159.0,2037-10-05
107,Mumbai,57865.0,2037-10-06
105,Mumbai,64536.0,2037-10-07
108,Bangalore,89767.0,2037-10-08
106,Mumbai,61755.0,2037-10-09
105,Mumbai,43743.0,2037-10-10
109,Kolkata,36226.0,2037-10-11
102,Chennai,42718.0,2037-10-12
101,Delhi,74656.0,2037-10-13
108,Chennai,69389.0,2037-10-14
103,Mumbai,79934.0,2037-10-15
107,Bangalore,86972.0,2037-10-16
108,Chennai,55530.0,2037-10-17
106,Mumbai,89336.0,2037-10-18
109,Mumbai,89003.0,2037-10-19
107,Chennai,62908.0,2037-10-20
105,,79871.0,2037-10-21
108,Bangalore,31650.0,2037-10-22
102,Delhi,70653.0,2037-10-23
107,Mumbai,82725.0,2037-10-24
104,Mumbai,77032.0,2037-10-25
109,Mumbai,63783.0,2037-10-26
101,Bangalore,83535.0,2037-10-27
107,Chennai,77458.0,2037-10-28
106,Delhi,71302.0,2037-10-29
108,Mumbai,36292.0,2037-10-30
105,Bangalore,52737.0,2037-10-31
101,Mumbai,55551.0,2037-11-01
101,,73543.0,2037-11-02
109,Bangalore,49504.0,2037-11-03
106,Kolkata,46371.0,2037-11-04
105,Kolkata,80975.0,2037-11-05
101,Kolkata,50810.0,2037-11-06
106,Delhi,59036.0,2037-11-07
106,,79162.0,2037-11-08
103,Delhi,45547.0,2037-11-09
108,Delhi,83756.0,2037-11-10
101,Bangalore,57203.0,2037-11-11
101,Delhi,88812.0,2037-11-12
106,Delhi,39305.0,2037-11-13
101,Mumbai,38813.0,2037-11-14
106,Mumbai,30900.0,2037-11-15
101,Chennai,33747.0,2037-11-16
106,Delhi,75024.0,2037-11-17
103,Bangalore,80623.0,2037-11-18
108,,53245.0,2037-11-19
106,Bangalore,33103.0,2037-11-20
101,Chennai,71286.0,2037-11-21
105,,30073.0,2037-11-22
108,Delhi,79402.0,2037-11-23
103,Bangalore,32497.0,2037-11-24
106,Kolkata,59577.0,2037-11-25
105,,89746.0,2037-11-26
106,Chennai,51012.0,2037-11-27
101,Delhi,38487.0,2037-11-28
107,,79449.0,2037-11-29
109,Delhi,60023.0,2037-11-30
102,Mumbai,54877.0,2037-12-01
105,Mumbai,75567.0,2037-12-02
104,Bangalore,87928.0,2037-12-03
106,Kolkata,36517.0,2037-12-04
106,Kolkata,74584.0,2037-12-05
102,Chennai,76173.0,2037-12-06
102,Delhi,80786.0,2037-12-07
104,Bangalore,84157.0,2037-12-08
101,Chennai,85181.0,2037-12-09
109,Bangalore,71012.0,2037-12-10
107,,35615.0,2037-12-11
107,Kolkata,40468.0,2037-12-12
103,Chennai,40879.0,2037-12-13
103,Delhi,61955.0,2037-12-14
101,Chennai,81996.0,2037-12-15
103,,43078.0,2037-12-16
103,Mumbai,84775.0,2037-12-17
104,Kolkata,34590.0,2037-12-18
104,Mumbai,84100.0,2037-12-19
103,Bangalore,40910.0,2037-12-20
108,Chennai,74895.0,2037-12-21
108,Chennai,61976.0,2037-12-22
101,Kolkata,51574.0,2037-12-23
107,Mumbai,70652.0,2037-12-24
102,Mumbai,52716.0,2037-12-25
101,Chennai,63430.0,2037-12-26
103,Delhi,38199.0,2037-12-27
104,Bangalore,85627.0,2037-12-28
106,Delhi,82239.0,2037-12-29
105,Delhi,83913.0,2037-12-30
104,Chennai,63436.0,2037-12-31
108,Chennai,57740.0,2038-01-01
104,Delhi,39477.0,2038-01-02
102,Mumbai,82772.0,2038-01-03
103,Delhi,30160.0,2038-01-04
106,Bangalore,73358.0,2038-01-05
108,Delhi,74205.0,2038-01-06
108,Bangalore,36460.0,2038-01-07
109,Chennai,46401.0,2038-01-08
107,Chennai,65301.0,2038-01-09
102,Mumbai,52894.0,2038-01-10
108,Chennai,67214.0,2038-01-11
107,,89919.0,2038-01-12
108,Mumbai,75927.0,2038-01-13
103,Mumbai,68322.0,2038-01-14
107,Bangalore,78036.0,2038-01-15
109,Mumbai,73277.0,2038-01-16
103,Chennai,32918.0,2038-01-17
106,Kolkata,76147.0,2038-01-18
102,Bangalore,55629.0,2038-01-19
102,Chennai,46699.0,2038-01-20
105,Chennai,76900.0,2038-01-21
105,Delhi,83984.0,2038-01-22
107,Delhi,81363.0,2038-01-23
102,Kolkata,37069.0,2038-01-24
107,,71279.0,2038-01-25
105,Kolkata,84285.0,2038-01-26
106,,69190.0,2038-01-27
108,Mumbai,34527.0,2038-01-28
104,Mumbai,49099.0,2038-01-29
107,Mumbai,87977.0,2038-01-30
106,Delhi,45622.0,2038-01-31
102,Kolkata,56281.0,2038-02-01
108,,69433.0,2038-02-02
109,Kolkata,69875.0,2038-02-03
105,Bangalore,45531.0,2038-02-04
104,Mumbai,35132.0,2038-02-05
106,Delhi,59396.0,2038-02-06
108,Mumbai,88016.0,2038-02-07
103,Chennai,73239.0,2038-02-08
101,Bangalore,71430.0,2038-02-09
104,,57807.0,2038-02-10
104,Kolkata,69550.0,2038-02-11
101,Delhi,81759.0,2038-02-12
109,Delhi,82484.0,2038-02-13
103,Chennai,57196.0,2038-02-14
105,Mumbai,45993.0,2038-02-15
106,Kolkata,83849.0,2038-02-16
108,Bangalore,55958.0,2038-02-17
106,Mumbai,77358.0,2038-02-18
103,Bangalore,69513.0,2038-02-19
106,Bangalore,68402.0,2038-02-20
101,Kolkata,75335.0,2038-02-21
104,Delhi,69028.0,2038-02-22
106,Kolkata,44945.0,2038-02-23
107,Chennai,47569.0,2038-02-24
103,Chennai,53379.0,2038-02-25
109,Delhi,89254.0,2038-02-26
107,Chennai,,2038-02-27
101,Bangalore,52825.0,2038-02-28
102,Bangalore,30915.0,2038-03-01
101,Kolkata,53848.0,2038-03-02
109,Bangalore,80769.0,2038-03-03
109,Kolkata,43669.0,2038-03-04
107,Mumbai,39875.0,2038-03-05
103,Kolkata,44853.0,2038-03-06
105,Delhi,32425.0,2038-03-07
104,Kolkata,62440.0,2038-03-08
107,,63193.0,2038-03-09
109,Mumbai,64555.0,2038-03-10
102,Bangalore,65352.0,2038-03-11
108,Chennai,67416.0,2038-03-12
109,Delhi,46552.0,2038-03-13
109,Bangalore,63282.0,2038-03-14
107,Mumbai,66203.0,2038-03-15
109,Kolkata,67293.0,2038-03-16
109,Kolkata,49000.0,2038-03-17
103,Chennai,60802.0,2038-03-18
104,Chennai,40569.0,2038-03-19
102,Chennai,55266.0,2038-03-20
103,Mumbai,33204.0,2038-03-21
105,Bangalore,37765.0,2038-03-22
105,Bangalore,40696.0,2038-03-23
106,,54928.0,2038-03-24
107,Chennai,78910.0,2038-03-25
107,Bangalore,44679.0,2038-03-26
101,Kolkata,63885.0,2038-03-27
102,Mumbai,64173.0,2038-03-28
109,Chennai,74899.0,2038-03-29
102,Bangalore,77865.0,2038-03-30
106,Mumbai,68182.0,2038-03-31
101,Chennai,69109.0,2038-04-01
103,Chennai,34174.0,2038-04-02
102,Bangalore,47061.0,2038-04-03
103,Bangalore,71510.0,2038-04-04
105,Chennai,55395.0,2038-04-05
106,Kolkata,30213.0,2038-04-06
109,Kolkata,64434.0,2038-04-07
104,Mumbai,43276.0,2038-04-08
107,,39085.0,2038-04-09
106,Chennai,83406.0,2038-04-10
102,Kolkata,75036.0,2038-04-11
108,Chennai,58481.0,2038-04-12
107,Mumbai,81938.0,2038-04-13
107,Delhi,61276.0,2038-04-14
108,Chennai,89592.0,2038-04-15
101,Bangalore,54597.0,2038-04-16
101,Chennai,52244.0,2038-04-17
108,Bangalore,60601.0,2038-04-18
104,Mumbai,64029.0,2038-04-19
105,Mumbai,80324.0,2038-04-20
108,Chennai,51264.0,2038-04-21
105,Mumbai,43890.0,2038-04-22
104,Chennai,81206.0,2038-04-23
106,Mumbai,76312.0,2038-04-24
105,Kolkata,72852.0,2038-04-25
107,Delhi,77907.0,2038-04-26
107,Mumbai,81967.0,2038-04-27
104,Chennai,51058.0,2038-04-28
105,Bangalore,46121.0,2038-04-29
103,Mumbai,67964.0,2038-04-30
104,,67352.0,2038-05-01
104,Mumbai,35021.0,2038-05-02
103,Bangalore,52614.0,2038-05-03
105,Mumbai,89131.0,2038-05-04
105,Mumbai,72950.0,2038-05-05
107,Bangalore,75277.0,2038-05-06
104,Mumbai,73420.0,2038-05-07
104,Kolkata,32631.0,2038-05-08
109,Mumbai,36345.0,2038-05-09
106,Chennai,70864.0,2038-05-10
104,Mumbai,77674.0,2038-05-11
102,Mumbai,56844.0,2038-05-12
106,Delhi,36300.0,2038-05-13
102,Kolkata,86500.0,2038-05-14
105,Chennai,68612.0,2038-05-15
106,Kolkata,48560.0,2038-05-16
104,Bangalore,35362.0,2038-05-17
103,Kolkata,38097.0,2038-05-18
107,Chennai,35599.0,2038-05-19
102,Delhi,55452.0,2038-05-20
106,Mumbai,77373.0,2038-05-21
104,Bangalore,34258.0,2038-05-22
106,Chennai,55530.0,2038-05-23
104,Delhi,83271.0,2038-05-24
104,Chennai,36640.0,2038-05-25
104,Bangalore,67056.0,2038-05-26
109,Bangalore,47261.0,2038-05-27
107,Mumbai,83637.0,2038-05-28
103,Bangalore,81696.0,2038-05-29
103,Delhi,67827.0,2038-05-30
106,Delhi,45141.0,2038-05-31
106,Chennai,56752.0,2038-06-01
104,Mumbai,53548.0,2038-06-02
109,Mumbai,65368.0,2038-06-03
104,Mumbai,45902.0,2038-06-04
109,Bangalore,57683.0,2038-06-05
104,Delhi,82680.0,2038-06-06
102,Mumbai,48792.0,2038-06-07
102,Bangalore,67628.0,2038-06-08
105,Bangalore,72933.0,2038-06-09
104,,83100.0,2038-06-10
107,Mumbai,88582.0,2038-06-11
105,Mumbai,32334.0,2038-06-12
106,Bangalore,30767.0,2038-06-13
104,Delhi,61644.0,2038-06-14
102,Kolkata,56992.0,2038-06-15
109,Bangalore,59570.0,2038-06-16
107,Delhi,41737.0,2038-06-17
104,Kolkata,43372.0,2038-06-18
103,Delhi,56885.0,2038-06-19
103,,84035.0,2038-06-20
109,Kolkata,50590.0,2038-06-21
105,Bangalore,85100.0,2038-06-22
103,Delhi,69853.0,2038-06-23
105,Mumbai,30744.0,2038-06-24
102,Mumbai,57158.0,2038-06-25
104,Mumbai,50558.0,2038-06-26
102,Bangalore,88861.0,2038-06-27
102,,86350.0,2038-06-28
108,Bangalore,62259.0,2038-06-29
101,Chennai,81708.0,2038-06-30
107,Chennai,51450.0,2038-07-01
105,Kolkata,86949.0,2038-07-02
108,Delhi,66929.0,2038-07-03
101,Bangalore,76589.0,2038-07-04
107,Kolkata,39586.0,2038-07-05
105,Kolkata,30286.0,2038-07-06
104,,33247.0,2038-07-07
107,Chennai,61974.0,2038-07-08
102,Mumbai,73562.0,2038-07-09
101,Bangalore,35099.0,2038-07-10
101,Delhi,46387.0,2038-07-11
101,Chennai,78829.0,2038-07-12
105,Bangalore,52319.0,2038-07-13
107,Chennai,30411.0,2038-07-14
102,,50729.0,2038-07-15
108,Chennai,50111.0,2038-07-16
104,Mumbai,76566.0,2038-07-17
103,Delhi,45704.0,2038-07-18
108,Kolkata,40109.0,2038-07-19
102,Delhi,31356.0,2038-07-20
103,Delhi,61172.0,2038-07-21
103,Mumbai,38349.0,2038-07-22
101,Bangalore,47984.0,2038-07-23
106,Delhi,57460.0,2038-07-24
102,,86309.0,2038-07-25
101,,68474.0,2038-07-26
102,,74449.0,2038-07-27
106,Delhi,84711.0,2038-07-28
104,,37196.0,2038-07-29
106,,51457.0,2038-07-30
109,,81534.0,2038-07-31
108,Chennai,43549.0,2038-08-01
101,Chennai,79304.0,2038-08-02
108,Delhi,39821.0,2038-08-03
109,Kolkata,65564.0,2038-08-04
106,Delhi,41073.0,2038-08-05
105,Mumbai,37282.0,2038-08-06
106,,69719.0,2038-08-07
106,Bangalore,49189.0,2038-08-08
109,Delhi,66848.0,2038-08-09
104,,74430.0,2038-08-10
102,,39247.0,2038-08-11
109,Delhi,40771.0,2038-08-12
102,Kolkata,73725.0,2038-08-13
109,Mumbai,52234.0,2038-08-14
102,Mumbai,53746.0,2038-08-15
108,Mumbai,64096.0,2038-08-16
109,Delhi,42236.0,2038-08-17
109,Mumbai,81544.0,2038-08-18
109,Delhi,65921.0,2038-08-19
102,,54576.0,2038-08-20
104,Chennai,30166.0,2038-08-21
107,Kolkata,44652.0,2038-08-22
102,Chennai,49638.0,2038-08-23
101,Delhi,51444.0,2038-08-24
103,,45233.0,2038-08-25
104,Kolkata,31885.0,2038-08-26
108,Mumbai,83520.0,2038-08-27
106,Delhi,60364.0,2038-08-28
102,Chennai,44708.0,2038-08-29
109,Chennai,70297.0,2038-08-30
102,Kolkata,63667.0,2038-08-31
105,Delhi,65016.0,2038-09-01
104,Delhi,74223.0,2038-09-02
107,Bangalore,33412.0,2038-09-03
108,Chennai,41769.0,2038-09-04
105,Delhi,45947.0,2038-09-05
105,Mumbai,73147.0,2038-09-06
102,Bangalore,36449.0,2038-09-07
108,Chennai,72179.0,2038-09-08
102,Mumbai,65900.0,2038-09-09
106,Bangalore,70923.0,2038-09-10
108,Kolkata,38136.0,2038-09-11
106,,63127.0,2038-09-12
104,Mumbai,36450.0,2038-09-13
104,Mumbai,72999.0,2038-09-14
106,,54031.0,2038-09-15
104,Mumbai,61052.0,2038-09-16
108,Chennai,41346.0,2038-09-17
109,Chennai,87677.0,2038-09-18
101,Mumbai,44852.0,2038-09-19
104,Chennai,79882.0,2038-09-20
104,Chennai,37067.0,2038-09-21
102,Bangalore,61485.0,2038-09-22
106,Delhi,39689.0,2038-09-23
103,,47801.0,2038-09-24
107,Bangalore,70535.0,2038-09-25
105,Chennai,54272.0,2038-09-26
104,Kolkata,33763.0,2038-09-27
105,Bangalore,89087.0,2038-09-28
108,Kolkata,69696.0,2038-09-29
103,,84848.0,2038-09-30
107,Mumbai,60075.0,2038-10-01
106,Bangalore,58692.0,2038-10-02
101,,56549.0,2038-10-03
107,Delhi,30878.0,2038-10-04
107,Delhi,58848.0,2038-10-05
101,,84634.0,2038-10-06
109,Kolkata,60741.0,2038-10-07
106,,49268.0,2038-10-08
102,Delhi,40787.0,2038-10-09
105,Delhi,81449.0,2038-10-10
104,Delhi,71620.0,2038-10-11
107,Chennai,61671.0,2038-10-12
108,Chennai,41336.0,2038-10-13
101,Mumbai,57738.0,2038-10-14
105,Delhi,43487.0,2038-10-15
103,Chennai,70139.0,2038-10-16
101,Bangalore,83137.0,2038-10-17
103,Delhi,64037.0,2038-10-18
106,,42898.0,2038-10-19
107,Delhi,47678.0,2038-10-20
108,Chennai,80161.0,2038-10-21
104,Kolkata,73051.0,2038-10-22
103,Bangalore,48141.0,2038-10-23
105,Mumbai,40156.0,2038-10-24
109,Mumbai,54160.0,2038-10-25
106,Kolkata,42835.0,2038-10-26
109,Mumbai,39383.0,2038-10-27
106,Chennai,69346.0,2038-10-28
102,,54564.0,2038-10-29
105,,72013.0,2038-10-30
109,Bangalore,49225.0,2038-10-31
108,Kolkata,68484.0,2038-11-01
107,,81556.0,2038-11-02
101,Mumbai,49946.0,2038-11-03
104,Mumbai,58280.0,2038-11-04
107,Delhi,72782.0,2038-11-05
107,Delhi,80423.0,2038-11-06
106,Kolkata,56295.0,2038-11-07
108,Bangalore,87596.0,2038-11-08
106,Kolkata,62700.0,2038-11-09
103,Kolkata,77888.0,2038-11-10
104,Chennai,65536.0,2038-11-11
103,Chennai,62609.0,2038-11-12
101,Delhi,78509.0,2038-11-13
105,Kolkata,39751.0,2038-11-14
101,Bangalore,86953.0,2038-11-15
101,Bangalore,38928.0,2038-11-16
102,Delhi,36142.0,2038-11-17
104,,75955.0,2038-11-18
106,,81080.0,2038-11-19
108,Bangalore,46257.0,2038-11-20
103,Bangalore,52650.0,2038-11-21
101,Chennai,68181.0,2038-11-22
103,Mumbai,53212.0,2038-11-23
103,Mumbai,32190.0,2038-11-24
105,Chennai,31002.0,2038-11-25
104,Delhi,73945.0,2038-11-26
104,Bangalore,72882.0,2038-11-27
109,Bangalore,53038.0,2038-11-28
107,Mumbai,38094.0,2038-11-29
104,Delhi,52451.0,2038-11-30
103,Mumbai,33752.0,2038-12-01
106,Mumbai,85352.0,2038-12-02
103,Bangalore,50521.0,2038-12-03
106,Chennai,82854.0,2038-12-04
109,,57768.0,2038-12-05
106,Delhi,85095.0,2038-12-06
104,Kolkata,58410.0,2038-12-07
105,Mumbai,67206.0,2038-12-08
106,Bangalore,34427.0,2038-12-09
103,Bangalore,35556.0,2038-12-10
108,Bangalore,71300.0,2038-12-11
104,Chennai,48772.0,2038-12-12
108,Mumbai,58063.0,2038-12-13
103,Mumbai,69760.0,2038-12-14
107,Kolkata,52709.0,2038-12-15
109,Mumbai,80852.0,2038-12-16
104,Delhi,45319.0,2038-12-17
108,Delhi,35383.0,2038-12-18
103,Mumbai,31233.0,2038-12-19
107,Bangalore,57146.0,2038-12-20
103,Bangalore,81450.0,2038-12-21
107,Mumbai,54713.0,2038-12-22
106,Delhi,78345.0,2038-12-23
102,Chennai,73758.0,2038-12-24
103,Kolkata,44789.0,2038-12-25
106,,32930.0,2038-12-26
104,,42112.0,2038-12-27
106,,42374.0,2038-12-28
101,Kolkata,80985.0,2038-12-29
101,Chennai,61012.0,2038-12-30
103,Delhi,48523.0,2038-12-31
108,Chennai,54783.0,2039-01-01
108,Delhi,45563.0,2039-01-02
104,Kolkata,73193.0,2039-01-03
106,Bangalore,40042.0,2039-01-04
108,Chennai,89031.0,2039-01-05
107,Delhi,73163.0,2039-01-06
107,Bangalore,52820.0,2039-01-07
104,Mumbai,61252.0,2039-01-08
109,Mumbai,32208.0,2039-01-09
106,Mumbai,70321.0,2039-01-10
103,Delhi,43796.0,2039-01-11
105,Bangalore,68390.0,2039-01-12
105,Bangalore,55426.0,2039-01-13
105,Kolkata,89547.0,2039-01-14
108,Bangalore,52670.0,2039-01-15
109,Mumbai,54320.0,2039-01-16
109,,50074.0,2039-01-17
106,Bangalore,57931.0,2039-01-18
106,Bangalore,48993.0,2039-01-19
109,Bangalore,85330.0,2039-01-20
104,Kolkata,62991.0,2039-01-21
106,Mumbai,45003.0,2039-01-22
104,Mumbai,77496.0,2039-01-23
101,Kolkata,44743.0,2039-01-24
107,Delhi,82926.0,2039-01-25
106,Kolkata,88755.0,2039-01-26
109,Bangalore,44007.0,2039-01-27
107,Bangalore,54300.0,2039-01-28
107,Kolkata,75352.0,2039-01-29
102,Mumbai,71282.0,2039-01-30
109,Kolkata,46175.0,2039-01-31
109,,35973.0,2039-02-01
106,Bangalore,39703.0,2039-02-02
103,,62313.0,2039-02-03
101,Delhi,48470.0,2039-02-04
104,Kolkata,59176.0,2039-02-05
103,Mumbai,53280.0,2039-02-06
101,Mumbai,53867.0,2039-02-07
103,Mumbai,70431.0,2039-02-08
104,Mumbai,86436.0,2039-02-09
108,Mumbai,51845.0,2039-02-10
109,,46241.0,2039-02-11
103,Kolkata,65055.0,2039-02-12
106,Delhi,38878.0,2039-02-13
105,Delhi,40209.0,2039-02-14
106,Kolkata,88812.0,2039-02-15
104,Mumbai,58499.0,2039-02-16
106,Delhi,,2039-02-17
107,Bangalore,88340.0,2039-02-18
109,Bangalore,65302.0,2039-02-19
107,Mumbai,41004.0,2039-02-20
106,Chennai,84682.0,2039-02-21
101,Chennai,60587.0,2039-02-22
102,Delhi,63390.0,2039-02-23
101,,58400.0,2039-02-24
109,Bangalore,40975.0,2039-02-25
109,Mumbai,42585.0,2039-02-26
107,Mumbai,80227.0,2039-02-27
102,Delhi,36876.0,2039-02-28
106,Bangalore,78104.0,2039-03-01
104,Delhi,87647.0,2039-03-02
101,Bangalore,43599.0,2039-03-03
101,Delhi,55239.0,2039-03-04
105,Chennai,73906.0,2039-03-05
102,Kolkata,84389.0,2039-03-06
104,Bangalore,50378.0,2039-03-07
101,Chennai,56568.0,2039-03-08
104,,61510.0,2039-03-09
106,Chennai,65462.0,2039-03-10
104,Mumbai,50688.0,2039-03-11
101,Bangalore,82350.0,2039-03-12
107,Kolkata,51796.0,2039-03-13
102,Delhi,71478.0,2039-03-14
109,Mumbai,86541.0,2039-03-15
103,Bangalore,60796.0,2039-03-16
108,Chennai,50817.0,2039-03-17
108,Kolkata,85061.0,2039-03-18
103,Mumbai,40061.0,2039-03-19
104,Delhi,54401.0,2039-03-20
102,,33810.0,2039-03-21
104,Delhi,63680.0,2039-03-22
109,Delhi,53826.0,2039-03-23
102,Bangalore,34902.0,2039-03-24
103,Kolkata,82340.0,2039-03-25
104,Kolkata,88659.0,2039-03-26
105,,49612.0,2039-03-27
101,Delhi,79723.0,2039-03-28
107,Mumbai,40663.0,2039-03-29
107,Mumbai,43967.0,2039-03-30
109,Kolkata,77776.0,2039-03-31
104,Bangalore,70536.0,2039-04-01
106,Delhi,35135.0,2039-04-02
102,Chennai,44072.0,2039-04-03
104,Mumbai,71057.0,2039-04-04
102,Bangalore,50417.0,2039-04-05
105,Kolkata,80791.0,2039-04-06
107,Mumbai,36443.0,2039-04-07
101,Mumbai,67610.0,2039-04-08
107,Mumbai,51925.0,2039-04-09
106,Mumbai,60002.0,2039-04-10
106,Delhi,66795.0,2039-04-11
108,Chennai,60993.0,2039-04-12
108,Mumbai,30260.0,2039-04-13
106,,39127.0,2039-04-14
103,Mumbai,80949.0,2039-04-15
105,Mumbai,79483.0,2039-04-16
102,Mumbai,66978.0,2039-04-17
105,Kolkata,54843.0,2039-04-18
109,Bangalore,81211.0,2039-04-19
101,Kolkata,62840.0,2039-04-20
105,Kolkata,67879.0,2039-04-21
106,,32921.0,2039-04-22
107,Kolkata,73413.0,2039-04-23
109,Delhi,33888.0,2039-04-24
106,Kolkata,30177.0,2039-04-25
105,,81151.0,2039-04-26
107,,88115.0,2039-04-27
101,Delhi,88289.0,2039-04-28
105,Chennai,37426.0,2039-04-29
102,Delhi,34495.0,2039-04-30
104,Mumbai,63037.0,2039-05-01
107,Chennai,40047.0,2039-05-02
105,,48039.0,2039-05-03
106,Bangalore,65301.0,2039-05-04
102,Kolkata,78707.0,2039-05-05
103,Delhi,75114.0,2039-05-06
107,Delhi,51366.0,2039-05-07
102,Bangalore,50745.0,2039-05-08
106,Mumbai,73082.0,2039-05-09
105,Kolkata,85270.0,2039-05-10
101,Mumbai,41353.0,2039-05-11
104,Bangalore,55080.0,2039-05-12
102,Bangalore,48788.0,2039-05-13
104,Mumbai,64969.0,2039-05-14
101,,85171.0,2039-05-15
102,Bangalore,35659.0,2039-05-16
108,Bangalore,63921.0,2039-05-17
106,Kolkata,34161.0,2039-05-18
102,Mumbai,45503.0,2039-05-19
106,Kolkata,57003.0,2039-05-20
109,Delhi,80488.0,2039-05-21
107,Delhi,54982.0,2039-05-22
109,,33478.0,2039-05-23
105,Kolkata,58620.0,2039-05-24
107,Mumbai,79428.0,2039-05-25
107,Chennai,85910.0,2039-05-26
103,,82632.0,2039-05-27
107,Mumbai,65129.0,2039-05-28
101,Delhi,57172.0,2039-05-29
109,Bangalore,84520.0,2039-05-30
106,Delhi,40160.0,2039-05-31
105,Delhi,87804.0,2039-06-01
107,Kolkata,65214.0,2039-06-02
105,Delhi,41931.0,2039-06-03
105,Kolkata,61170.0,2039-06-04
107,Bangalore,61190.0,2039-06-05
107,Bangalore,88926.0,2039-06-06
103,Chennai,37601.0,2039-06-07
103,Bangalore,67819.0,2039-06-08
103,Delhi,33517.0,2039-06-09
106,Delhi,34802.0,2039-06-10
106,Kolkata,75158.0,2039-06-11
103,Mumbai,48759.0,2039-06-12
103,Delhi,37850.0,2039-06-13
108,,36744.0,2039-06-14
108,,52773.0,2039-06-15
107,Mumbai,78185.0,2039-06-16
104,Delhi,36248.0,2039-06-17
104,Chennai,80123.0,2039-06-18
103,Kolkata,78196.0,2039-06-19
105,Delhi,37136.0,2039-06-20
103,Delhi,72285.0,2039-06-21
108,Kolkata,87496.0,2039-06-22
107,,41800.0,2039-06-23
103,Kolkata,83112.0,2039-06-24
109,Mumbai,82238.0,2039-06-25
105,Bangalore,43417.0,2039-06-26
109,Chennai,55305.0,2039-06-27
107,Delhi,66735.0,2039-06-28
107,Mumbai,75129.0,2039-06-29
106,Mumbai,67719.0,2039-06-30
102,Bangalore,34002.0,2039-07-01
109,Bangalore,32332.0,2039-07-02
106,Kolkata,56149.0,2039-07-03
108,Kolkata,74228.0,2039-07-04
101,,34375.0,2039-07-05
105,Kolkata,59458.0,2039-07-06
101,Mumbai,63453.0,2039-07-07
108,Mumbai,50272.0,2039-07-08
108,Bangalore,88923.0,2039-07-09
101,Delhi,47352.0,2039-07-10
109,,86472.0,2039-07-11
102,Delhi,32033.0,2039-07-12
109,Mumbai,69843.0,2039-07-13
101,Bangalore,51645.0,2039-07-14
109,Bangalore,55343.0,2039-07-15
104,Chennai,77415.0,2039-07-16
109,Bangalore,30645.0,2039-07-17
107,Mumbai,61775.0,2039-07-18
106,Mumbai,,2039-07-19
105,,38112.0,2039-07-20
109,Mumbai,39271.0,2039-07-21
102,Mumbai,69204.0,2039-07-22
102,Bangalore,55212.0,2039-07-23
109,Delhi,75285.0,2039-07-24
103,Bangalore,40292.0,2039-07-25
108,Chennai,53481.0,2039-07-26
109,Kolkata,71060.0,2039-07-27
108,Chennai,68354.0,2039-07-28
104,Delhi,58493.0,2039-07-29
101,Bangalore,59475.0,2039-07-30
104,Delhi,30868.0,2039-07-31
109,Delhi,77370.0,2039-08-01
102,Bangalore,68682.0,2039-08-02
103,Mumbai,38213.0,2039-08-03
108,Chennai,89969.0,2039-08-04
106,Chennai,52739.0,2039-08-05
108,Kolkata,31903.0,2039-08-06
107,Kolkata,65344.0,2039-08-07
105,Delhi,77491.0,2039-08-08
109,Mumbai,66877.0,2039-08-09
104,Mumbai,50998.0,2039-08-10
106,Mumbai,87166.0,2039-08-11
102,Delhi,82445.0,2039-08-12
102,Delhi,48319.0,2039-08-13
102,Bangalore,63383.0,2039-08-14
107,Chennai,51441.0,2039-08-15
102,Chennai,40642.0,2039-08-16
102,Bangalore,41776.0,2039-08-17
109,Bangalore,54862.0,2039-08-18
107,Bangalore,61103.0,2039-08-19
103,Chennai,41510.0,2039-08-20
103,Delhi,64691.0,2039-08-21
107,Chennai,43402.0,2039-08-22
105,Bangalore,36455.0,2039-08-23
106,Delhi,70372.0,2039-08-24
108,Delhi,70920.0,2039-08-25
109,Delhi,32773.0,2039-08-26
101,Bangalore,73050.0,2039-08-27
103,Kolkata,84345.0,2039-08-28
107,Mumbai,57377.0,2039-08-29
106,Mumbai,88336.0,2039-08-30
107,,39776.0,2039-08-31
108,Mumbai,81055.0,2039-09-01
106,Delhi,88219.0,2039-09-02
103,Mumbai,62059.0,2039-09-03
102,Chennai,59405.0,2039-09-04
107,Chennai,89229.0,2039-09-05
101,Bangalore,30143.0,2039-09-06
103,,86648.0,2039-09-07
104,Chennai,81408.0,2039-09-08
101,Delhi,55698.0,2039-09-09
105,Chennai,47083.0,2039-09-10
103,Delhi,75169.0,2039-09-11
102,Chennai,52702.0,2039-09-12
103,Mumbai,63038.0,2039-09-13
108,Chennai,71022.0,2039-09-14
106,Mumbai,31007.0,2039-09-15
107,Kolkata,57419.0,2039-09-16
106,Mumbai,76483.0,2039-09-17
106,Chennai,73232.0,2039-09-18
103,Mumbai,40174.0,2039-09-19
108,,60880.0,2039-09-20
107,Kolkata,37203.0,2039-09-21
107,Mumbai,89772.0,2039-09-22
106,,66492.0,2039-09-23
105,Mumbai,58989.0,2039-09-24
108,Chennai,57331.0,2039-09-25
105,Chennai,74694.0,2039-09-26
109,Delhi,52983.0,2039-09-27
109,,88636.0,2039-09-28
101,Mumbai,85639.0,2039-09-29
106,Delhi,59735.0,2039-09-30
107,Kolkata,70685.0,2039-10-01
103,Chennai,50893.0,2039-10-02
107,Delhi,45739.0,2039-10-03
107,Delhi,59917.0,2039-10-04
102,Chennai,84552.0,2039-10-05
107,Delhi,50704.0,2039-10-06
101,,60152.0,2039-10-07
105,Chennai,88521.0,2039-10-08
109,Mumbai,77383.0,2039-10-09
107,Mumbai,68240.0,2039-10-10
107,Bangalore,37206.0,2039-10-11
102,Mumbai,53256.0,2039-10-12
108,Kolkata,54307.0,2039-10-13
103,,34716.0,2039-10-14
108,Bangalore,86270.0,2039-10-15
103,Bangalore,65388.0,2039-10-16
107,Mumbai,48920.0,2039-10-17
102,Chennai,67871.0,2039-10-18
104,Chennai,72928.0,2039-10-19
106,Chennai,53464.0,2039-10-20
109,Delhi,68085.0,2039-10-21
105,Kolkata,43587.0,2039-10-22
109,Mumbai,31195.0,2039-10-23
105,Chennai,55083.0,2039-10-24
108,Kolkata,79556.0,2039-10-25
101,Chennai,80446.0,2039-10-26
107,Mumbai,52438.0,2039-10-27
104,Chennai,50009.0,2039-10-28
105,Delhi,70636.0,2039-10-29
106,Kolkata,65587.0,2039-10-30
105,Delhi,51143.0,2039-10-31
101,Mumbai,84897.0,2039-11-01
109,Delhi,43696.0,2039-11-02
102,Kolkata,37564.0,2039-11-03
109,Bangalore,33637.0,2039-11-04
102,Chennai,64641.0,2039-11-05
109,Chennai,47790.0,2039-11-06
106,Kolkata,58159.0,2039-11-07
109,Delhi,35514.0,2039-11-08
106,Chennai,64345.0,2039-11-09
106,Bangalore,86924.0,2039-11-10
102,Delhi,51763.0,2039-11-11
108,Mumbai,42568.0,2039-11-12
103,Mumbai,58003.0,2039-11-13
107,Delhi,35311.0,2039-11-14
105,Mumbai,71596.0,2039-11-15
103,Delhi,68315.0,2039-11-16
101,Bangalore,47191.0,2039-11-17
108,Mumbai,81547.0,2039-11-18
103,Mumbai,50908.0,2039-11-19
102,,31415.0,2039-11-20
101,Bangalore,70276.0,2039-11-21
104,Mumbai,77650.0,2039-11-22
108,Bangalore,48833.0,2039-11-23
103,Mumbai,45406.0,2039-11-24
101,Delhi,59336.0,2039-11-25
104,Delhi,59421.0,2039-11-26
109,,66264.0,2039-11-27
101,Chennai,41780.0,2039-11-28
102,Kolkata,69871.0,2039-11-29
109,,42221.0,2039-11-30
102,,51116.0,2039-12-01
103,Chennai,69790.0,2039-12-02
107,Chennai,70263.0,2039-12-03
103,Mumbai,44422.0,2039-12-04
109,Delhi,71474.0,2039-12-05
106,Bangalore,51483.0,2039-12-06
103,Bangalore,70100.0,2039-12-07
109,,82446.0,2039-12-08
101,Bangalore,82060.0,2039-12-09
103,Chennai,35416.0,2039-12-10
101,Bangalore,45251.0,2039-12-11
102,Delhi,57074.0,2039-12-12
108,Bangalore,88710.0,2039-12-13
107,Bangalore,87684.0,2039-12-14
102,Bangalore,76540.0,2039-12-15
102,Bangalore,42164.0,2039-12-16
109,Delhi,88904.0,2039-12-17
106,Bangalore,84822.0,2039-12-18
105,Chennai,32468.0,2039-12-19
106,Bangalore,81580.0,2039-12-20
109,Bangalore,82840.0,2039-12-21
107,Delhi,85300.0,2039-12-22
109,Delhi,73655.0,2039-12-23
104,Mumbai,32027.0,2039-12-24
102,Bangalore,53555.0,2039-12-25
108,Bangalore,41944.0,2039-12-26
104,Kolkata,30315.0,2039-12-27
109,Delhi,44133.0,2039-12-28
104,Delhi,66757.0,2039-12-29
108,Bangalore,88445.0,2039-12-30
109,Bangalore,63298.0,2039-12-31
109,Bangalore,54268.0,2040-01-01
104,Kolkata,73362.0,2040-01-02
101,Kolkata,81011.0,2040-01-03
103,Delhi,34757.0,2040-01-04
109,,70640.0,2040-01-05
104,Delhi,78266.0,2040-01-06
105,Chennai,59967.0,2040-01-07
107,Chennai,55795.0,2040-01-08
105,Chennai,58798.0,2040-01-09
104,Mumbai,72726.0,2040-01-10
102,Mumbai,63835.0,2040-01-11
102,Bangalore,61461.0,2040-01-12
104,Delhi,63495.0,2040-01-13
109,Delhi,46627.0,2040-01-14
108,Bangalore,56361.0,2040-01-15
103,Bangalore,30711.0,2040-01-16
109,Chennai,41085.0,2040-01-17
105,Delhi,57726.0,2040-01-18
103,Kolkata,37924.0,2040-01-19
105,Delhi,45549.0,2040-01-20
104,Kolkata,88852.0,2040-01-21
108,Bangalore,38462.0,2040-01-22
105,Bangalore,72757.0,2040-01-23
108,Kolkata,32560.0,2040-01-24
109,Mumbai,51523.0,2040-01-25
104,Delhi,49944.0,2040-01-26
107,Bangalore,83155.0,2040-01-27
102,Mumbai,32177.0,2040-01-28
106,Bangalore,79989.0,2040-01-29
108,Mumbai,50098.0,2040-01-30
107,Kolkata,65846.0,2040-01-31
107,Chennai,57475.0,2040-02-01
108,Delhi,72736.0,2040-02-02
107,Kolkata,62447.0,2040-02-03
105,Mumbai,51416.0,2040-02-04
107,Mumbai,44120.0,2040-02-05
103,Mumbai,80802.0,2040-02-06
105,Chennai,32948.0,2040-02-07
107,Bangalore,32520.0,2040-02-08
109,Chennai,37269.0,2040-02-09
102,Delhi,56961.0,2040-02-10
104,,43336.0,2040-02-11
107,Chennai,86749.0,2040-02-12
101,Mumbai,75198.0,2040-02-13
102,Chennai,44020.0,2040-02-14
109,Bangalore,57280.0,2040-02-15
107,Delhi,88516.0,2040-02-16
107,Delhi,73478.0,2040-02-17
106,Delhi,46746.0,2040-02-18
103,Kolkata,87993.0,2040-02-19
103,Bangalore,32256.0,2040-02-20
102,Mumbai,70120.0,2040-02-21
106,Delhi,57712.0,2040-02-22
104,Bangalore,42836.0,2040-02-23
105,Bangalore,55711.0,2040-02-24
103,Chennai,34358.0,2040-02-25
106,,41339.0,2040-02-26
103,Bangalore,62039.0,2040-02-27
108,Bangalore,84449.0,2040-02-28
109,Mumbai,51245.0,2040-02-29
104,Kolkata,77251.0,2040-03-01
109,Delhi,47259.0,2040-03-02
107,Mumbai,85107.0,2040-03-03
103,Chennai,37129.0,2040-03-04
107,Delhi,83003.0,2040-03-05
101,Mumbai,78789.0,2040-03-06
103,Chennai,72112.0,2040-03-07
106,Delhi,70573.0,2040-03-08
104,Mumbai,85808.0,2040-03-09
107,Bangalore,81074.0,2040-03-10
103,Bangalore,71588.0,2040-03-11
101,Delhi,41211.0,2040-03-12
109,,60197.0,2040-03-13
106,Delhi,45628.0,2040-03-14
108,Chennai,56300.0,2040-03-15
103,Delhi,75708.0,2040-03-16
108,Bangalore,77092.0,2040-03-17
102,Delhi,47512.0,2040-03-18
104,Delhi,50945.0,2040-03-19
103,Delhi,71723.0,2040-03-20
101,Bangalore,63787.0,2040-03-21
107,Bangalore,51408.0,2040-03-22
102,Delhi,78408.0,2040-03-23
104,,86726.0,2040-03-24
109,Mumbai,50311.0,2040-03-25
106,Bangalore,65609.0,2040-03-26
108,Mumbai,41139.0,2040-03-27
102,Bangalore,68245.0,2040-03-28
107,Kolkata,71634.0,2040-03-29
106,Bangalore,80160.0,2040-03-30
109,Mumbai,47610.0,2040-03-31
107,Mumbai,80787.0,2040-04-01
101,Kolkata,58952.0,2040-04-02
108,Delhi,43568.0,2040-04-03
103,Mumbai,86413.0,2040-04-04
102,Delhi,54899.0,2040-04-05
103,Mumbai,73798.0,2040-04-06
106,Delhi,42002.0,2040-04-07
103,Kolkata,37529.0,2040-04-08
105,Chennai,48069.0,2040-04-09
106,Bangalore,78478.0,2040-04-10
108,Mumbai,33712.0,2040-04-11
107,Bangalore,69826.0,2040-04-12
108,Bangalore,87885.0,2040-04-13
103,Bangalore,49328.0,2040-04-14
104,Delhi,47711.0,2040-04-15
106,,35906.0,2040-04-16
107,Bangalore,87982.0,2040-04-17
109,,59107.0,2040-04-18
101,Delhi,81412.0,2040-04-19
108,Mumbai,47813.0,2040-04-20
108,Delhi,39153.0,2040-04-21
106,Kolkata,76213.0,2040-04-22
104,Mumbai,61679.0,2040-04-23
103,Kolkata,59588.0,2040-04-24
103,Kolkata,78096.0,2040-04-25
106,Chennai,82114.0,2040-04-26
108,Chennai,53770.0,2040-04-27
107,Chennai,48852.0,2040-04-28
101,Chennai,77422.0,2040-04-29
106,Mumbai,49612.0,2040-04-30
107,Chennai,60907.0,2040-05-01
107,Kolkata,60171.0,2040-05-02
109,Mumbai,87472.0,2040-05-03
105,,83551.0,2040-05-04
101,Delhi,45448.0,2040-05-05
102,Mumbai,33966.0,2040-05-06
104,Delhi,71876.0,2040-05-07
105,Delhi,84433.0,2040-05-08
109,Kolkata,51401.0,2040-05-09
101,,51539.0,2040-05-10
103,Kolkata,64018.0,2040-05-11
105,,89542.0,2040-05-12
103,Mumbai,34688.0,2040-05-13
104,Delhi,50457.0,2040-05-14
103,Bangalore,66555.0,2040-05-15
104,Kolkata,71899.0,2040-05-16
101,Delhi,61379.0,2040-05-17
108,,40470.0,2040-05-18
104,Chennai,68426.0,2040-05-19
107,,39193.0,2040-05-20
102,Mumbai,82924.0,2040-05-21
102,Bangalore,64980.0,2040-05-22
106,Kolkata,69635.0,2040-05-23
102,Kolkata,69731.0,2040-05-24
106,Mumbai,88954.0,2040-05-25
102,,88971.0,2040-05-26
104,Kolkata,52077.0,2040-05-27
107,Delhi,74097.0,2040-05-28
108,Delhi,66759.0,2040-05-29
103,Bangalore,39295.0,2040-05-30
109,Bangalore,81339.0,2040-05-31
102,Chennai,44735.0,2040-06-01
108,Delhi,77011.0,2040-06-02
108,Chennai,75185.0,2040-06-03
104,Chennai,33032.0,2040-06-04
101,Mumbai,73773.0,2040-06-05
101,Bangalore,89837.0,2040-06-06
102,Mumbai,66671.0,2040-06-07
109,Delhi,87372.0,2040-06-08
102,Bangalore,75019.0,2040-06-09
102,,59897.0,2040-06-10
106,Mumbai,55836.0,2040-06-11
107,Mumbai,66438.0,2040-06-12
107,Mumbai,84879.0,2040-06-13
109,Mumbai,51278.0,2040-06-14
106,Bangalore,51902.0,2040-06-15
108,Chennai,81488.0,2040-06-16
106,Delhi,66091.0,2040-06-17
102,,37120.0,2040-06-18
101,Delhi,37859.0,2040-06-19
105,Kolkata,62867.0,2040-06-20
109,Kolkata,60611.0,2040-06-21
108,Bangalore,66424.0,2040-06-22
104,Delhi,75477.0,2040-06-23
105,Bangalore,36786.0,2040-06-24
105,Chennai,63461.0,2040-06-25
106,Kolkata,51185.0,2040-06-26
103,Bangalore,70977.0,2040-06-27
105,Bangalore,61190.0,2040-06-28
102,Kolkata,33709.0,2040-06-29
101,,49154.0,2040-06-30
101,Chennai,80182.0,2040-07-01
107,Kolkata,50859.0,2040-07-02
102,Bangalore,77611.0,2040-07-03
104,Chennai,34209.0,2040-07-04
105,Chennai,53379.0,2040-07-05
107,Chennai,44846.0,2040-07-06
102,Mumbai,48003.0,2040-07-07
106,Bangalore,55426.0,2040-07-08
101,Bangalore,72856.0,2040-07-09
107,Mumbai,55551.0,2040-07-10
109,Mumbai,48900.0,2040-07-11
105,Kolkata,42380.0,2040-07-12
105,Bangalore,39707.0,2040-07-13
104,Delhi,54379.0,2040-07-14
103,Kolkata,80277.0,2040-07-15
109,Kolkata,55068.0,2040-07-16
105,Bangalore,36906.0,2040-07-17
108,Mumbai,45895.0,2040-07-18
109,,84756.0,2040-07-19
105,Kolkata,49420.0,2040-07-20
109,Mumbai,81678.0,2040-07-21
102,Delhi,45212.0,2040-07-22
109,Bangalore,44323.0,2040-07-23
104,Chennai,62934.0,2040-07-24
106,Delhi,83341.0,2040-07-25
106,Bangalore,37348.0,2040-07-26
106,Bangalore,30575.0,2040-07-27
102,Kolkata,69939.0,2040-07-28
107,Bangalore,87949.0,2040-07-29
106,Bangalore,45748.0,2040-07-30
101,,33343.0,2040-07-31
102,Mumbai,80970.0,2040-08-01
107,Mumbai,72115.0,2040-08-02
101,Kolkata,55391.0,2040-08-03
101,Mumbai,52407.0,2040-08-04
101,Kolkata,89984.0,2040-08-05
108,Delhi,72495.0,2040-08-06
104,Delhi,73693.0,2040-08-07
104,,70747.0,2040-08-08
102,Bangalore,39154.0,2040-08-09
101,Chennai,51555.0,2040-08-10
109,Mumbai,56623.0,2040-08-11
107,Delhi,68177.0,2040-08-12
104,Kolkata,67309.0,2040-08-13
106,Mumbai,85532.0,2040-08-14
102,Bangalore,50244.0,2040-08-15
107,Delhi,80666.0,2040-08-16
102,Mumbai,57927.0,2040-08-17
108,Kolkata,31067.0,2040-08-18
108,Kolkata,47265.0,2040-08-19
101,Chennai,36909.0,2040-08-20
108,Chennai,51416.0,2040-08-21
102,Bangalore,44236.0,2040-08-22
106,Bangalore,85654.0,2040-08-23
101,Chennai,61365.0,2040-08-24
105,Mumbai,82791.0,2040-08-25
107,Mumbai,56125.0,2040-08-26
101,,40929.0,2040-08-27
102,Delhi,83709.0,2040-08-28
107,Delhi,71060.0,2040-08-29
106,Bangalore,61411.0,2040-08-30
103,Chennai,45319.0,2040-08-31
102,Bangalore,82684.0,2040-09-01
104,Mumbai,65584.0,2040-09-02
103,,36411.0,2040-09-03
107,Chennai,61602.0,2040-09-04
108,Kolkata,78489.0,2040-09-05
102,Delhi,79559.0,2040-09-06
107,Mumbai,37204.0,2040-09-07
108,Mumbai,48899.0,2040-09-08
106,Delhi,54517.0,2040-09-09
106,Delhi,64507.0,2040-09-10
101,Mumbai,34052.0,2040-09-11
104,Bangalore,79410.0,2040-09-12
101,Chennai,87852.0,2040-09-13
104,Kolkata,68554.0,2040-09-14
102,Delhi,42013.0,2040-09-15
105,Bangalore,75364.0,2040-09-16
109,Delhi,82835.0,2040-09-17
103,Bangalore,67488.0,2040-09-18
108,Bangalore,77213.0,2040-09-19
103,Bangalore,66494.0,2040-09-20
106,Kolkata,30678.0,2040-09-21
104,Kolkata,88627.0,2040-09-22
108,Chennai,60352.0,2040-09-23
106,Kolkata,75797.0,2040-09-24
108,Chennai,39098.0,2040-09-25
101,Kolkata,38459.0,2040-09-26
106,Bangalore,68894.0,2040-09-27
101,Bangalore,57679.0,2040-09-28
101,Chennai,62666.0,2040-09-29
108,Delhi,43227.0,2040-09-30
107,Chennai,34906.0,2040-10-01
103,,37898.0,2040-10-02
106,Chennai,80352.0,2040-10-03
109,Delhi,77207.0,2040-10-04
107,Mumbai,84507.0,2040-10-05
103,Kolkata,63884.0,2040-10-06
106,,36344.0,2040-10-07
104,Mumbai,85082.0,2040-10-08
103,Kolkata,71858.0,2040-10-09
109,Kolkata,57366.0,2040-10-10
102,Delhi,75980.0,2040-10-11
101,Kolkata,76846.0,2040-10-12
102,Mumbai,40836.0,2040-10-13
107,Bangalore,47442.0,2040-10-14
101,Bangalore,86436.0,2040-10-15
106,Chennai,79839.0,2040-10-16
107,Chennai,84729.0,2040-10-17
109,Bangalore,84742.0,2040-10-18
108,Kolkata,70920.0,2040-10-19
106,Kolkata,86215.0,2040-10-20
103,Kolkata,71747.0,2040-10-21
108,Bangalore,42686.0,2040-10-22
107,Delhi,73604.0,2040-10-23
103,Bangalore,40356.0,2040-10-24
109,Kolkata,71163.0,2040-10-25
102,Delhi,57793.0,2040-10-26
103,,32491.0,2040-10-27
102,Kolkata,51206.0,2040-10-28
101,Chennai,89382.0,2040-10-29
104,Chennai,43928.0,2040-10-30
105,Bangalore,69772.0,2040-10-31
106,Chennai,41560.0,2040-11-01
105,Bangalore,37011.0,2040-11-02
101,Kolkata,52084.0,2040-11-03
103,Chennai,74518.0,2040-11-04
101,Kolkata,58633.0,2040-11-05
105,Kolkata,34862.0,2040-11-06
105,Delhi,68118.0,2040-11-07
106,Delhi,88570.0,2040-11-08
108,Kolkata,42682.0,2040-11-09
101,Mumbai,75303.0,2040-11-10
104,Bangalore,41703.0,2040-11-11
101,Bangalore,88257.0,2040-11-12
109,Delhi,72379.0,2040-11-13
107,Delhi,45096.0,2040-11-14
107,Kolkata,44106.0,2040-11-15
105,Chennai,30355.0,2040-11-16
107,Bangalore,82624.0,2040-11-17
102,,38432.0,2040-11-18
104,Delhi,45700.0,2040-11-19
107,Mumbai,89254.0,2040-11-20
103,Kolkata,89620.0,2040-11-21
102,Kolkata,86862.0,2040-11-22
102,Bangalore,55196.0,2040-11-23
101,,61650.0,2040-11-24
105,,76618.0,2040-11-25
106,Delhi,47238.0,2040-11-26
106,Delhi,74703.0,2040-11-27
109,Kolkata,89658.0,2040-11-28
104,Mumbai,57776.0,2040-11-29
101,Delhi,85515.0,2040-11-30
106,Kolkata,36704.0,2040-12-01
105,Bangalore,50008.0,2040-12-02
106,Bangalore,45379.0,2040-12-03
103,Delhi,84598.0,2040-12-04
102,Chennai,72020.0,2040-12-05
106,Bangalore,38573.0,2040-12-06
101,Mumbai,52415.0,2040-12-07
107,Mumbai,52566.0,2040-12-08
107,Bangalore,31132.0,2040-12-09
107,,81628.0,2040-12-10
101,,82287.0,2040-12-11
104,Mumbai,78302.0,2040-12-12
107,Chennai,73798.0,2040-12-13
109,Kolkata,64847.0,2040-12-14
105,Kolkata,30944.0,2040-12-15
102,Bangalore,35840.0,2040-12-16
107,Delhi,83114.0,2040-12-17
101,Kolkata,69442.0,2040-12-18
107,Delhi,73489.0,2040-12-19
106,Delhi,75261.0,2040-12-20
107,Chennai,74278.0,2040-12-21
103,,63602.0,2040-12-22
103,Mumbai,50134.0,2040-12-23
107,Chennai,34184.0,2040-12-24
102,Mumbai,57963.0,2040-12-25
101,Kolkata,37178.0,2040-12-26
109,Bangalore,35168.0,2040-12-27
109,Mumbai,62654.0,2040-12-28
107,Mumbai,34991.0,2040-12-29
107,Bangalore,38146.0,2040-12-30
103,Delhi,76652.0,2040-12-31
102,Delhi,35290.0,2041-01-01
107,Chennai,83390.0,2041-01-02
109,Bangalore,87550.0,2041-01-03
101,Chennai,54549.0,2041-01-04
104,Delhi,82686.0,2041-01-05
106,Chennai,44844.0,2041-01-06
107,Bangalore,81204.0,2041-01-07
107,Delhi,58882.0,2041-01-08
102,Bangalore,70919.0,2041-01-09
104,Delhi,30028.0,2041-01-10
105,Kolkata,88557.0,2041-01-11
101,Chennai,87531.0,2041-01-12
101,Bangalore,48244.0,2041-01-13
103,Delhi,37934.0,2041-01-14
103,Mumbai,59845.0,2041-01-15
108,Bangalore,65340.0,2041-01-16
109,Chennai,78049.0,2041-01-17
101,Delhi,70819.0,2041-01-18
102,Delhi,85280.0,2041-01-19
102,Mumbai,50398.0,2041-01-20
104,Bangalore,60061.0,2041-01-21
102,Delhi,83404.0,2041-01-22
107,Bangalore,32127.0,2041-01-23
109,Mumbai,40083.0,2041-01-24
107,Bangalore,49091.0,2041-01-25
106,Mumbai,39933.0,2041-01-26
101,Chennai,45877.0,2041-01-27
109,Delhi,64581.0,2041-01-28
105,Delhi,42519.0,2041-01-29
105,Bangalore,37816.0,2041-01-30
106,Mumbai,38351.0,2041-01-31
109,Mumbai,87687.0,2041-02-01
108,Kolkata,45648.0,2041-02-02
108,Kolkata,87548.0,2041-02-03
108,Mumbai,74002.0,2041-02-04
101,Kolkata,57461.0,2041-02-05
101,Bangalore,71264.0,2041-02-06
108,Mumbai,74901.0,2041-02-07
105,,71359.0,2041-02-08
109,Kolkata,74480.0,2041-02-09
102,,69017.0,2041-02-10
109,Delhi,45441.0,2041-02-11
108,Delhi,69253.0,2041-02-12
109,Bangalore,39177.0,2041-02-13
104,Chennai,64573.0,2041-02-14
101,Delhi,51431.0,2041-02-15
101,Kolkata,51924.0,2041-02-16
105,Bangalore,64864.0,2041-02-17
102,Bangalore,42493.0,2041-02-18
108,Chennai,35337.0,2041-02-19
105,Chennai,46035.0,2041-02-20
105,Delhi,80611.0,2041-02-21
102,,53318.0,2041-02-22
107,Mumbai,72305.0,2041-02-23
108,Delhi,71190.0,2041-02-24
101,Kolkata,33782.0,2041-02-25
102,,43798.0,2041-02-26
104,Kolkata,49884.0,2041-02-27
105,Kolkata,39074.0,2041-02-28
102,Chennai,57349.0,2041-03-01
101,,56907.0,2041-03-02
109,Delhi,51989.0,2041-03-03
101,Kolkata,69187.0,2041-03-04
104,Chennai,38624.0,2041-03-05
102,Delhi,88552.0,2041-03-06
104,Bangalore,37889.0,2041-03-07
108,Bangalore,57256.0,2041-03-08
108,Chennai,40455.0,2041-03-09
109,Delhi,77200.0,2041-03-10
105,Kolkata,41194.0,2041-03-11
107,Delhi,51622.0,2041-03-12
103,Bangalore,56988.0,2041-03-13
104,Kolkata,80969.0,2041-03-14
109,Bangalore,37570.0,2041-03-15
101,Mumbai,51487.0,2041-03-16
102,Delhi,30617.0,2041-03-17
105,Chennai,75452.0,2041-03-18
103,,89849.0,2041-03-19
102,,71277.0,2041-03-20
101,Chennai,77485.0,2041-03-21
103,Delhi,36285.0,2041-03-22
101,Mumbai,63224.0,2041-03-23
101,Delhi,30500.0,2041-03-24
101,Mumbai,87226.0,2041-03-25
108,Mumbai,58994.0,2041-03-26
103,Mumbai,81467.0,2041-03-27
101,Chennai,66642.0,2041-03-28
107,Mumbai,53014.0,2041-03-29
103,Chennai,34973.0,2041-03-30
108,,34774.0,2041-03-31
104,Chennai,45519.0,2041-04-01
104,Kolkata,77117.0,2041-04-02
105,Kolkata,80155.0,2041-04-03
106,Mumbai,86000.0,2041-04-04
107,Delhi,50580.0,2041-04-05
104,Delhi,53099.0,2041-04-06
108,Mumbai,80218.0,2041-04-07
106,Chennai,76390.0,2041-04-08
101,,67484.0,2041-04-09
101,,72588.0,2041-04-10
109,Delhi,78855.0,2041-04-11
106,,43302.0,2041-04-12
108,Mumbai,85760.0,2041-04-13
107,Kolkata,33234.0,2041-04-14
106,Delhi,36494.0,2041-04-15
104,Delhi,89625.0,2041-04-16
107,Mumbai,44239.0,2041-04-17
109,Kolkata,34498.0,2041-04-18
107,Mumbai,89742.0,2041-04-19
101,Delhi,74198.0,2041-04-20
109,,35267.0,2041-04-21
104,,85323.0,2041-04-22
103,Delhi,42546.0,2041-04-23
104,Chennai,54479.0,2041-04-24
104,Mumbai,66437.0,2041-04-25
102,Mumbai,83867.0,2041-04-26
101,Bangalore,39657.0,2041-04-27
101,Bangalore,52453.0,2041-04-28
108,Bangalore,64729.0,2041-04-29
102,Bangalore,76708.0,2041-04-30
105,Bangalore,47259.0,2041-05-01
104,Chennai,58645.0,2041-05-02
108,Chennai,42093.0,2041-05-03
102,Bangalore,38734.0,2041-05-04
109,Delhi,33516.0,2041-05-05
107,Chennai,83017.0,2041-05-06
107,Kolkata,45032.0,2041-05-07
101,Chennai,50883.0,2041-05-08
102,Bangalore,55594.0,2041-05-09
104,Mumbai,70001.0,2041-05-10
104,Chennai,56004.0,2041-05-11
103,Mumbai,43170.0,2041-05-12
107,,68715.0,2041-05-13
108,Chennai,46958.0,2041-05-14
102,Mumbai,47842.0,2041-05-15
104,Bangalore,70163.0,2041-05-16
103,Kolkata,56075.0,2041-05-17
102,Mumbai,56067.0,2041-05-18
106,Bangalore,33172.0,2041-05-19
104,Chennai,81622.0,2041-05-20
106,Kolkata,66195.0,2041-05-21
102,Delhi,70566.0,2041-05-22
104,Bangalore,37736.0,2041-05-23
106,,78258.0,2041-05-24
105,,61268.0,2041-05-25
103,Chennai,73475.0,2041-05-26
108,,74511.0,2041-05-27
107,Bangalore,34206.0,2041-05-28
103,Bangalore,81352.0,2041-05-29
106,Bangalore,49348.0,2041-05-30
104,Delhi,86057.0,2041-05-31
105,Bangalore,66081.0,2041-06-01
105,Bangalore,77823.0,2041-06-02
107,Kolkata,82079.0,2041-06-03
105,Kolkata,71641.0,2041-06-04
103,Chennai,54854.0,2041-06-05
105,Mumbai,67226.0,2041-06-06
107,Delhi,48032.0,2041-06-07
105,Mumbai,84679.0,2041-06-08
105,Chennai,59272.0,2041-06-09
109,Mumbai,72118.0,2041-06-10
103,Bangalore,70952.0,2041-06-11
106,Mumbai,78633.0,2041-06-12
101,Kolkata,65109.0,2041-06-13
105,Kolkata,80670.0,2041-06-14
108,Chennai,64606.0,2041-06-15
105,Mumbai,80022.0,2041-06-16
109,Bangalore,35538.0,2041-06-17
106,Delhi,74237.0,2041-06-18
108,Delhi,39533.0,2041-06-19
108,Delhi,60792.0,2041-06-20
103,Delhi,89650.0,2041-06-21
107,Delhi,35477.0,2041-06-22
107,Mumbai,39363.0,2041-06-23
106,Delhi,42264.0,2041-06-24
107,Chennai,76304.0,2041-06-25
102,,80280.0,2041-06-26
109,Kolkata,41819.0,2041-06-27
101,Delhi,42191.0,2041-06-28
101,Bangalore,36499.0,2041-06-29
103,Kolkata,74847.0,2041-06-30
103,Delhi,47668.0,2041-07-01
101,Kolkata,38762.0,2041-07-02
107,Bangalore,61292.0,2041-07-03
104,,49248.0,2041-07-04
102,Kolkata,68813.0,2041-07-05
105,Chennai,74944.0,2041-07-06
106,Chennai,41333.0,2041-07-07
109,Mumbai,81129.0,2041-07-08
104,Delhi,60652.0,2041-07-09
102,Bangalore,71406.0,2041-07-10
105,Delhi,43070.0,2041-07-11
103,Delhi,55856.0,2041-07-12
102,Mumbai,61628.0,2041-07-13
101,Kolkata,67807.0,2041-07-14
102,Delhi,53423.0,2041-07-15
106,Mumbai,78033.0,2041-07-16
108,Bangalore,55212.0,2041-07-17
103,Bangalore,65741.0,2041-07-18
109,Delhi,34626.0,2041-07-19
109,,79270.0,2041-07-20
102,Bangalore,70767.0,2041-07-21
108,Bangalore,32292.0,2041-07-22
105,Delhi,81256.0,2041-07-23
104,Bangalore,80219.0,2041-07-24
105,Kolkata,44859.0,2041-07-25
104,Mumbai,60585.0,2041-07-26
108,Mumbai,46807.0,2041-07-27
104,Delhi,33819.0,2041-07-28
106,,54087.0,2041-07-29
102,Delhi,75450.0,2041-07-30
105,Kolkata,77553.0,2041-07-31
106,Mumbai,31280.0,2041-08-01
105,Bangalore,43241.0,2041-08-02
102,Chennai,72779.0,2041-08-03
107,Delhi,44147.0,2041-08-04
104,Bangalore,49816.0,2041-08-05
108,Mumbai,79914.0,2041-08-06
107,Delhi,31629.0,2041-08-07
107,Kolkata,68267.0,2041-08-08
109,Delhi,38634.0,2041-08-09
101,Chennai,33014.0,2041-08-10
106,Mumbai,40773.0,2041-08-11
106,Delhi,47881.0,2041-08-12
106,Chennai,38280.0,2041-08-13
106,Bangalore,89593.0,2041-08-14
107,Mumbai,55555.0,2041-08-15
106,Bangalore,71421.0,2041-08-16
101,Mumbai,49936.0,2041-08-17
103,Kolkata,57332.0,2041-08-18
102,Mumbai,74588.0,2041-08-19
106,Mumbai,57077.0,2041-08-20
108,Kolkata,37637.0,2041-08-21
103,Delhi,54955.0,2041-08-22
108,Mumbai,50880.0,2041-08-23
108,Mumbai,76158.0,2041-08-24
105,Kolkata,83798.0,2041-08-25
108,,82135.0,2041-08-26
106,Chennai,46155.0,2041-08-27
105,Bangalore,33060.0,2041-08-28
109,Chennai,76465.0,2041-08-29
107,Bangalore,78081.0,2041-08-30
108,Mumbai,86986.0,2041-08-31
101,,85956.0,2041-09-01
102,Delhi,70278.0,2041-09-02
108,Mumbai,32950.0,2041-09-03
109,Kolkata,83692.0,2041-09-04
104,Chennai,77155.0,2041-09-05
109,Delhi,53802.0,2041-09-06
104,Delhi,36063.0,2041-09-07
109,Bangalore,44205.0,2041-09-08
107,Bangalore,74690.0,2041-09-09
102,Bangalore,56507.0,2041-09-10
109,Mumbai,37661.0,2041-09-11
104,,66189.0,2041-09-12
108,Mumbai,64758.0,2041-09-13
107,Bangalore,43057.0,2041-09-14
107,Bangalore,50240.0,2041-09-15
108,Delhi,64250.0,2041-09-16
101,Mumbai,65313.0,2041-09-17
105,,66988.0,2041-09-18
102,Kolkata,42491.0,2041-09-19
102,Delhi,63410.0,2041-09-20
101,Kolkata,43332.0,2041-09-21
105,Mumbai,50302.0,2041-09-22
102,Chennai,64354.0,2041-09-23
104,Delhi,48793.0,2041-09-24
103,Kolkata,36504.0,2041-09-25
103,Delhi,58425.0,2041-09-26
102,Bangalore,59811.0,2041-09-27
106,Kolkata,79206.0,2041-09-28
102,Delhi,77395.0,2041-09-29
108,Bangalore,59746.0,2041-09-30
108,Delhi,47225.0,2041-10-01
105,Chennai,69696.0,2041-10-02
107,Mumbai,60973.0,2041-10-03
104,Bangalore,67355.0,2041-10-04
101,,88328.0,2041-10-05
102,Mumbai,57196.0,2041-10-06
104,Delhi,49290.0,2041-10-07
101,Chennai,84240.0,2041-10-08
108,Kolkata,72954.0,2041-10-09
109,,40124.0,2041-10-10
104,Delhi,67824.0,2041-10-11
103,Mumbai,68750.0,2041-10-12
102,Kolkata,32272.0,2041-10-13
105,Kolkata,36141.0,2041-10-14
103,Chennai,87167.0,2041-10-15
107,Mumbai,54678.0,2041-10-16
106,Mumbai,39161.0,2041-10-17
101,Delhi,31071.0,2041-10-18
108,,47120.0,2041-10-19
102,Delhi,55941.0,2041-10-20
105,Bangalore,69144.0,2041-10-21
109,Bangalore,54133.0,2041-10-22
108,Mumbai,33630.0,2041-10-23
102,Mumbai,30227.0,2041-10-24
109,Chennai,78110.0,2041-10-25
105,Mumbai,69433.0,2041-10-26
106,Mumbai,44008.0,2041-10-27
103,Mumbai,84863.0,2041-10-28
103,Kolkata,85308.0,2041-10-29
108,,49954.0,2041-10-30
102,Chennai,87788.0,2041-10-31
102,Kolkata,70761.0,2041-11-01
105,Bangalore,44675.0,2041-11-02
106,Chennai,31619.0,2041-11-03
102,,42885.0,2041-11-04
105,Bangalore,32204.0,2041-11-05
107,Delhi,81855.0,2041-11-06
108,,70510.0,2041-11-07
107,Kolkata,41694.0,2041-11-08
108,Mumbai,74586.0,2041-11-09
109,,70342.0,2041-11-10
105,Mumbai,39373.0,2041-11-11
105,Mumbai,41448.0,2041-11-12
104,Chennai,79949.0,2041-11-13
109,Mumbai,61210.0,2041-11-14
105,Chennai,55410.0,2041-11-15
102,Delhi,82151.0,2041-11-16
108,Delhi,89376.0,2041-11-17
107,Bangalore,59028.0,2041-11-18
108,Bangalore,32764.0,2041-11-19
103,Delhi,73369.0,2041-11-20
104,,82836.0,2041-11-21
105,Bangalore,41467.0,2041-11-22
106,Delhi,38199.0,2041-11-23
101,Mumbai,57095.0,2041-11-24
104,Kolkata,73179.0,2041-11-25
105,Bangalore,62463.0,2041-11-26
107,Delhi,69007.0,2041-11-27
105,Delhi,83026.0,2041-11-28
101,Bangalore,77711.0,2041-11-29
107,Mumbai,43617.0,2041-11-30
108,Chennai,58304.0,2041-12-01
107,,33329.0,2041-12-02
104,Mumbai,61193.0,2041-12-03
108,Kolkata,85221.0,2041-12-04
105,,41563.0,2041-12-05
109,,35584.0,2041-12-06
105,,38805.0,2041-12-07
101,Kolkata,55264.0,2041-12-08
109,Bangalore,39089.0,2041-12-09
105,Bangalore,43639.0,2041-12-10
106,Bangalore,54685.0,2041-12-11
104,Kolkata,78256.0,2041-12-12
106,Mumbai,41110.0,2041-12-13
108,Delhi,63928.0,2041-12-14
103,Delhi,74941.0,2041-12-15
105,Kolkata,82762.0,2041-12-16
102,Kolkata,51128.0,2041-12-17
102,Bangalore,70099.0,2041-12-18
107,Mumbai,44684.0,2041-12-19
106,Chennai,81155.0,2041-12-20
104,Delhi,77566.0,2041-12-21
105,Bangalore,54419.0,2041-12-22
101,Mumbai,31527.0,2041-12-23
107,,45220.0,2041-12-24
108,Bangalore,53702.0,2041-12-25
109,Bangalore,72873.0,2041-12-26
108,Chennai,57757.0,2041-12-27
105,Bangalore,76664.0,2041-12-28
103,Mumbai,43085.0,2041-12-29
109,Bangalore,45205.0,2041-12-30
106,,86386.0,2041-12-31
105,Bangalore,84321.0,2042-01-01
103,Chennai,50994.0,2042-01-02
106,,60945.0,2042-01-03
103,Kolkata,85873.0,2042-01-04
106,Chennai,87849.0,2042-01-05
104,Chennai,50634.0,2042-01-06
102,,72966.0,2042-01-07
108,,60569.0,2042-01-08
104,,60175.0,2042-01-09
109,Chennai,75166.0,2042-01-10
107,Mumbai,36626.0,2042-01-11
102,Delhi,65623.0,2042-01-12
104,Mumbai,33964.0,2042-01-13
105,,87087.0,2042-01-14
103,Kolkata,77377.0,2042-01-15
109,Bangalore,77258.0,2042-01-16
105,Bangalore,48058.0,2042-01-17
102,Mumbai,55766.0,2042-01-18
103,Bangalore,76098.0,2042-01-19
109,Chennai,65160.0,2042-01-20
107,Bangalore,46262.0,2042-01-21
102,Delhi,69646.0,2042-01-22
109,Bangalore,77672.0,2042-01-23
104,Mumbai,64689.0,2042-01-24
109,,58965.0,2042-01-25
102,Mumbai,40884.0,2042-01-26
104,,34433.0,2042-01-27
105,Mumbai,48211.0,2042-01-28
102,Delhi,40691.0,2042-01-29
101,Chennai,61063.0,2042-01-30
107,Kolkata,63484.0,2042-01-31
101,Bangalore,79782.0,2042-02-01
108,Mumbai,51244.0,2042-02-02
103,Delhi,54660.0,2042-02-03
106,Chennai,66536.0,2042-02-04
107,Delhi,88080.0,2042-02-05
101,Mumbai,65475.0,2042-02-06
106,Chennai,,2042-02-07
107,Delhi,78919.0,2042-02-08
106,Delhi,54802.0,2042-02-09
104,Delhi,82509.0,2042-02-10
101,,72267.0,2042-02-11
109,Mumbai,87012.0,2042-02-12
104,,79074.0,2042-02-13
107,Mumbai,83356.0,2042-02-14
107,Kolkata,50614.0,2042-02-15
102,Mumbai,35033.0,2042-02-16
101,Bangalore,34386.0,2042-02-17
108,Kolkata,42150.0,2042-02-18
108,Kolkata,38157.0,2042-02-19
107,Kolkata,76881.0,2042-02-20
108,Kolkata,78742.0,2042-02-21
103,Mumbai,60408.0,2042-02-22
102,Bangalore,37675.0,2042-02-23
107,Bangalore,56228.0,2042-02-24
108,Kolkata,48251.0,2042-02-25
101,Mumbai,53349.0,2042-02-26
109,,86348.0,2042-02-27
104,Bangalore,79178.0,2042-02-28
104,Chennai,45826.0,2042-03-01
103,Mumbai,85308.0,2042-03-02
106,Bangalore,75609.0,2042-03-03
101,Chennai,39124.0,2042-03-04
106,Bangalore,36588.0,2042-03-05
102,,60943.0,2042-03-06
109,Chennai,78590.0,2042-03-07
102,Bangalore,58034.0,2042-03-08
107,Kolkata,52151.0,2042-03-09
101,Chennai,79618.0,2042-03-10
107,Chennai,62400.0,2042-03-11
105,Mumbai,86841.0,2042-03-12
108,Mumbai,43536.0,2042-03-13
104,Chennai,32700.0,2042-03-14
107,Kolkata,56074.0,2042-03-15
106,Mumbai,38809.0,2042-03-16
105,Mumbai,45115.0,2042-03-17
104,Bangalore,82929.0,2042-03-18
107,Delhi,75513.0,2042-03-19
105,Chennai,49071.0,2042-03-20
105,Chennai,68100.0,2042-03-21
101,Mumbai,53190.0,2042-03-22
102,Kolkata,51440.0,2042-03-23
105,Bangalore,56080.0,2042-03-24
103,Chennai,74927.0,2042-03-25
102,Mumbai,62947.0,2042-03-26
104,Bangalore,37996.0,2042-03-27
104,Kolkata,73545.0,2042-03-28
104,Mumbai,44862.0,2042-03-29
104,Mumbai,89413.0,2042-03-30
103,Mumbai,68232.0,2042-03-31
107,Delhi,53104.0,2042-04-01
109,Mumbai,47305.0,2042-04-02
105,Mumbai,65860.0,2042-04-03
104,,35527.0,2042-04-04
102,Chennai,88854.0,2042-04-05
102,Mumbai,74559.0,2042-04-06
105,Kolkata,43727.0,2042-04-07
107,Delhi,59967.0,2042-04-08
109,Bangalore,53849.0,2042-04-09
107,Mumbai,32719.0,2042-04-10
105,Delhi,87265.0,2042-04-11
106,Kolkata,78680.0,2042-04-12
103,Delhi,78235.0,2042-04-13
105,Kolkata,42924.0,2042-04-14
108,Bangalore,39215.0,2042-04-15
101,Delhi,79303.0,2042-04-16
101,Chennai,54588.0,2042-04-17
107,Bangalore,55290.0,2042-04-18
105,Mumbai,78009.0,2042-04-19
105,Mumbai,50009.0,2042-04-20
101,Delhi,61912.0,2042-04-21
109,,87592.0,2042-04-22
101,Bangalore,31144.0,2042-04-23
105,Delhi,83634.0,2042-04-24
109,Kolkata,67302.0,2042-04-25
104,Mumbai,44635.0,2042-04-26
108,Mumbai,63488.0,2042-04-27
106,Mumbai,83720.0,2042-04-28
103,Bangalore,82381.0,2042-04-29
104,Delhi,31006.0,2042-04-30
102,Bangalore,83880.0,2042-05-01
101,Kolkata,41490.0,2042-05-02
108,Delhi,57044.0,2042-05-03
101,Mumbai,37099.0,2042-05-04
101,Mumbai,53500.0,2042-05-05
104,Bangalore,75079.0,2042-05-06
106,,82965.0,2042-05-07
109,Mumbai,30537.0,2042-05-08
101,Delhi,78697.0,2042-05-09
107,Mumbai,41016.0,2042-05-10
105,Delhi,65453.0,2042-05-11
108,Chennai,31980.0,2042-05-12
107,Delhi,35906.0,2042-05-13
104,Mumbai,63307.0,2042-05-14
104,Bangalore,53430.0,2042-05-15
106,Mumbai,74844.0,2042-05-16
106,Bangalore,58629.0,2042-05-17
109,Delhi,57775.0,2042-05-18
105,,70029.0,2042-05-19
108,Mumbai,60398.0,2042-05-20
105,,87827.0,2042-05-21
102,Mumbai,71988.0,2042-05-22
106,Kolkata,85452.0,2042-05-23
109,Mumbai,30051.0,2042-05-24
103,Chennai,54818.0,2042-05-25
101,Mumbai,31686.0,2042-05-26
101,Bangalore,49205.0,2042-05-27
103,Chennai,52947.0,2042-05-28
105,Bangalore,87272.0,2042-05-29
103,Bangalore,38096.0,2042-05-30
109,Delhi,72800.0,2042-05-31
108,Mumbai,38616.0,2042-06-01
103,Bangalore,73087.0,2042-06-02
109,Delhi,88038.0,2042-06-03
106,Mumbai,38545.0,2042-06-04
107,Mumbai,66458.0,2042-06-05
104,Mumbai,80841.0,2042-06-06
104,Bangalore,38484.0,2042-06-07
102,Bangalore,30716.0,2042-06-08
105,,53667.0,2042-06-09
108,Mumbai,59200.0,2042-06-10
107,,34575.0,2042-06-11
107,Chennai,50956.0,2042-06-12
106,,40670.0,2042-06-13
103,Kolkata,45637.0,2042-06-14
105,Chennai,46346.0,2042-06-15
101,Mumbai,56940.0,2042-06-16
107,Mumbai,63405.0,2042-06-17
109,Mumbai,70747.0,2042-06-18
101,,89749.0,2042-06-19
102,,39491.0,2042-06-20
103,Chennai,83100.0,2042-06-21
103,Kolkata,88033.0,2042-06-22
108,,42631.0,2042-06-23
107,Bangalore,51934.0,2042-06-24
106,Chennai,57182.0,2042-06-25
104,Bangalore,38903.0,2042-06-26
109,Bangalore,57186.0,2042-06-27
101,Delhi,87782.0,2042-06-28
102,Bangalore,41725.0,2042-06-29
104,Chennai,42070.0,2042-06-30
103,Bangalore,66109.0,2042-07-01
101,Kolkata,46068.0,2042-07-02
105,Mumbai,35550.0,2042-07-03
107,Delhi,83390.0,2042-07-04
102,Kolkata,48167.0,2042-07-05
105,Chennai,55443.0,2042-07-06
106,Mumbai,44688.0,2042-07-07
107,Bangalore,80640.0,2042-07-08
101,Bangalore,86312.0,2042-07-09
107,,79619.0,2042-07-10
104,Chennai,68351.0,2042-07-11
108,Delhi,59548.0,2042-07-12
104,Bangalore,42113.0,2042-07-13
106,Kolkata,80569.0,2042-07-14
109,Chennai,52289.0,2042-07-15
105,Kolkata,48160.0,2042-07-16
104,Mumbai,63849.0,2042-07-17
108,Kolkata,76205.0,2042-07-18
109,Kolkata,49309.0,2042-07-19
104,Chennai,66852.0,2042-07-20
103,Mumbai,75021.0,2042-07-21
108,Kolkata,70396.0,2042-07-22
105,Chennai,36195.0,2042-07-23
102,Kolkata,31011.0,2042-07-24
109,Mumbai,54286.0,2042-07-25
103,Delhi,63581.0,2042-07-26
102,Mumbai,42138.0,2042-07-27
101,Bangalore,89660.0,2042-07-28
108,Bangalore,56719.0,2042-07-29
103,Bangalore,63040.0,2042-07-30
107,Bangalore,78450.0,2042-07-31
101,Kolkata,50028.0,2042-08-01
101,Delhi,46192.0,2042-08-02
109,Mumbai,48100.0,2042-08-03
108,Kolkata,36276.0,2042-08-04
103,Bangalore,57551.0,2042-08-05
106,Bangalore,85384.0,2042-08-06
103,Bangalore,36828.0,2042-08-07
104,Bangalore,63124.0,2042-08-08
101,Delhi,43654.0,2042-08-09
105,Bangalore,30203.0,2042-08-10
101,,50129.0,2042-08-11
101,Bangalore,80748.0,2042-08-12
107,Delhi,36614.0,2042-08-13
106,Kolkata,77567.0,2042-08-14
102,Mumbai,63264.0,2042-08-15
102,Delhi,42989.0,2042-08-16
107,Kolkata,79214.0,2042-08-17
101,Delhi,31579.0,2042-08-18
102,,87883.0,2042-08-19
108,Bangalore,83445.0,2042-08-20
106,Chennai,34876.0,2042-08-21
102,Bangalore,70618.0,2042-08-22
107,Mumbai,34125.0,2042-08-23
104,Chennai,81865.0,2042-08-24
102,,35328.0,2042-08-25
106,Kolkata,78968.0,2042-08-26
109,Chennai,72040.0,2042-08-27
109,,89199.0,2042-08-28
108,Mumbai,87039.0,2042-08-29
103,Delhi,41696.0,2042-08-30
103,Delhi,66147.0,2042-08-31
102,Chennai,80750.0,2042-09-01
105,Kolkata,46119.0,2042-09-02
104,Chennai,54017.0,2042-09-03
107,,78780.0,2042-09-04
104,Chennai,56204.0,2042-09-05
109,Mumbai,49562.0,2042-09-06
102,Delhi,54428.0,2042-09-07
106,,89991.0,2042-09-08
107,Delhi,51497.0,2042-09-09
104,Bangalore,33372.0,2042-09-10
106,Mumbai,53147.0,2042-09-11
107,Mumbai,47453.0,2042-09-12
104,Chennai,77180.0,2042-09-13
108,Mumbai,81928.0,2042-09-14
109,,63960.0,2042-09-15
101,Bangalore,47197.0,2042-09-16
107,Chennai,63920.0,2042-09-17
109,Chennai,84984.0,2042-09-18
105,Chennai,31883.0,2042-09-19
102,,46651.0,2042-09-20
106,Mumbai,50055.0,2042-09-21
107,Delhi,32812.0,2042-09-22
102,Delhi,60445.0,2042-09-23
102,Kolkata,75640.0,2042-09-24
101,,36562.0,2042-09-25
104,Mumbai,37013.0,2042-09-26
107,Chennai,35177.0,2042-09-27
109,Delhi,50469.0,2042-09-28
103,Delhi,79535.0,2042-09-29
107,Chennai,82002.0,2042-09-30
107,Delhi,61229.0,2042-10-01
107,Bangalore,59101.0,2042-10-02
102,Chennai,57987.0,2042-10-03
106,Kolkata,53105.0,2042-10-04
102,Bangalore,53467.0,2042-10-05
106,Chennai,47433.0,2042-10-06
103,Bangalore,48217.0,2042-10-07
102,Delhi,61308.0,2042-10-08
106,Chennai,38989.0,2042-10-09
102,Delhi,67235.0,2042-10-10
105,Delhi,49359.0,2042-10-11
102,Bangalore,35155.0,2042-10-12
103,Kolkata,86850.0,2042-10-13
103,Delhi,87152.0,2042-10-14
106,Delhi,76904.0,2042-10-15
106,Delhi,80442.0,2042-10-16
103,Mumbai,37961.0,2042-10-17
103,Bangalore,53983.0,2042-10-18
101,Delhi,37186.0,2042-10-19
107,Kolkata,37506.0,2042-10-20
108,Kolkata,81339.0,2042-10-21
102,Chennai,71026.0,2042-10-22
104,Bangalore,76070.0,2042-10-23
107,Mumbai,78951.0,2042-10-24
108,Mumbai,60225.0,2042-10-25
101,Bangalore,88736.0,2042-10-26
104,Delhi,37791.0,2042-10-27
106,Chennai,57597.0,2042-10-28
103,Mumbai,36770.0,2042-10-29
105,Mumbai,39893.0,2042-10-30
109,Mumbai,55154.0,2042-10-31
103,Delhi,54318.0,2042-11-01
105,,80757.0,2042-11-02
108,Delhi,70755.0,2042-11-03
106,Kolkata,69933.0,2042-11-04
104,Bangalore,43514.0,2042-11-05
108,Kolkata,61358.0,2042-11-06
103,Bangalore,52438.0,2042-11-07
103,,89322.0,2042-11-08
104,Mumbai,67273.0,2042-11-09
109,Bangalore,57456.0,2042-11-10
105,Delhi,53631.0,2042-11-11
108,Bangalore,35807.0,2042-11-12
106,Bangalore,36256.0,2042-11-13
103,Chennai,45156.0,2042-11-14
108,Mumbai,41908.0,2042-11-15
109,Delhi,54435.0,2042-11-16
108,Chennai,34284.0,2042-11-17
104,Bangalore,60432.0,2042-11-18
106,Delhi,44438.0,2042-11-19
101,,64922.0,2042-11-20
104,,70510.0,2042-11-21
108,Kolkata,44227.0,2042-11-22
101,Kolkata,44265.0,2042-11-23
103,Delhi,49188.0,2042-11-24
101,,48604.0,2042-11-25
109,Bangalore,58565.0,2042-11-26
102,Delhi,62588.0,2042-11-27
109,Kolkata,71958.0,2042-11-28
104,Mumbai,62074.0,2042-11-29
102,Bangalore,47105.0,2042-11-30
104,Delhi,55790.0,2042-12-01
106,Bangalore,89037.0,2042-12-02
107,Bangalore,53358.0,2042-12-03
103,Bangalore,60944.0,2042-12-04
103,Delhi,52187.0,2042-12-05
108,Bangalore,82546.0,2042-12-06
105,Bangalore,34025.0,2042-12-07
104,Mumbai,58155.0,2042-12-08
107,,54512.0,2042-12-09
107,Bangalore,45907.0,2042-12-10
109,Kolkata,44469.0,2042-12-11
109,Delhi,67924.0,2042-12-12
105,Mumbai,77196.0,2042-12-13
108,Delhi,44410.0,2042-12-14
101,Bangalore,73763.0,2042-12-15
109,Delhi,89574.0,2042-12-16
108,Bangalore,67580.0,2042-12-17
106,Mumbai,38650.0,2042-12-18
103,Mumbai,78826.0,2042-12-19
103,Chennai,56277.0,2042-12-20
108,,87970.0,2042-12-21
105,Mumbai,32456.0,2042-12-22
107,Chennai,46590.0,2042-12-23
105,Chennai,57892.0,2042-12-24
108,Bangalore,47740.0,2042-12-25
104,Kolkata,75728.0,2042-12-26
102,,41788.0,2042-12-27
103,Mumbai,53845.0,2042-12-28
108,Chennai,37156.0,2042-12-29
107,Chennai,77033.0,2042-12-30
102,Bangalore,38151.0,2042-12-31
106,Mumbai,56515.0,2043-01-01
109,,40987.0,2043-01-02
104,Kolkata,42560.0,2043-01-03
109,Delhi,85674.0,2043-01-04
102,Delhi,32673.0,2043-01-05
102,,77767.0,2043-01-06
109,Delhi,80201.0,2043-01-07
107,Chennai,36823.0,2043-01-08
107,Mumbai,81743.0,2043-01-09
101,Delhi,69644.0,2043-01-10
106,Delhi,58365.0,2043-01-11
107,Mumbai,83156.0,2043-01-12
106,Delhi,68741.0,2043-01-13
106,Bangalore,38282.0,2043-01-14
102,Chennai,71435.0,2043-01-15
106,Mumbai,38056.0,2043-01-16
104,Chennai,64814.0,2043-01-17
109,Bangalore,51691.0,2043-01-18
101,Bangalore,70504.0,2043-01-19
108,Bangalore,66458.0,2043-01-20
105,Bangalore,58601.0,2043-01-21
101,,82418.0,2043-01-22
104,Chennai,51013.0,2043-01-23
101,Mumbai,65513.0,2043-01-24
106,Chennai,53407.0,2043-01-25
102,Mumbai,54660.0,2043-01-26
105,Delhi,32639.0,2043-01-27
107,Bangalore,51320.0,2043-01-28
102,Kolkata,30076.0,2043-01-29
106,Mumbai,36473.0,2043-01-30
106,Kolkata,40622.0,2043-01-31
105,Mumbai,82656.0,2043-02-01
105,Mumbai,48808.0,2043-02-02
103,,85636.0,2043-02-03
102,Bangalore,35296.0,2043-02-04
107,Kolkata,52951.0,2043-02-05
101,Kolkata,52470.0,2043-02-06
106,,81373.0,2043-02-07
106,Delhi,30405.0,2043-02-08
103,Mumbai,81281.0,2043-02-09
102,Kolkata,75076.0,2043-02-10
102,Bangalore,85986.0,2043-02-11
109,Bangalore,45345.0,2043-02-12
105,Delhi,30397.0,2043-02-13
107,Mumbai,44665.0,2043-02-14
105,Bangalore,44560.0,2043-02-15
107,Mumbai,56376.0,2043-02-16
104,Mumbai,49857.0,2043-02-17
108,Delhi,62506.0,2043-02-18
107,Delhi,72768.0,2043-02-19
105,Kolkata,67757.0,2043-02-20
106,Chennai,50310.0,2043-02-21
105,Delhi,48328.0,2043-02-22
107,Mumbai,71397.0,2043-02-23
102,Bangalore,68159.0,2043-02-24
105,Mumbai,84551.0,2043-02-25
103,Kolkata,62990.0,2043-02-26
109,Kolkata,80762.0,2043-02-27
106,Kolkata,37830.0,2043-02-28
103,Bangalore,89304.0,2043-03-01
107,Mumbai,78998.0,2043-03-02
104,Chennai,83756.0,2043-03-03
103,Delhi,66768.0,2043-03-04
108,Delhi,49048.0,2043-03-05
104,Delhi,80217.0,2043-03-06
101,Bangalore,76255.0,2043-03-07
106,Mumbai,51748.0,2043-03-08
101,Delhi,88620.0,2043-03-09
105,Chennai,35393.0,2043-03-10
107,,86254.0,2043-03-11
106,Delhi,53885.0,2043-03-12
102,Bangalore,30603.0,2043-03-13
104,Delhi,84282.0,2043-03-14
102,,36295.0,2043-03-15
101,Mumbai,71148.0,2043-03-16
103,Kolkata,37103.0,2043-03-17
103,Mumbai,55251.0,2043-03-18
107,Kolkata,79789.0,2043-03-19
101,Mumbai,44546.0,2043-03-20
109,Mumbai,89340.0,2043-03-21
106,Delhi,45456.0,2043-03-22
104,Mumbai,48228.0,2043-03-23
103,Kolkata,44674.0,2043-03-24
103,Chennai,30046.0,2043-03-25
102,Bangalore,30819.0,2043-03-26
102,,66575.0,2043-03-27
105,Bangalore,49406.0,2043-03-28
109,,31080.0,2043-03-29
102,Delhi,33146.0,2043-03-30
102,,80429.0,2043-03-31
106,Delhi,41926.0,2043-04-01
102,Bangalore,45930.0,2043-04-02
104,Bangalore,77940.0,2043-04-03
106,Bangalore,45287.0,2043-04-04
105,Bangalore,69509.0,2043-04-05
101,Mumbai,64985.0,2043-04-06
106,,84417.0,2043-04-07
101,,32886.0,2043-04-08
103,,43344.0,2043-04-09
105,,52018.0,2043-04-10
105,Kolkata,71755.0,2043-04-11
106,,82480.0,2043-04-12
108,Kolkata,37293.0,2043-04-13
105,Bangalore,33006.0,2043-04-14
101,Kolkata,69726.0,2043-04-15
105,,54356.0,2043-04-16
103,Chennai,73349.0,2043-04-17
104,Bangalore,66911.0,2043-04-18
108,Delhi,44699.0,2043-04-19
107,Kolkata,58434.0,2043-04-20
105,,84669.0,2043-04-21
102,Mumbai,47602.0,2043-04-22
106,Delhi,70786.0,2043-04-23
106,Mumbai,39952.0,2043-04-24
106,Bangalore,71684.0,2043-04-25
109,Mumbai,80496.0,2043-04-26
108,Chennai,60489.0,2043-04-27
108,,62905.0,2043-04-28
101,Chennai,83602.0,2043-04-29
105,Mumbai,76924.0,2043-04-30
107,,43381.0,2043-05-01
106,Bangalore,84058.0,2043-05-02
105,Delhi,43893.0,2043-05-03
108,Bangalore,58130.0,2043-05-04
103,Chennai,60415.0,2043-05-05
106,Kolkata,79128.0,2043-05-06
105,,49143.0,2043-05-07
108,Mumbai,62826.0,2043-05-08
104,Delhi,79922.0,2043-05-09
108,Delhi,30388.0,2043-05-10
102,Chennai,42116.0,2043-05-11
109,Kolkata,49806.0,2043-05-12
109,Bangalore,69780.0,2043-05-13
106,Mumbai,75394.0,2043-05-14
104,,34852.0,2043-05-15
104,,79747.0,2043-05-16
106,Mumbai,38627.0,2043-05-17
105,Kolkata,88817.0,2043-05-18
106,Chennai,59048.0,2043-05-19
107,Delhi,64750.0,2043-05-20
107,Mumbai,57014.0,2043-05-21
109,Delhi,77584.0,2043-05-22
108,Mumbai,41060.0,2043-05-23
106,Chennai,75169.0,2043-05-24
106,Mumbai,88117.0,2043-05-25
105,Mumbai,89270.0,2043-05-26
101,Bangalore,73179.0,2043-05-27
109,Delhi,38209.0,2043-05-28
109,Chennai,83482.0,2043-05-29
109,Bangalore,68197.0,2043-05-30
108,Bangalore,42158.0,2043-05-31
103,,48076.0,2043-06-01
101,Mumbai,81922.0,2043-06-02
108,Chennai,34376.0,2043-06-03
107,Mumbai,84078.0,2043-06-04
105,Kolkata,49651.0,2043-06-05
107,Kolkata,88482.0,2043-06-06
104,Mumbai,53948.0,2043-06-07
109,Chennai,48079.0,2043-06-08
102,Delhi,43978.0,2043-06-09
109,,80738.0,2043-06-10
109,Mumbai,42705.0,2043-06-11
105,Kolkata,56907.0,2043-06-12
101,Mumbai,83832.0,2043-06-13
107,Chennai,51831.0,2043-06-14
104,,84612.0,2043-06-15
109,Kolkata,73629.0,2043-06-16
106,Delhi,37965.0,2043-06-17
103,Bangalore,81420.0,2043-06-18
106,Mumbai,40248.0,2043-06-19
106,Bangalore,76988.0,2043-06-20
105,Mumbai,53633.0,2043-06-21
102,Mumbai,59503.0,2043-06-22
102,Bangalore,37461.0,2043-06-23
107,Delhi,56998.0,2043-06-24
102,Bangalore,42821.0,2043-06-25
106,Mumbai,49870.0,2043-06-26
105,Mumbai,43410.0,2043-06-27
104,Chennai,52185.0,2043-06-28
107,Delhi,49133.0,2043-06-29
108,Mumbai,54169.0,2043-06-30
104,Bangalore,53359.0,2043-07-01
101,Bangalore,57400.0,2043-07-02
101,Chennai,64173.0,2043-07-03
101,Mumbai,89230.0,2043-07-04
101,Mumbai,41179.0,2043-07-05
105,Kolkata,66343.0,2043-07-06
104,,65495.0,2043-07-07
109,Delhi,36487.0,2043-07-08
103,Bangalore,44760.0,2043-07-09
107,Mumbai,56439.0,2043-07-10
108,Mumbai,56929.0,2043-07-11
106,Mumbai,36291.0,2043-07-12
101,Chennai,57472.0,2043-07-13
108,Delhi,59403.0,2043-07-14
103,,32501.0,2043-07-15
108,Bangalore,80089.0,2043-07-16
104,Mumbai,73040.0,2043-07-17
108,Kolkata,31755.0,2043-07-18
101,Delhi,66158.0,2043-07-19
103,Bangalore,35816.0,2043-07-20
106,Mumbai,47600.0,2043-07-21
109,Mumbai,62616.0,2043-07-22
102,Mumbai,80355.0,2043-07-23
101,Delhi,31890.0,2043-07-24
103,Delhi,41223.0,2043-07-25
104,Delhi,76597.0,2043-07-26
105,,54966.0,2043-07-27
103,Delhi,37688.0,2043-07-28
102,Delhi,69268.0,2043-07-29
102,,69484.0,2043-07-30
107,Chennai,89855.0,2043-07-31
109,Bangalore,57553.0,2043-08-01
102,Delhi,33746.0,2043-08-02
107,Chennai,87442.0,2043-08-03
107,Delhi,48579.0,2043-08-04
107,Chennai,83817.0,2043-08-05
103,,43014.0,2043-08-06
107,Bangalore,78443.0,2043-08-07
101,Mumbai,71961.0,2043-08-08
101,Chennai,86501.0,2043-08-09
105,Bangalore,88914.0,2043-08-10
102,Bangalore,83550.0,2043-08-11
109,Bangalore,66397.0,2043-08-12
107,Chennai,37766.0,2043-08-13
104,Bangalore,36147.0,2043-08-14
104,,77881.0,2043-08-15
102,Kolkata,77210.0,2043-08-16
105,Mumbai,77178.0,2043-08-17
104,Chennai,31063.0,2043-08-18
101,Mumbai,38830.0,2043-08-19
108,Kolkata,73702.0,2043-08-20
103,Delhi,39334.0,2043-08-21
106,Bangalore,40312.0,2043-08-22
104,Kolkata,55127.0,2043-08-23
109,Mumbai,66043.0,2043-08-24
107,Kolkata,30976.0,2043-08-25
109,Chennai,75151.0,2043-08-26
103,Mumbai,74174.0,2043-08-27
101,Bangalore,41739.0,2043-08-28
105,,34069.0,2043-08-29
103,Mumbai,45604.0,2043-08-30
106,Chennai,44612.0,2043-08-31
108,Chennai,79102.0,2043-09-01
104,,69170.0,2043-09-02
105,Chennai,75101.0,2043-09-03
105,Bangalore,30345.0,2043-09-04
104,,67710.0,2043-09-05
104,Kolkata,49326.0,2043-09-06
104,Chennai,86556.0,2043-09-07
104,Delhi,80228.0,2043-09-08
104,Mumbai,39363.0,2043-09-09
105,Chennai,33770.0,2043-09-10
102,Bangalore,84804.0,2043-09-11
102,Mumbai,74121.0,2043-09-12
109,Delhi,38424.0,2043-09-13
102,Bangalore,41990.0,2043-09-14
106,Mumbai,38048.0,2043-09-15
102,Mumbai,58722.0,2043-09-16
105,Mumbai,74867.0,2043-09-17
104,Kolkata,74659.0,2043-09-18
107,Bangalore,62137.0,2043-09-19
107,Mumbai,45573.0,2043-09-20
106,Delhi,46834.0,2043-09-21
105,Bangalore,39554.0,2043-09-22
101,Kolkata,63118.0,2043-09-23
103,Chennai,57272.0,2043-09-24
109,Mumbai,72268.0,2043-09-25
101,Bangalore,66772.0,2043-09-26
105,Kolkata,41117.0,2043-09-27
102,Delhi,51062.0,2043-09-28
104,Bangalore,46628.0,2043-09-29
101,Mumbai,83797.0,2043-09-30
103,Delhi,43015.0,2043-10-01
107,Delhi,34734.0,2043-10-02
103,Bangalore,75639.0,2043-10-03
104,Delhi,89617.0,2043-10-04
102,Delhi,45162.0,2043-10-05
103,Mumbai,79592.0,2043-10-06
109,Delhi,74505.0,2043-10-07
103,Bangalore,39659.0,2043-10-08
105,Delhi,85067.0,2043-10-09
102,Mumbai,46795.0,2043-10-10
104,Kolkata,63581.0,2043-10-11
107,Chennai,58917.0,2043-10-12
107,Bangalore,83830.0,2043-10-13
103,Delhi,48114.0,2043-10-14
105,Chennai,36643.0,2043-10-15
101,Delhi,43269.0,2043-10-16
101,Delhi,48358.0,2043-10-17
105,Chennai,63317.0,2043-10-18
109,,77220.0,2043-10-19
101,Bangalore,62493.0,2043-10-20
101,Delhi,48321.0,2043-10-21
104,Kolkata,30203.0,2043-10-22
104,Delhi,45718.0,2043-10-23
102,Kolkata,66356.0,2043-10-24
109,Mumbai,86235.0,2043-10-25
109,Mumbai,65304.0,2043-10-26
102,Bangalore,52172.0,2043-10-27
109,,38298.0,2043-10-28
106,Kolkata,50195.0,2043-10-29
108,Bangalore,65469.0,2043-10-30
104,Chennai,74857.0,2043-10-31
102,Bangalore,40411.0,2043-11-01
102,Chennai,37825.0,2043-11-02
109,Kolkata,61238.0,2043-11-03
101,Delhi,68742.0,2043-11-04
107,Mumbai,83088.0,2043-11-05
103,,34090.0,2043-11-06
103,,88301.0,2043-11-07
102,Delhi,53340.0,2043-11-08
106,Mumbai,57151.0,2043-11-09
102,,73327.0,2043-11-10
104,Bangalore,39252.0,2043-11-11
109,Bangalore,65314.0,2043-11-12
109,Delhi,33736.0,2043-11-13
106,Kolkata,77368.0,2043-11-14
104,Mumbai,31672.0,2043-11-15
107,Delhi,30401.0,2043-11-16
101,Mumbai,45322.0,2043-11-17
104,,55177.0,2043-11-18
105,Chennai,41191.0,2043-11-19
108,Kolkata,67081.0,2043-11-20
102,Mumbai,44665.0,2043-11-21
105,,74412.0,2043-11-22
106,Kolkata,85504.0,2043-11-23
105,Kolkata,74594.0,2043-11-24
109,,87631.0,2043-11-25
101,Mumbai,79239.0,2043-11-26
103,Chennai,86298.0,2043-11-27
102,,79071.0,2043-11-28
103,Kolkata,69047.0,2043-11-29
109,Bangalore,81357.0,2043-11-30
109,Delhi,61513.0,2043-12-01
102,Chennai,32967.0,2043-12-02
103,Bangalore,67018.0,2043-12-03
104,Delhi,82686.0,2043-12-04
109,Kolkata,54795.0,2043-12-05
103,Mumbai,88826.0,2043-12-06
107,Mumbai,33238.0,2043-12-07
103,Chennai,38513.0,2043-12-08
107,Bangalore,32738.0,2043-12-09
107,Delhi,34936.0,2043-12-10
109,Mumbai,64604.0,2043-12-11
102,Delhi,81711.0,2043-12-12
106,Delhi,60806.0,2043-12-13
109,Delhi,31568.0,2043-12-14
102,Delhi,73282.0,2043-12-15
102,Mumbai,60860.0,2043-12-16
105,Bangalore,76815.0,2043-12-17
108,,34720.0,2043-12-18
109,Bangalore,70725.0,2043-12-19
102,Chennai,73923.0,2043-12-20
105,Mumbai,38544.0,2043-12-21
107,Kolkata,55604.0,2043-12-22
106,Chennai,69293.0,2043-12-23
106,Bangalore,46083.0,2043-12-24
107,Delhi,37935.0,2043-12-25
103,Mumbai,60029.0,2043-12-26
103,Chennai,56585.0,2043-12-27
109,Bangalore,88271.0,2043-12-28
108,Kolkata,87373.0,2043-12-29
105,Mumbai,53898.0,2043-12-30
106,Delhi,53449.0,2043-12-31
101,Bangalore,36737.0,2044-01-01
101,Kolkata,65308.0,2044-01-02
104,Mumbai,50203.0,2044-01-03
102,Chennai,87838.0,2044-01-04
107,Mumbai,87175.0,2044-01-05
102,Bangalore,59059.0,2044-01-06
102,Kolkata,55448.0,2044-01-07
105,Kolkata,47218.0,2044-01-08
104,Delhi,49708.0,2044-01-09
108,Mumbai,47013.0,2044-01-10
104,Chennai,32986.0,2044-01-11
106,Delhi,87373.0,2044-01-12
105,Chennai,77726.0,2044-01-13
102,Bangalore,87231.0,2044-01-14
108,Mumbai,54317.0,2044-01-15
102,Kolkata,82934.0,2044-01-16
109,Mumbai,55382.0,2044-01-17
109,,36485.0,2044-01-18
103,Kolkata,60504.0,2044-01-19
104,Chennai,84558.0,2044-01-20
108,Delhi,89312.0,2044-01-21
109,,82620.0,2044-01-22
103,Kolkata,53528.0,2044-01-23
105,Mumbai,41772.0,2044-01-24
108,Mumbai,40152.0,2044-01-25
103,Mumbai,42531.0,2044-01-26
107,,87564.0,2044-01-27
108,Kolkata,84427.0,2044-01-28
103,,60078.0,2044-01-29
102,Kolkata,68635.0,2044-01-30
107,Bangalore,55919.0,2044-01-31
109,Mumbai,52900.0,2044-02-01
101,Mumbai,67394.0,2044-02-02
103,Delhi,65030.0,2044-02-03
105,Bangalore,32414.0,2044-02-04
103,,40353.0,2044-02-05
101,,45559.0,2044-02-06
107,Mumbai,42312.0,2044-02-07
107,Chennai,57557.0,2044-02-08
108,Bangalore,68008.0,2044-02-09
105,Bangalore,44053.0,2044-02-10
105,Chennai,71817.0,2044-02-11
105,Mumbai,67890.0,2044-02-12
101,,34993.0,2044-02-13
105,Chennai,88116.0,2044-02-14
106,Kolkata,48876.0,2044-02-15
101,Mumbai,78381.0,2044-02-16
107,Delhi,38211.0,2044-02-17
101,Mumbai,43515.0,2044-02-18
102,Kolkata,71765.0,2044-02-19
102,,46335.0,2044-02-20
105,Bangalore,88724.0,2044-02-21
107,Kolkata,32175.0,2044-02-22
101,Bangalore,32405.0,2044-02-23
101,Mumbai,82515.0,2044-02-24
101,Chennai,37341.0,2044-02-25
106,Kolkata,54284.0,2044-02-26
102,Mumbai,58002.0,2044-02-27
101,Mumbai,55456.0,2044-02-28
106,Bangalore,88677.0,2044-02-29
102,Delhi,56260.0,2044-03-01
106,,73924.0,2044-03-02
108,Bangalore,45963.0,2044-03-03
102,Delhi,47989.0,2044-03-04
109,Delhi,48941.0,2044-03-05
108,,55019.0,2044-03-06
101,Chennai,45779.0,2044-03-07
107,Chennai,48426.0,2044-03-08
106,Delhi,60183.0,2044-03-09
106,Kolkata,30778.0,2044-03-10
106,Bangalore,65927.0,2044-03-11
106,Chennai,36395.0,2044-03-12
107,,64514.0,2044-03-13
103,Delhi,35974.0,2044-03-14
106,Bangalore,35150.0,2044-03-15
103,Delhi,42132.0,2044-03-16
107,Bangalore,79572.0,2044-03-17
107,Mumbai,72811.0,2044-03-18
108,,48492.0,2044-03-19
102,Mumbai,67442.0,2044-03-20
109,Chennai,,2044-03-21
105,Kolkata,66764.0,2044-03-22
109,,52466.0,2044-03-23
105,Bangalore,39550.0,2044-03-24
107,Bangalore,83062.0,2044-03-25
109,Delhi,65394.0,2044-03-26
104,Delhi,63258.0,2044-03-27
102,Chennai,39487.0,2044-03-28
109,Delhi,85084.0,2044-03-29
102,Mumbai,40273.0,2044-03-30
103,Delhi,60931.0,2044-03-31
102,Chennai,49755.0,2044-04-01
103,Bangalore,43684.0,2044-04-02
106,Delhi,56748.0,2044-04-03
103,Mumbai,41366.0,2044-04-04
108,Bangalore,83216.0,2044-04-05
106,Chennai,84989.0,2044-04-06
107,Bangalore,61863.0,2044-04-07
101,Kolkata,58329.0,2044-04-08
103,Delhi,78674.0,2044-04-09
103,Delhi,67757.0,2044-04-10
102,Delhi,74789.0,2044-04-11
107,Bangalore,85123.0,2044-04-12
109,Chennai,56525.0,2044-04-13
104,Delhi,66148.0,2044-04-14
105,Chennai,68457.0,2044-04-15
103,Bangalore,71371.0,2044-04-16
109,,88766.0,2044-04-17
104,Chennai,70241.0,2044-04-18
105,Chennai,31676.0,2044-04-19
101,Bangalore,70558.0,2044-04-20
102,,35282.0,2044-04-21
109,,56222.0,2044-04-22
102,Bangalore,81863.0,2044-04-23
105,Bangalore,43376.0,2044-04-24
108,Bangalore,39431.0,2044-04-25
103,Bangalore,63370.0,2044-04-26
106,Bangalore,31937.0,2044-04-27
104,Mumbai,54505.0,2044-04-28
107,,54601.0,2044-04-29
103,Bangalore,69580.0,2044-04-30
106,Kolkata,59255.0,2044-05-01
109,Bangalore,31067.0,2044-05-02
101,Chennai,43401.0,2044-05-03
103,Mumbai,68020.0,2044-05-04
102,Chennai,43472.0,2044-05-05
108,Bangalore,85015.0,2044-05-06
107,Mumbai,63147.0,2044-05-07
102,Kolkata,55860.0,2044-05-08
106,Delhi,84654.0,2044-05-09
103,Bangalore,82334.0,2044-05-10
108,Delhi,50131.0,2044-05-11
103,Kolkata,35196.0,2044-05-12
109,Mumbai,89600.0,2044-05-13
101,Chennai,51516.0,2044-05-14
105,Delhi,52424.0,2044-05-15
103,Bangalore,43881.0,2044-05-16
106,Kolkata,60593.0,2044-05-17
102,Delhi,74887.0,2044-05-18
109,Chennai,83272.0,2044-05-19
106,Mumbai,71505.0,2044-05-20
107,Bangalore,35259.0,2044-05-21
105,Bangalore,54850.0,2044-05-22
109,Bangalore,74401.0,2044-05-23
101,Chennai,61593.0,2044-05-24
105,Chennai,40461.0,2044-05-25
106,Mumbai,57684.0,2044-05-26
107,Bangalore,65690.0,2044-05-27
104,Delhi,59824.0,2044-05-28
101,Kolkata,33387.0,2044-05-29
108,Kolkata,51826.0,2044-05-30
104,Delhi,84704.0,2044-05-31
103,Mumbai,44553.0,2044-06-01
107,Delhi,72830.0,2044-06-02
102,,,2044-06-03
108,Kolkata,84519.0,2044-06-04
106,Mumbai,87454.0,2044-06-05
107,Bangalore,36959.0,2044-06-06
105,Mumbai,72715.0,2044-06-07
109,Bangalore,59379.0,2044-06-08
105,Chennai,52674.0,2044-06-09
105,Bangalore,39559.0,2044-06-10
103,Kolkata,62252.0,2044-06-11
101,Bangalore,56104.0,2044-06-12
102,Delhi,30551.0,2044-06-13
108,Chennai,30133.0,2044-06-14
101,Bangalore,36607.0,2044-06-15
107,,41103.0,2044-06-16
105,Mumbai,72973.0,2044-06-17
103,Bangalore,59858.0,2044-06-18
107,Chennai,69367.0,2044-06-19
109,Bangalore,43372.0,2044-06-20
102,Mumbai,67892.0,2044-06-21
108,,63828.0,2044-06-22
109,Mumbai,89851.0,2044-06-23
103,Mumbai,86536.0,2044-06-24
102,Kolkata,44048.0,2044-06-25
107,Delhi,89366.0,2044-06-26
105,Mumbai,60423.0,2044-06-27
105,Bangalore,48570.0,2044-06-28
105,Delhi,49049.0,2044-06-29
104,,65938.0,2044-06-30
105,Bangalore,40919.0,2044-07-01
104,Bangalore,61680.0,2044-07-02
106,Delhi,81798.0,2044-07-03
104,Mumbai,79747.0,2044-07-04
102,Chennai,78351.0,2044-07-05
109,Bangalore,66874.0,2044-07-06
102,Kolkata,89718.0,2044-07-07
109,Mumbai,84969.0,2044-07-08
106,Chennai,66189.0,2044-07-09
109,Mumbai,46303.0,2044-07-10
109,Bangalore,65046.0,2044-07-11
103,Chennai,47548.0,2044-07-12
101,Delhi,47001.0,2044-07-13
101,Bangalore,75820.0,2044-07-14
103,Delhi,62699.0,2044-07-15
105,Bangalore,58720.0,2044-07-16
103,Chennai,63218.0,2044-07-17
109,Delhi,39990.0,2044-07-18
109,,42778.0,2044-07-19
103,Bangalore,70140.0,2044-07-20
103,,64660.0,2044-07-21
105,Delhi,51912.0,2044-07-22
102,,81606.0,2044-07-23
106,Delhi,76130.0,2044-07-24
107,Bangalore,56798.0,2044-07-25
109,,33808.0,2044-07-26
106,Mumbai,39476.0,2044-07-27
103,Delhi,89871.0,2044-07-28
105,Kolkata,80909.0,2044-07-29
104,Bangalore,46606.0,2044-07-30
105,Bangalore,58940.0,2044-07-31
108,Delhi,53337.0,2044-08-01
108,Chennai,53420.0,2044-08-02
106,Delhi,88244.0,2044-08-03
101,,59590.0,2044-08-04
108,Chennai,81517.0,2044-08-05
108,Chennai,59056.0,2044-08-06
102,Mumbai,31609.0,2044-08-07
104,Kolkata,59297.0,2044-08-08
102,Bangalore,57866.0,2044-08-09
104,Kolkata,86373.0,2044-08-10
107,Mumbai,63991.0,2044-08-11
109,Kolkata,31907.0,2044-08-12
108,Bangalore,44978.0,2044-08-13
109,Delhi,55938.0,2044-08-14
108,Bangalore,40943.0,2044-08-15
102,Delhi,35810.0,2044-08-16
107,Mumbai,74929.0,2044-08-17
102,Mumbai,85600.0,2044-08-18
102,Bangalore,87118.0,2044-08-19
104,Chennai,76831.0,2044-08-20
101,Bangalore,88612.0,2044-08-21
105,Delhi,67705.0,2044-08-22
106,Kolkata,52132.0,2044-08-23
109,,47615.0,2044-08-24
108,Mumbai,75028.0,2044-08-25
102,Delhi,39939.0,2044-08-26
101,Bangalore,73518.0,2044-08-27
102,Chennai,59954.0,2044-08-28
107,Chennai,30737.0,2044-08-29
104,Chennai,50820.0,2044-08-30
105,Delhi,82131.0,2044-08-31
107,Kolkata,78703.0,2044-09-01
103,Bangalore,72911.0,2044-09-02
102,Mumbai,89125.0,2044-09-03
107,Delhi,79681.0,2044-09-04
105,Bangalore,42321.0,2044-09-05
101,Chennai,62567.0,2044-09-06
101,Chennai,86293.0,2044-09-07
109,,34418.0,2044-09-08
105,Delhi,72164.0,2044-09-09
101,,31986.0,2044-09-10
107,Chennai,63114.0,2044-09-11
109,Bangalore,68593.0,2044-09-12
101,Kolkata,63983.0,2044-09-13
104,Chennai,76658.0,2044-09-14
103,Mumbai,73728.0,2044-09-15
105,Kolkata,87197.0,2044-09-16
107,Chennai,52182.0,2044-09-17
108,Chennai,61989.0,2044-09-18
102,Kolkata,63012.0,2044-09-19
107,Bangalore,76887.0,2044-09-20
101,Chennai,53442.0,2044-09-21
107,Chennai,41243.0,2044-09-22
108,Bangalore,30132.0,2044-09-23
102,Delhi,45556.0,2044-09-24
109,Kolkata,47754.0,2044-09-25
101,Delhi,89440.0,2044-09-26
106,Chennai,63855.0,2044-09-27
101,,39839.0,2044-09-28
103,Mumbai,72851.0,2044-09-29
106,Delhi,89064.0,2044-09-30
103,Mumbai,76183.0,2044-10-01
108,Bangalore,50386.0,2044-10-02
105,,73220.0,2044-10-03
102,Bangalore,43828.0,2044-10-04
104,Delhi,71078.0,2044-10-05
109,Chennai,65671.0,2044-10-06
104,Chennai,53206.0,2044-10-07
108,Mumbai,30894.0,2044-10-08
105,Chennai,31265.0,2044-10-09
101,Mumbai,52807.0,2044-10-10
107,Kolkata,61143.0,2044-10-11
103,Mumbai,79514.0,2044-10-12
108,Mumbai,86316.0,2044-10-13
103,Kolkata,39965.0,2044-10-14
101,Bangalore,60412.0,2044-10-15
105,Mumbai,62229.0,2044-10-16
102,,62748.0,2044-10-17
104,Chennai,71273.0,2044-10-18
101,Mumbai,84784.0,2044-10-19
109,Chennai,48090.0,2044-10-20
106,Kolkata,70102.0,2044-10-21
108,Chennai,58041.0,2044-10-22
104,Mumbai,86065.0,2044-10-23
109,Chennai,43374.0,2044-10-24
102,Chennai,76116.0,2044-10-25
109,Kolkata,45375.0,2044-10-26
105,Delhi,89133.0,2044-10-27
106,Chennai,32393.0,2044-10-28
103,Delhi,41802.0,2044-10-29
104,Chennai,87278.0,2044-10-30
106,,66462.0,2044-10-31
107,Delhi,89624.0,2044-11-01
101,Mumbai,80141.0,2044-11-02
107,Bangalore,44911.0,2044-11-03
101,Chennai,50064.0,2044-11-04
105,Mumbai,40655.0,2044-11-05
106,Chennai,71864.0,2044-11-06
102,Kolkata,36410.0,2044-11-07
109,Chennai,66165.0,2044-11-08
106,Chennai,50381.0,2044-11-09
107,Mumbai,75799.0,2044-11-10
108,,63678.0,2044-11-11
101,Mumbai,52970.0,2044-11-12
108,Mumbai,89951.0,2044-11-13
104,Mumbai,85133.0,2044-11-14
108,Chennai,56321.0,2044-11-15
106,Kolkata,48507.0,2044-11-16
109,Delhi,48235.0,2044-11-17
104,Kolkata,77683.0,2044-11-18
102,Kolkata,85608.0,2044-11-19
102,Bangalore,42863.0,2044-11-20
105,Kolkata,74725.0,2044-11-21
109,Delhi,31615.0,2044-11-22
103,Delhi,40582.0,2044-11-23
108,Kolkata,57338.0,2044-11-24
104,Bangalore,39397.0,2044-11-25
106,Mumbai,66794.0,2044-11-26
106,Chennai,59655.0,2044-11-27
103,Kolkata,69637.0,2044-11-28
105,Chennai,73639.0,2044-11-29
103,Mumbai,48830.0,2044-11-30
101,Bangalore,66080.0,2044-12-01
107,Kolkata,38014.0,2044-12-02
104,Delhi,86009.0,2044-12-03
107,Mumbai,67787.0,2044-12-04
103,Bangalore,73061.0,2044-12-05
105,Chennai,33216.0,2044-12-06
105,Mumbai,51859.0,2044-12-07
102,Mumbai,50053.0,2044-12-08
102,Delhi,41222.0,2044-12-09
104,Delhi,48908.0,2044-12-10
104,Mumbai,58693.0,2044-12-11
104,Bangalore,53882.0,2044-12-12
106,Bangalore,43603.0,2044-12-13
102,Bangalore,57883.0,2044-12-14
106,Bangalore,43340.0,2044-12-15
107,Mumbai,73702.0,2044-12-16
103,Bangalore,48345.0,2044-12-17
108,Delhi,52687.0,2044-12-18
102,Delhi,59581.0,2044-12-19
108,Mumbai,67393.0,2044-12-20
105,,58197.0,2044-12-21
102,Mumbai,38292.0,2044-12-22
107,,72273.0,2044-12-23
102,Mumbai,33448.0,2044-12-24
106,Bangalore,49628.0,2044-12-25
103,Kolkata,44678.0,2044-12-26
109,Delhi,68815.0,2044-12-27
103,Delhi,56477.0,2044-12-28
103,,83826.0,2044-12-29
105,Bangalore,31214.0,2044-12-30
107,Delhi,53990.0,2044-12-31
108,Delhi,50010.0,2045-01-01
107,,88133.0,2045-01-02
109,Kolkata,72326.0,2045-01-03
105,Bangalore,70643.0,2045-01-04
103,Delhi,61564.0,2045-01-05
106,Kolkata,85420.0,2045-01-06
105,Mumbai,76687.0,2045-01-07
104,Bangalore,77993.0,2045-01-08
102,Chennai,85964.0,2045-01-09
107,Mumbai,74583.0,2045-01-10
105,Chennai,68247.0,2045-01-11
104,Kolkata,55078.0,2045-01-12
108,Kolkata,30172.0,2045-01-13
109,Mumbai,47270.0,2045-01-14
109,Mumbai,88761.0,2045-01-15
103,Mumbai,58108.0,2045-01-16
103,Mumbai,46044.0,2045-01-17
105,Bangalore,36263.0,2045-01-18
105,Bangalore,50752.0,2045-01-19
102,Delhi,41621.0,2045-01-20
101,Delhi,72369.0,2045-01-21
108,Mumbai,37056.0,2045-01-22
103,Bangalore,51337.0,2045-01-23
101,Bangalore,89254.0,2045-01-24
101,Bangalore,44245.0,2045-01-25
102,Chennai,62676.0,2045-01-26
106,Chennai,78446.0,2045-01-27
106,Bangalore,30260.0,2045-01-28
103,Delhi,82504.0,2045-01-29
104,Bangalore,31352.0,2045-01-30
102,Mumbai,35243.0,2045-01-31
102,Delhi,72459.0,2045-02-01
107,,75333.0,2045-02-02
101,Mumbai,89484.0,2045-02-03
107,Chennai,49390.0,2045-02-04
101,Bangalore,58194.0,2045-02-05
106,Delhi,79974.0,2045-02-06
103,Delhi,60847.0,2045-02-07
108,Chennai,79683.0,2045-02-08
106,Mumbai,49204.0,2045-02-09
102,Mumbai,30166.0,2045-02-10
108,,51310.0,2045-02-11
105,Bangalore,75291.0,2045-02-12
108,Delhi,47439.0,2045-02-13
108,Mumbai,31254.0,2045-02-14
106,Bangalore,34286.0,2045-02-15
102,Mumbai,38009.0,2045-02-16
108,Delhi,34007.0,2045-02-17
106,Bangalore,44992.0,2045-02-18
106,Delhi,70526.0,2045-02-19
108,Chennai,39723.0,2045-02-20
101,Chennai,58104.0,2045-02-21
102,Delhi,44590.0,2045-02-22
109,Mumbai,45638.0,2045-02-23
108,Bangalore,75002.0,2045-02-24
107,Bangalore,76779.0,2045-02-25
107,Mumbai,55548.0,2045-02-26
105,Mumbai,70657.0,2045-02-27
102,,42016.0,2045-02-28
106,Delhi,78183.0,2045-03-01
103,,34744.0,2045-03-02
104,Delhi,54681.0,2045-03-03
102,Mumbai,72564.0,2045-03-04
102,Bangalore,74733.0,2045-03-05
108,Delhi,67055.0,2045-03-06
108,Delhi,63770.0,2045-03-07
106,Mumbai,76357.0,2045-03-08
105,,60239.0,2045-03-09
108,Mumbai,60894.0,2045-03-10
104,Bangalore,60465.0,2045-03-11
104,Chennai,42922.0,2045-03-12
105,Chennai,30084.0,2045-03-13
101,Chennai,82147.0,2045-03-14
101,Mumbai,75783.0,2045-03-15
102,Delhi,45373.0,2045-03-16
108,Mumbai,35156.0,2045-03-17
107,Mumbai,69962.0,2045-03-18
109,Delhi,68551.0,2045-03-19
105,Delhi,68463.0,2045-03-20
102,,75125.0,2045-03-21
107,,79305.0,2045-03-22
108,Delhi,39653.0,2045-03-23
107,Delhi,52798.0,2045-03-24
107,Delhi,53068.0,2045-03-25
105,Mumbai,64787.0,2045-03-26
102,Mumbai,55673.0,2045-03-27
106,,46155.0,2045-03-28
104,Delhi,30570.0,2045-03-29
102,Mumbai,70690.0,2045-03-30
109,Delhi,46200.0,2045-03-31
107,,87492.0,2045-04-01
106,,41769.0,2045-04-02
105,Chennai,68921.0,2045-04-03
103,Bangalore,49075.0,2045-04-04
104,Delhi,54053.0,2045-04-05
103,Mumbai,40301.0,2045-04-06
108,Bangalore,35507.0,2045-04-07
103,Kolkata,89262.0,2045-04-08
107,Mumbai,67637.0,2045-04-09
107,Mumbai,85001.0,2045-04-10
107,Bangalore,78359.0,2045-04-11
107,Mumbai,85119.0,2045-04-12
102,Bangalore,33655.0,2045-04-13
103,Mumbai,46347.0,2045-04-14
109,Delhi,85823.0,2045-04-15
103,Bangalore,52053.0,2045-04-16
102,,89056.0,2045-04-17
109,Mumbai,32492.0,2045-04-18
109,Mumbai,88688.0,2045-04-19
104,Delhi,88450.0,2045-04-20
109,Chennai,42304.0,2045-04-21
103,Kolkata,69280.0,2045-04-22
107,Mumbai,61403.0,2045-04-23
107,Mumbai,78011.0,2045-04-24
108,,71542.0,2045-04-25
104,Chennai,67118.0,2045-04-26
103,Bangalore,85751.0,2045-04-27
103,Mumbai,40882.0,2045-04-28
105,Mumbai,67424.0,2045-04-29
101,Chennai,89924.0,2045-04-30
103,Bangalore,38511.0,2045-05-01
106,Bangalore,50699.0,2045-05-02
103,Delhi,51178.0,2045-05-03
105,Bangalore,47821.0,2045-05-04
109,Kolkata,46415.0,2045-05-05
102,,30714.0,2045-05-06
102,Delhi,87107.0,2045-05-07
106,Chennai,77857.0,2045-05-08
106,Bangalore,39231.0,2045-05-09
108,Kolkata,46792.0,2045-05-10
102,Kolkata,77931.0,2045-05-11
109,,78776.0,2045-05-12
102,,37346.0,2045-05-13
101,Mumbai,70806.0,2045-05-14
102,Chennai,54124.0,2045-05-15
107,Bangalore,54048.0,2045-05-16
108,Mumbai,51415.0,2045-05-17
105,Delhi,47511.0,2045-05-18
106,Delhi,84588.0,2045-05-19
101,Kolkata,71666.0,2045-05-20
106,Mumbai,42031.0,2045-05-21
108,Kolkata,41215.0,2045-05-22
103,Chennai,41851.0,2045-05-23
101,Chennai,63550.0,2045-05-24
104,Mumbai,68068.0,2045-05-25
101,Bangalore,81331.0,2045-05-26
108,Bangalore,85958.0,2045-05-27
105,Mumbai,31178.0,2045-05-28
101,Kolkata,32406.0,2045-05-29
108,Chennai,76314.0,2045-05-30
109,Delhi,49191.0,2045-05-31
102,Kolkata,75220.0,2045-06-01
109,Delhi,49148.0,2045-06-02
108,Bangalore,61146.0,2045-06-03
107,Bangalore,32724.0,2045-06-04
103,Delhi,65303.0,2045-06-05
102,Chennai,87556.0,2045-06-06
107,Chennai,40140.0,2045-06-07
105,Chennai,84013.0,2045-06-08
106,Delhi,52684.0,2045-06-09
104,Mumbai,54240.0,2045-06-10
102,Mumbai,49530.0,2045-06-11
109,,52962.0,2045-06-12
103,Delhi,31201.0,2045-06-13
107,Bangalore,40011.0,2045-06-14
108,Kolkata,65657.0,2045-06-15
102,Kolkata,79796.0,2045-06-16
106,Kolkata,40551.0,2045-06-17
108,,85103.0,2045-06-18
107,Mumbai,50606.0,2045-06-19
103,Mumbai,42664.0,2045-06-20
101,Delhi,78472.0,2045-06-21
106,Delhi,34320.0,2045-06-22
108,Bangalore,33088.0,2045-06-23
106,Delhi,71456.0,2045-06-24
105,Chennai,72976.0,2045-06-25
108,Delhi,38664.0,2045-06-26
102,Mumbai,72848.0,2045-06-27
101,Chennai,82534.0,2045-06-28
101,Mumbai,70693.0,2045-06-29
104,Chennai,31160.0,2045-06-30
106,,40714.0,2045-07-01
109,Kolkata,34312.0,2045-07-02
101,Mumbai,71155.0,2045-07-03
101,,81400.0,2045-07-04
105,Delhi,50845.0,2045-07-05
105,Chennai,49150.0,2045-07-06
105,Delhi,80703.0,2045-07-07
106,Delhi,65215.0,2045-07-08
108,,52028.0,2045-07-09
103,Mumbai,61309.0,2045-07-10
109,Kolkata,67077.0,2045-07-11
101,Mumbai,73348.0,2045-07-12
104,Kolkata,86648.0,2045-07-13
109,,71078.0,2045-07-14
108,Bangalore,66264.0,2045-07-15
109,Bangalore,64484.0,2045-07-16
101,Chennai,57459.0,2045-07-17
109,,51321.0,2045-07-18
103,Mumbai,82066.0,2045-07-19
109,Chennai,78500.0,2045-07-20
101,Mumbai,64440.0,2045-07-21
101,Mumbai,72162.0,2045-07-22
109,Delhi,31455.0,2045-07-23
106,Chennai,44031.0,2045-07-24
104,Kolkata,76000.0,2045-07-25
107,Mumbai,52929.0,2045-07-26
105,Bangalore,62137.0,2045-07-27
107,Chennai,79108.0,2045-07-28
108,Bangalore,69794.0,2045-07-29
108,,59237.0,2045-07-30
101,Mumbai,78206.0,2045-07-31
108,Delhi,66746.0,2045-08-01
106,Delhi,32471.0,2045-08-02
104,Kolkata,71077.0,2045-08-03
108,,30367.0,2045-08-04
103,Mumbai,43417.0,2045-08-05
104,Delhi,82328.0,2045-08-06
106,Bangalore,33374.0,2045-08-07
107,Chennai,36773.0,2045-08-08
104,Chennai,44205.0,2045-08-09
104,,66580.0,2045-08-10
107,Kolkata,85443.0,2045-08-11
106,Kolkata,52369.0,2045-08-12
108,Bangalore,48581.0,2045-08-13
101,Mumbai,84063.0,2045-08-14
107,Chennai,89473.0,2045-08-15
107,Bangalore,77119.0,2045-08-16
107,Mumbai,63668.0,2045-08-17
107,Delhi,46576.0,2045-08-18
108,Bangalore,32770.0,2045-08-19
109,Bangalore,74308.0,2045-08-20
109,Bangalore,67948.0,2045-08-21
102,Delhi,78076.0,2045-08-22
107,Bangalore,80102.0,2045-08-23
107,Delhi,69447.0,2045-08-24
104,Chennai,33606.0,2045-08-25
109,Bangalore,44678.0,2045-08-26
108,Kolkata,84190.0,2045-08-27
101,Kolkata,63025.0,2045-08-28
102,Chennai,80373.0,2045-08-29
102,Chennai,44388.0,2045-08-30
108,Bangalore,47034.0,2045-08-31
101,Delhi,73278.0,2045-09-01
104,Chennai,60920.0,2045-09-02
105,Bangalore,65193.0,2045-09-03
109,Bangalore,45011.0,2045-09-04
107,Mumbai,62347.0,2045-09-05
108,,61254.0,2045-09-06
109,Mumbai,88266.0,2045-09-07
107,Mumbai,82311.0,2045-09-08
105,,63165.0,2045-09-09
105,Kolkata,84453.0,2045-09-10
106,Delhi,41106.0,2045-09-11
105,,51786.0,2045-09-12
109,Mumbai,86852.0,2045-09-13
103,Chennai,46944.0,2045-09-14
103,Bangalore,38381.0,2045-09-15
107,Bangalore,71164.0,2045-09-16
107,Chennai,41207.0,2045-09-17
106,Mumbai,58715.0,2045-09-18
103,Delhi,84251.0,2045-09-19
107,Chennai,33371.0,2045-09-20
105,Mumbai,61359.0,2045-09-21
107,,65809.0,2045-09-22
102,Bangalore,36844.0,2045-09-23
106,Delhi,72665.0,2045-09-24
108,Chennai,51782.0,2045-09-25
101,Mumbai,79864.0,2045-09-26
104,Delhi,66224.0,2045-09-27
101,Bangalore,40876.0,2045-09-28
101,,53331.0,2045-09-29
108,Bangalore,67174.0,2045-09-30
107,Mumbai,75933.0,2045-10-01
101,Bangalore,74559.0,2045-10-02
102,Delhi,43144.0,2045-10-03
104,Delhi,89665.0,2045-10-04
101,Kolkata,37649.0,2045-10-05
103,,66645.0,2045-10-06
108,Delhi,82674.0,2045-10-07
108,Bangalore,68419.0,2045-10-08
108,,42818.0,2045-10-09
106,Delhi,66880.0,2045-10-10
106,Delhi,61773.0,2045-10-11
105,,67333.0,2045-10-12
109,Chennai,84058.0,2045-10-13
104,Delhi,84575.0,2045-10-14
107,Mumbai,55130.0,2045-10-15
101,Delhi,56716.0,2045-10-16
109,Bangalore,67745.0,2045-10-17
107,Kolkata,61297.0,2045-10-18
109,Bangalore,49062.0,2045-10-19
107,Chennai,59492.0,2045-10-20
102,Mumbai,71543.0,2045-10-21
106,Delhi,51325.0,2045-10-22
104,Delhi,86481.0,2045-10-23
103,Kolkata,40188.0,2045-10-24
102,Chennai,30841.0,2045-10-25
106,Mumbai,40567.0,2045-10-26
108,Bangalore,66806.0,2045-10-27
106,Kolkata,64572.0,2045-10-28
109,Bangalore,38921.0,2045-10-29
105,Mumbai,34349.0,2045-10-30
102,Mumbai,39655.0,2045-10-31
108,Mumbai,77674.0,2045-11-01
109,Kolkata,44879.0,2045-11-02
104,Bangalore,34946.0,2045-11-03
106,Chennai,73127.0,2045-11-04
108,Kolkata,53502.0,2045-11-05
109,,59493.0,2045-11-06
105,Mumbai,36657.0,2045-11-07
106,Delhi,78757.0,2045-11-08
104,Bangalore,80724.0,2045-11-09
105,Delhi,43266.0,2045-11-10
107,Kolkata,36240.0,2045-11-11
109,Kolkata,51350.0,2045-11-12
106,Chennai,72353.0,2045-11-13
106,Mumbai,78544.0,2045-11-14
108,Delhi,46640.0,2045-11-15
104,Mumbai,62895.0,2045-11-16
103,Kolkata,72342.0,2045-11-17
107,Mumbai,59851.0,2045-11-18
105,Delhi,41920.0,2045-11-19
102,Mumbai,44392.0,2045-11-20
102,,44917.0,2045-11-21
106,Chennai,60643.0,2045-11-22
108,,59227.0,2045-11-23
101,Kolkata,53251.0,2045-11-24
106,Bangalore,54238.0,2045-11-25
102,Delhi,57723.0,2045-11-26
102,Mumbai,64973.0,2045-11-27
107,Bangalore,58756.0,2045-11-28
101,Kolkata,38513.0,2045-11-29
106,Mumbai,73316.0,2045-11-30
107,Delhi,60225.0,2045-12-01
108,Bangalore,34379.0,2045-12-02
107,Delhi,70835.0,2045-12-03
106,Chennai,41305.0,2045-12-04
109,Mumbai,61722.0,2045-12-05
103,Mumbai,89261.0,2045-12-06
106,Mumbai,42148.0,2045-12-07
104,Bangalore,85429.0,2045-12-08
102,Bangalore,42901.0,2045-12-09
101,Mumbai,40888.0,2045-12-10
101,Kolkata,60099.0,2045-12-11
103,Delhi,72476.0,2045-12-12
104,Delhi,74253.0,2045-12-13
102,Chennai,50708.0,2045-12-14
101,Delhi,76885.0,2045-12-15
104,Bangalore,57621.0,2045-12-16
107,,60001.0,2045-12-17
106,Chennai,62571.0,2045-12-18
106,Chennai,44220.0,2045-12-19
109,Bangalore,54694.0,2045-12-20
102,Delhi,46221.0,2045-12-21
104,Bangalore,69849.0,2045-12-22
105,Mumbai,32371.0,2045-12-23
101,,67784.0,2045-12-24
108,Mumbai,69070.0,2045-12-25
108,Bangalore,69150.0,2045-12-26
106,,85691.0,2045-12-27
105,Kolkata,75375.0,2045-12-28
108,,74220.0,2045-12-29
103,Chennai,52836.0,2045-12-30
103,Mumbai,85544.0,2045-12-31
102,Kolkata,57161.0,2046-01-01
105,Mumbai,51180.0,2046-01-02
103,Delhi,45865.0,2046-01-03
103,Chennai,48825.0,2046-01-04
106,Chennai,57275.0,2046-01-05
108,Kolkata,31017.0,2046-01-06
102,,50885.0,2046-01-07
104,Kolkata,65815.0,2046-01-08
107,Delhi,76260.0,2046-01-09
101,Chennai,40260.0,2046-01-10
101,Kolkata,84946.0,2046-01-11
107,,76662.0,2046-01-12
107,Mumbai,41857.0,2046-01-13
101,Delhi,67018.0,2046-01-14
101,Kolkata,85099.0,2046-01-15
104,Mumbai,59230.0,2046-01-16
105,Bangalore,54769.0,2046-01-17
105,Mumbai,70159.0,2046-01-18
104,Bangalore,65214.0,2046-01-19
108,Chennai,62492.0,2046-01-20
107,Mumbai,53507.0,2046-01-21
109,Chennai,80551.0,2046-01-22
107,Delhi,73479.0,2046-01-23
101,Mumbai,52679.0,2046-01-24
107,Mumbai,74887.0,2046-01-25
101,Chennai,33687.0,2046-01-26
107,Mumbai,79135.0,2046-01-27
108,Chennai,37864.0,2046-01-28
109,Chennai,36127.0,2046-01-29
103,Chennai,59473.0,2046-01-30
104,Chennai,79704.0,2046-01-31
104,Bangalore,84695.0,2046-02-01
109,Mumbai,43834.0,2046-02-02
107,Bangalore,38921.0,2046-02-03
103,Delhi,81712.0,2046-02-04
105,Kolkata,58573.0,2046-02-05
107,Kolkata,67876.0,2046-02-06
108,Mumbai,34266.0,2046-02-07
101,Bangalore,67713.0,2046-02-08
102,,38985.0,2046-02-09
107,Mumbai,52068.0,2046-02-10
102,Chennai,54700.0,2046-02-11
107,Delhi,38366.0,2046-02-12
109,Bangalore,65319.0,2046-02-13
102,Kolkata,33848.0,2046-02-14
107,Bangalore,60472.0,2046-02-15
104,Chennai,33456.0,2046-02-16
102,,49142.0,2046-02-17
107,Chennai,42031.0,2046-02-18
105,Chennai,50139.0,2046-02-19
101,Bangalore,50026.0,2046-02-20
105,Chennai,70887.0,2046-02-21
103,Kolkata,58777.0,2046-02-22
107,,72930.0,2046-02-23
106,Kolkata,31660.0,2046-02-24
108,Chennai,57151.0,2046-02-25
105,Delhi,54613.0,2046-02-26
102,Kolkata,59066.0,2046-02-27
109,Chennai,43208.0,2046-02-28
108,Kolkata,73484.0,2046-03-01
106,Mumbai,84738.0,2046-03-02
107,,75777.0,2046-03-03
109,Delhi,49960.0,2046-03-04
107,Mumbai,60702.0,2046-03-05
103,Chennai,52842.0,2046-03-06
106,Chennai,88652.0,2046-03-07
107,Mumbai,41727.0,2046-03-08
102,Chennai,85277.0,2046-03-09
103,Mumbai,76689.0,2046-03-10
104,Delhi,62389.0,2046-03-11
106,Delhi,56804.0,2046-03-12
101,Kolkata,43021.0,2046-03-13
109,Mumbai,82075.0,2046-03-14
105,Delhi,74001.0,2046-03-15
107,Chennai,49092.0,2046-03-16
109,Bangalore,58915.0,2046-03-17
109,Kolkata,75368.0,2046-03-18
101,Kolkata,83323.0,2046-03-19
101,Kolkata,40501.0,2046-03-20
103,Mumbai,71190.0,2046-03-21
106,Bangalore,81902.0,2046-03-22
102,Chennai,45739.0,2046-03-23
101,Mumbai,73653.0,2046-03-24
101,Delhi,37476.0,2046-03-25
105,Bangalore,37931.0,2046-03-26
104,Delhi,43699.0,2046-03-27
101,,32804.0,2046-03-28
104,Kolkata,78904.0,2046-03-29
103,Delhi,84596.0,2046-03-30
102,Mumbai,79993.0,2046-03-31
109,,68343.0,2046-04-01
101,Mumbai,41775.0,2046-04-02
107,Kolkata,86662.0,2046-04-03
104,Bangalore,73449.0,2046-04-04
105,Kolkata,77686.0,2046-04-05
105,Chennai,85557.0,2046-04-06
101,Delhi,75874.0,2046-04-07
106,Mumbai,82686.0,2046-04-08
109,Bangalore,61586.0,2046-04-09
102,,87009.0,2046-04-10
107,Delhi,30607.0,2046-04-11
106,Chennai,61629.0,2046-04-12
105,Mumbai,86546.0,2046-04-13
104,Kolkata,67386.0,2046-04-14
104,Kolkata,44089.0,2046-04-15
106,Mumbai,78336.0,2046-04-16
104,Delhi,59708.0,2046-04-17
105,Delhi,83112.0,2046-04-18
106,Chennai,67025.0,2046-04-19
105,Bangalore,78699.0,2046-04-20
107,Mumbai,84764.0,2046-04-21
109,,78562.0,2046-04-22
107,Bangalore,40223.0,2046-04-23
107,Chennai,79353.0,2046-04-24
104,Delhi,52943.0,2046-04-25
101,Delhi,51515.0,2046-04-26
108,Bangalore,59619.0,2046-04-27
104,Chennai,64132.0,2046-04-28
101,Bangalore,30751.0,2046-04-29
105,Kolkata,76005.0,2046-04-30
108,Bangalore,77476.0,2046-05-01
104,Mumbai,70313.0,2046-05-02
108,,35344.0,2046-05-03
108,Bangalore,63973.0,2046-05-04
103,Mumbai,39512.0,2046-05-05
109,Delhi,66655.0,2046-05-06
103,Kolkata,64098.0,2046-05-07
101,Kolkata,38622.0,2046-05-08
102,Delhi,89509.0,2046-05-09
106,Mumbai,86671.0,2046-05-10
102,Chennai,67451.0,2046-05-11
106,,48658.0,2046-05-12
101,Mumbai,86675.0,2046-05-13
101,Kolkata,66133.0,2046-05-14
105,Mumbai,47647.0,2046-05-15
109,Delhi,89739.0,2046-05-16
108,Delhi,50620.0,2046-05-17
103,Mumbai,67067.0,2046-05-18
103,Mumbai,33733.0,2046-05-19
101,,59675.0,2046-05-20
103,Mumbai,31665.0,2046-05-21
101,Mumbai,30860.0,2046-05-22
108,Delhi,79996.0,2046-05-23
101,Kolkata,57618.0,2046-05-24
105,,57916.0,2046-05-25
109,Mumbai,41681.0,2046-05-26
107,Bangalore,89282.0,2046-05-27
104,Delhi,46520.0,2046-05-28
109,Bangalore,52131.0,2046-05-29
109,Delhi,52878.0,2046-05-30
102,Bangalore,41424.0,2046-05-31
106,Chennai,68554.0,2046-06-01
104,Bangalore,56796.0,2046-06-02
108,Mumbai,39345.0,2046-06-03
107,Mumbai,88322.0,2046-06-04
107,Chennai,87912.0,2046-06-05
109,Bangalore,57486.0,2046-06-06
105,Delhi,52584.0,2046-06-07
106,Kolkata,56986.0,2046-06-08
101,Bangalore,41598.0,2046-06-09
106,Delhi,38325.0,2046-06-10
102,Delhi,48445.0,2046-06-11
106,,67146.0,2046-06-12
109,Mumbai,73813.0,2046-06-13
108,,33730.0,2046-06-14
109,Bangalore,41684.0,2046-06-15
108,Mumbai,87470.0,2046-06-16
103,Chennai,68890.0,2046-06-17
108,Delhi,64563.0,2046-06-18
106,Mumbai,40041.0,2046-06-19
106,Mumbai,83465.0,2046-06-20
106,Kolkata,38187.0,2046-06-21
103,Bangalore,67608.0,2046-06-22
101,Mumbai,62624.0,2046-06-23
104,Mumbai,40919.0,2046-06-24
106,Bangalore,33726.0,2046-06-25
102,Delhi,61716.0,2046-06-26
107,Mumbai,63027.0,2046-06-27
107,Mumbai,80393.0,2046-06-28
104,Chennai,31843.0,2046-06-29
104,Mumbai,84929.0,2046-06-30
101,Bangalore,88856.0,2046-07-01
102,Chennai,43754.0,2046-07-02
109,,58853.0,2046-07-03
108,Kolkata,89560.0,2046-07-04
108,Bangalore,32280.0,2046-07-05
109,Chennai,55531.0,2046-07-06
107,,59788.0,2046-07-07
109,Bangalore,37796.0,2046-07-08
102,Bangalore,34567.0,2046-07-09
106,Delhi,60211.0,2046-07-10
103,Kolkata,39300.0,2046-07-11
106,Mumbai,88886.0,2046-07-12
103,Delhi,87724.0,2046-07-13
108,Bangalore,62150.0,2046-07-14
104,Kolkata,31255.0,2046-07-15
106,Bangalore,89642.0,2046-07-16
109,Kolkata,61828.0,2046-07-17
102,Kolkata,36462.0,2046-07-18
102,Bangalore,73200.0,2046-07-19
107,Bangalore,48042.0,2046-07-20
102,Bangalore,57560.0,2046-07-21
102,,49032.0,2046-07-22
104,Chennai,77710.0,2046-07-23
109,,42150.0,2046-07-24
108,Mumbai,33371.0,2046-07-25
102,Mumbai,49813.0,2046-07-26
108,Delhi,88924.0,2046-07-27
104,Bangalore,84012.0,2046-07-28
102,Kolkata,37620.0,2046-07-29
107,Mumbai,32932.0,2046-07-30
106,Delhi,51470.0,2046-07-31
105,Delhi,39778.0,2046-08-01
101,Bangalore,53033.0,2046-08-02
102,Delhi,40304.0,2046-08-03
108,Mumbai,38119.0,2046-08-04
101,Kolkata,77325.0,2046-08-05
103,Mumbai,44407.0,2046-08-06
102,Chennai,34983.0,2046-08-07
105,Bangalore,32521.0,2046-08-08
104,Chennai,49086.0,2046-08-09
107,Delhi,79170.0,2046-08-10
105,,81721.0,2046-08-11
108,Chennai,79111.0,2046-08-12
104,Mumbai,30783.0,2046-08-13
106,Delhi,72666.0,2046-08-14
104,Delhi,46798.0,2046-08-15
102,Kolkata,38555.0,2046-08-16
101,Bangalore,40767.0,2046-08-17
101,Mumbai,31103.0,2046-08-18
108,Mumbai,84043.0,2046-08-19
104,Kolkata,35309.0,2046-08-20
105,Kolkata,63939.0,2046-08-21
108,Bangalore,89042.0,2046-08-22
107,Bangalore,38634.0,2046-08-23
108,Kolkata,69176.0,2046-08-24
108,Chennai,42135.0,2046-08-25
106,Bangalore,83897.0,2046-08-26
102,Delhi,62044.0,2046-08-27
106,Kolkata,50945.0,2046-08-28
101,Delhi,89756.0,2046-08-29
101,Delhi,87324.0,2046-08-30
103,Kolkata,76478.0,2046-08-31
103,Bangalore,69404.0,2046-09-01
105,Kolkata,32589.0,2046-09-02
101,Bangalore,40031.0,2046-09-03
106,,39695.0,2046-09-04
107,Mumbai,45527.0,2046-09-05
103,Chennai,35722.0,2046-09-06
104,Mumbai,76170.0,2046-09-07
103,Delhi,79874.0,2046-09-08
101,Mumbai,30841.0,2046-09-09
108,Chennai,48731.0,2046-09-10
102,Delhi,89565.0,2046-09-11
101,Bangalore,30645.0,2046-09-12
108,Mumbai,62116.0,2046-09-13
107,Delhi,70983.0,2046-09-14
107,Chennai,82424.0,2046-09-15
104,,59402.0,2046-09-16
109,Mumbai,79158.0,2046-09-17
106,Bangalore,61749.0,2046-09-18
102,,66469.0,2046-09-19
101,Chennai,43908.0,2046-09-20
101,Chennai,,2046-09-21
109,Delhi,75221.0,2046-09-22
104,Bangalore,42715.0,2046-09-23
105,Mumbai,89536.0,2046-09-24
103,Bangalore,68398.0,2046-09-25
104,Kolkata,78670.0,2046-09-26
108,Bangalore,65324.0,2046-09-27
104,Delhi,49338.0,2046-09-28
109,,37387.0,2046-09-29
109,Bangalore,53172.0,2046-09-30
106,,56175.0,2046-10-01
102,Bangalore,60795.0,2046-10-02
107,Delhi,72626.0,2046-10-03
109,Bangalore,76398.0,2046-10-04
106,Bangalore,88405.0,2046-10-05
103,Mumbai,67429.0,2046-10-06
107,Bangalore,33801.0,2046-10-07
105,Bangalore,84785.0,2046-10-08
101,Chennai,37413.0,2046-10-09
103,Mumbai,80315.0,2046-10-10
105,Bangalore,74839.0,2046-10-11
107,Mumbai,47665.0,2046-10-12
103,Bangalore,40856.0,2046-10-13
106,Delhi,61100.0,2046-10-14
105,Delhi,73855.0,2046-10-15
101,Mumbai,38187.0,2046-10-16
106,Mumbai,55784.0,2046-10-17
108,Bangalore,79454.0,2046-10-18
101,,43805.0,2046-10-19
102,Bangalore,71715.0,2046-10-20
104,Bangalore,83411.0,2046-10-21
102,,84915.0,2046-10-22
109,,72186.0,2046-10-23
108,Kolkata,87332.0,2046-10-24
108,Delhi,37575.0,2046-10-25
104,Chennai,72193.0,2046-10-26
105,Kolkata,68746.0,2046-10-27
104,Kolkata,77204.0,2046-10-28
109,Bangalore,58093.0,2046-10-29
102,Delhi,39089.0,2046-10-30
108,,59454.0,2046-10-31
102,Bangalore,52474.0,2046-11-01
101,Mumbai,38154.0,2046-11-02
103,Mumbai,70951.0,2046-11-03
109,Bangalore,52064.0,2046-11-04
103,Mumbai,85663.0,2046-11-05
109,Mumbai,57886.0,2046-11-06
107,,59398.0,2046-11-07
101,Mumbai,66130.0,2046-11-08
105,Bangalore,89763.0,2046-11-09
109,Kolkata,73869.0,2046-11-10
103,Bangalore,39646.0,2046-11-11
109,Mumbai,89671.0,2046-11-12
105,Bangalore,89707.0,2046-11-13
109,Delhi,81164.0,2046-11-14
106,Delhi,80252.0,2046-11-15
109,Chennai,55391.0,2046-11-16
107,,58822.0,2046-11-17
107,Chennai,78523.0,2046-11-18
108,Delhi,67872.0,2046-11-19
107,Bangalore,51999.0,2046-11-20
109,Delhi,39512.0,2046-11-21
109,Bangalore,59340.0,2046-11-22
106,Delhi,46069.0,2046-11-23
107,Kolkata,79074.0,2046-11-24
102,Delhi,79023.0,2046-11-25
109,Delhi,34502.0,2046-11-26
101,Bangalore,89678.0,2046-11-27
101,Delhi,62236.0,2046-11-28
103,Chennai,78020.0,2046-11-29
106,,54007.0,2046-11-30
105,Delhi,50971.0,2046-12-01
102,Mumbai,88376.0,2046-12-02
109,,36037.0,2046-12-03
104,Chennai,80307.0,2046-12-04
104,,72060.0,2046-12-05
105,Delhi,57361.0,2046-12-06
108,Mumbai,44466.0,2046-12-07
104,Delhi,63764.0,2046-12-08
105,Mumbai,60583.0,2046-12-09
104,Chennai,39627.0,2046-12-10
106,Delhi,51593.0,2046-12-11
103,Bangalore,81697.0,2046-12-12
108,Mumbai,50084.0,2046-12-13
106,Kolkata,53149.0,2046-12-14
105,Delhi,67752.0,2046-12-15
102,Mumbai,46737.0,2046-12-16
107,Chennai,32318.0,2046-12-17
102,Delhi,76471.0,2046-12-18
101,Bangalore,75487.0,2046-12-19
107,Bangalore,55314.0,2046-12-20
105,Kolkata,65287.0,2046-12-21
101,Chennai,60451.0,2046-12-22
104,Chennai,35427.0,2046-12-23
104,,67371.0,2046-12-24
107,,54630.0,2046-12-25
109,Chennai,81236.0,2046-12-26
102,Bangalore,63667.0,2046-12-27
101,Chennai,56678.0,2046-12-28
102,Mumbai,55099.0,2046-12-29
107,,61634.0,2046-12-30
106,Chennai,46846.0,2046-12-31
104,Mumbai,47885.0,2047-01-01
101,Delhi,42068.0,2047-01-02
101,Delhi,47099.0,2047-01-03
105,Mumbai,68098.0,2047-01-04
101,Mumbai,57873.0,2047-01-05
107,Bangalore,53558.0,2047-01-06
101,Mumbai,60518.0,2047-01-07
101,Chennai,82763.0,2047-01-08
102,Mumbai,39180.0,2047-01-09
103,Delhi,89172.0,2047-01-10
101,Bangalore,46595.0,2047-01-11
109,Kolkata,53740.0,2047-01-12
108,Bangalore,57722.0,2047-01-13
105,Bangalore,79905.0,2047-01-14
102,Bangalore,78241.0,2047-01-15
105,Mumbai,33750.0,2047-01-16
106,Mumbai,41881.0,2047-01-17
101,Mumbai,49606.0,2047-01-18
104,Bangalore,46819.0,2047-01-19
109,Chennai,56477.0,2047-01-20
102,Chennai,58755.0,2047-01-21
105,Mumbai,55811.0,2047-01-22
101,Kolkata,88122.0,2047-01-23
104,Mumbai,67697.0,2047-01-24
104,Delhi,77564.0,2047-01-25
106,Mumbai,48344.0,2047-01-26
109,Bangalore,50656.0,2047-01-27
103,Delhi,56382.0,2047-01-28
109,Chennai,61031.0,2047-01-29
106,Kolkata,35813.0,2047-01-30
107,Mumbai,31724.0,2047-01-31
102,Bangalore,87529.0,2047-02-01
106,Mumbai,31494.0,2047-02-02
106,Mumbai,48363.0,2047-02-03
102,Delhi,51812.0,2047-02-04
102,,50437.0,2047-02-05
102,Bangalore,71205.0,2047-02-06
101,Kolkata,60524.0,2047-02-07
105,Delhi,37160.0,2047-02-08
108,Kolkata,71343.0,2047-02-09
102,Kolkata,53593.0,2047-02-10
105,Chennai,30284.0,2047-02-11
108,,78083.0,2047-02-12
105,Delhi,67851.0,2047-02-13
102,Bangalore,50378.0,2047-02-14
103,Chennai,38491.0,2047-02-15
106,Bangalore,30900.0,2047-02-16
105,Kolkata,31459.0,2047-02-17
104,Mumbai,43680.0,2047-02-18
104,Delhi,49305.0,2047-02-19
105,Mumbai,65301.0,2047-02-20
102,Kolkata,62692.0,2047-02-21
109,,69347.0,2047-02-22
102,Bangalore,47189.0,2047-02-23
102,Bangalore,37595.0,2047-02-24
109,Chennai,48612.0,2047-02-25
103,Chennai,31921.0,2047-02-26
107,Delhi,67740.0,2047-02-27
104,Chennai,32387.0,2047-02-28
106,Bangalore,40730.0,2047-03-01
104,Bangalore,44830.0,2047-03-02
107,Delhi,64764.0,2047-03-03
101,Kolkata,34825.0,2047-03-04
103,Kolkata,35282.0,2047-03-05
103,Chennai,43869.0,2047-03-06
101,Chennai,81655.0,2047-03-07
106,Bangalore,45451.0,2047-03-08
109,Chennai,62872.0,2047-03-09
108,Mumbai,86014.0,2047-03-10
107,Kolkata,71398.0,2047-03-11
108,Bangalore,47905.0,2047-03-12
106,Chennai,64119.0,2047-03-13
109,Chennai,32698.0,2047-03-14
103,Chennai,49996.0,2047-03-15
109,Kolkata,46892.0,2047-03-16
104,Bangalore,78068.0,2047-03-17
107,Kolkata,68078.0,2047-03-18
109,Bangalore,36190.0,2047-03-19
102,,43166.0,2047-03-20
102,Kolkata,80426.0,2047-03-21
109,Delhi,59689.0,2047-03-22
103,Kolkata,65590.0,2047-03-23
109,Bangalore,61604.0,2047-03-24
105,,79215.0,2047-03-25
106,Chennai,33921.0,2047-03-26
102,Delhi,58991.0,2047-03-27
108,Mumbai,47243.0,2047-03-28
109,Bangalore,73787.0,2047-03-29
102,Kolkata,64315.0,2047-03-30
106,Chennai,62035.0,2047-03-31
106,Mumbai,64844.0,2047-04-01
108,Chennai,76730.0,2047-04-02
105,Bangalore,46820.0,2047-04-03
109,Delhi,52469.0,2047-04-04
101,Mumbai,76676.0,2047-04-05
109,Mumbai,66425.0,2047-04-06
107,Delhi,79914.0,2047-04-07
104,Delhi,30735.0,2047-04-08
103,Delhi,37214.0,2047-04-09
106,Kolkata,53968.0,2047-04-10
101,Mumbai,74624.0,2047-04-11
103,Mumbai,66862.0,2047-04-12
102,Mumbai,85746.0,2047-04-13
109,Bangalore,34728.0,2047-04-14
103,Bangalore,88922.0,2047-04-15
102,Mumbai,66497.0,2047-04-16
104,Chennai,37241.0,2047-04-17
102,Chennai,47460.0,2047-04-18
101,Mumbai,40472.0,2047-04-19
106,Bangalore,64598.0,2047-04-20
108,Bangalore,72858.0,2047-04-21
102,Delhi,47057.0,2047-04-22
109,Chennai,79700.0,2047-04-23
103,Kolkata,88280.0,2047-04-24
108,Chennai,44432.0,2047-04-25
108,Mumbai,63663.0,2047-04-26
103,,48953.0,2047-04-27
103,Bangalore,89431.0,2047-04-28
106,Mumbai,47297.0,2047-04-29
101,Bangalore,80328.0,2047-04-30
104,Chennai,70041.0,2047-05-01
101,Kolkata,36696.0,2047-05-02
103,Mumbai,59347.0,2047-05-03
109,Mumbai,51249.0,2047-05-04
105,Chennai,83458.0,2047-05-05
105,,49657.0,2047-05-06
104,Delhi,52960.0,2047-05-07
103,Kolkata,77810.0,2047-05-08
105,Bangalore,77668.0,2047-05-09
104,Kolkata,75202.0,2047-05-10
108,Bangalore,47906.0,2047-05-11
104,Mumbai,85577.0,2047-05-12
108,Chennai,70245.0,2047-05-13
106,,32802.0,2047-05-14
105,Mumbai,65890.0,2047-05-15
104,Bangalore,75550.0,2047-05-16
104,Mumbai,65224.0,2047-05-17
104,Delhi,48033.0,2047-05-18
109,Kolkata,65088.0,2047-05-19
104,Mumbai,73465.0,2047-05-20
109,Kolkata,47527.0,2047-05-21
106,Bangalore,,2047-05-22
107,,71005.0,2047-05-23
103,Delhi,49698.0,2047-05-24
108,Delhi,34406.0,2047-05-25
103,Delhi,81761.0,2047-05-26
101,Kolkata,59002.0,2047-05-27
105,Bangalore,58682.0,2047-05-28
102,Delhi,37591.0,2047-05-29
106,Kolkata,33119.0,2047-05-30
109,Kolkata,80552.0,2047-05-31
101,Kolkata,88935.0,2047-06-01
104,Mumbai,87351.0,2047-06-02
101,Mumbai,88327.0,2047-06-03
101,Chennai,82749.0,2047-06-04
108,Bangalore,89094.0,2047-06-05
102,Delhi,51873.0,2047-06-06
101,Mumbai,66279.0,2047-06-07
108,,66596.0,2047-06-08
104,Delhi,46949.0,2047-06-09
103,Chennai,37651.0,2047-06-10
104,Bangalore,56896.0,2047-06-11
105,Chennai,61660.0,2047-06-12
101,Chennai,71860.0,2047-06-13
101,Bangalore,40370.0,2047-06-14
103,Mumbai,74552.0,2047-06-15
106,Kolkata,65539.0,2047-06-16
101,Mumbai,36777.0,2047-06-17
102,Kolkata,30113.0,2047-06-18
107,Chennai,30531.0,2047-06-19
101,Bangalore,39714.0,2047-06-20
107,Mumbai,33410.0,2047-06-21
104,Mumbai,39236.0,2047-06-22
106,Chennai,84991.0,2047-06-23
108,Delhi,54608.0,2047-06-24
109,,38324.0,2047-06-25
106,,41159.0,2047-06-26
109,Delhi,64494.0,2047-06-27
104,Delhi,84222.0,2047-06-28
106,Bangalore,70985.0,2047-06-29
108,,62107.0,2047-06-30
109,Bangalore,65416.0,2047-07-01
103,Mumbai,61835.0,2047-07-02
102,Chennai,75600.0,2047-07-03
106,Delhi,39453.0,2047-07-04
104,Mumbai,64833.0,2047-07-05
101,Mumbai,57921.0,2047-07-06
108,Chennai,30933.0,2047-07-07
109,Delhi,61008.0,2047-07-08
109,Bangalore,31050.0,2047-07-09
102,Kolkata,55392.0,2047-07-10
109,Bangalore,62177.0,2047-07-11
107,Chennai,85182.0,2047-07-12
105,Delhi,69884.0,2047-07-13
107,Bangalore,84195.0,2047-07-14
109,Delhi,88081.0,2047-07-15
108,Bangalore,52851.0,2047-07-16
106,Mumbai,41106.0,2047-07-17
104,Mumbai,82754.0,2047-07-18
101,Delhi,36878.0,2047-07-19
106,Mumbai,30792.0,2047-07-20
103,Bangalore,41367.0,2047-07-21
106,Bangalore,68731.0,2047-07-22
106,Delhi,39547.0,2047-07-23
104,Chennai,64153.0,2047-07-24
102,Bangalore,58568.0,2047-07-25
109,Bangalore,80212.0,2047-07-26
102,Kolkata,72331.0,2047-07-27
103,Mumbai,54307.0,2047-07-28
101,Delhi,34138.0,2047-07-29
107,Bangalore,80301.0,2047-07-30
101,,77112.0,2047-07-31
109,Bangalore,37693.0,2047-08-01
101,Kolkata,41394.0,2047-08-02
105,Kolkata,53876.0,2047-08-03
107,Bangalore,69095.0,2047-08-04
103,Chennai,33353.0,2047-08-05
109,Bangalore,76132.0,2047-08-06
108,Bangalore,85121.0,2047-08-07
103,Bangalore,45205.0,2047-08-08
105,Chennai,34628.0,2047-08-09
107,Bangalore,82600.0,2047-08-10
104,Delhi,59990.0,2047-08-11
105,Kolkata,68095.0,2047-08-12
103,Chennai,57623.0,2047-08-13
109,,88844.0,2047-08-14
109,Bangalore,77049.0,2047-08-15
107,Delhi,51433.0,2047-08-16
102,Delhi,79220.0,2047-08-17
107,Kolkata,40058.0,2047-08-18
107,Delhi,56524.0,2047-08-19
105,,42093.0,2047-08-20
109,Mumbai,82660.0,2047-08-21
103,Kolkata,46684.0,2047-08-22
104,Kolkata,58698.0,2047-08-23
101,Kolkata,78755.0,2047-08-24
106,Mumbai,85949.0,2047-08-25
104,Bangalore,48984.0,2047-08-26
101,Delhi,81305.0,2047-08-27
102,Mumbai,44907.0,2047-08-28
103,Mumbai,84057.0,2047-08-29
109,Chennai,42921.0,2047-08-30
108,Delhi,50402.0,2047-08-31
107,,76794.0,2047-09-01
104,Delhi,33082.0,2047-09-02
101,Mumbai,37074.0,2047-09-03
108,Delhi,59330.0,2047-09-04
104,Kolkata,47623.0,2047-09-05
103,Delhi,73328.0,2047-09-06
109,Kolkata,30459.0,2047-09-07
104,Bangalore,87134.0,2047-09-08
104,,81778.0,2047-09-09
109,Mumbai,82915.0,2047-09-10
102,Bangalore,86172.0,2047-09-11
105,Chennai,32801.0,2047-09-12
104,Kolkata,58831.0,2047-09-13
109,Bangalore,46847.0,2047-09-14
105,Kolkata,30997.0,2047-09-15
109,Delhi,52025.0,2047-09-16
109,Chennai,62379.0,2047-09-17
102,Mumbai,36384.0,2047-09-18
109,Delhi,43223.0,2047-09-19
103,Mumbai,78067.0,2047-09-20
104,Kolkata,41198.0,2047-09-21
101,,64446.0,2047-09-22
101,Mumbai,63632.0,2047-09-23
101,Kolkata,39382.0,2047-09-24
109,Bangalore,54120.0,2047-09-25
108,Chennai,65465.0,2047-09-26
105,Delhi,56950.0,2047-09-27
105,Bangalore,88208.0,2047-09-28
109,Delhi,89920.0,2047-09-29
103,Mumbai,74875.0,2047-09-30
103,Bangalore,59968.0,2047-10-01
107,Kolkata,32926.0,2047-10-02
109,Bangalore,45735.0,2047-10-03
106,,44223.0,2047-10-04
102,Kolkata,70310.0,2047-10-05
101,Delhi,67197.0,2047-10-06
102,Mumbai,45362.0,2047-10-07
101,Chennai,86562.0,2047-10-08
109,,76699.0,2047-10-09
108,,69986.0,2047-10-10
107,Kolkata,53409.0,2047-10-11
103,Bangalore,32397.0,2047-10-12
108,Kolkata,81373.0,2047-10-13
102,Mumbai,44451.0,2047-10-14
102,Mumbai,35814.0,2047-10-15
103,Chennai,52888.0,2047-10-16
107,Kolkata,37522.0,2047-10-17
101,,52169.0,2047-10-18
108,Mumbai,89126.0,2047-10-19
107,Kolkata,85371.0,2047-10-20
104,Kolkata,50382.0,2047-10-21
105,Chennai,81955.0,2047-10-22
101,Mumbai,45588.0,2047-10-23
104,Chennai,75127.0,2047-10-24
101,Bangalore,45762.0,2047-10-25
101,Chennai,45577.0,2047-10-26
101,Chennai,50931.0,2047-10-27
107,Kolkata,39970.0,2047-10-28
107,Delhi,69278.0,2047-10-29
104,Mumbai,88169.0,2047-10-30
102,Bangalore,50045.0,2047-10-31
103,Mumbai,77773.0,2047-11-01
108,,45919.0,2047-11-02
108,Mumbai,74329.0,2047-11-03
106,Bangalore,57671.0,2047-11-04
109,Kolkata,40349.0,2047-11-05
109,Delhi,79203.0,2047-11-06
104,Kolkata,36058.0,2047-11-07
101,Bangalore,74321.0,2047-11-08
101,Delhi,33515.0,2047-11-09
105,,33330.0,2047-11-10
102,Delhi,86643.0,2047-11-11
106,Bangalore,64442.0,2047-11-12
107,Delhi,85180.0,2047-11-13
101,Delhi,73825.0,2047-11-14
106,Kolkata,47745.0,2047-11-15
108,Kolkata,38978.0,2047-11-16
105,Delhi,46939.0,2047-11-17
107,Chennai,45264.0,2047-11-18
106,Kolkata,56615.0,2047-11-19
104,Kolkata,62165.0,2047-11-20
107,Bangalore,77362.0,2047-11-21
109,Kolkata,86944.0,2047-11-22
107,Bangalore,72722.0,2047-11-23
105,Chennai,64880.0,2047-11-24
107,,48594.0,2047-11-25
103,Mumbai,45523.0,2047-11-26
102,Delhi,31701.0,2047-11-27
105,Mumbai,89430.0,2047-11-28
104,Delhi,62758.0,2047-11-29
105,Mumbai,65480.0,2047-11-30
108,Chennai,85615.0,2047-12-01
104,Bangalore,56983.0,2047-12-02
109,Mumbai,65084.0,2047-12-03
107,Mumbai,77427.0,2047-12-04
107,Delhi,69237.0,2047-12-05
108,Bangalore,64378.0,2047-12-06
106,Chennai,50736.0,2047-12-07
108,Delhi,36343.0,2047-12-08
103,,45797.0,2047-12-09
101,Bangalore,83857.0,2047-12-10
106,,72087.0,2047-12-11
101,Delhi,51875.0,2047-12-12
109,Kolkata,71864.0,2047-12-13
102,Chennai,71123.0,2047-12-14
102,Kolkata,39328.0,2047-12-15
107,Chennai,67478.0,2047-12-16
102,,32025.0,2047-12-17
108,Chennai,30105.0,2047-12-18
106,Kolkata,59370.0,2047-12-19
107,Kolkata,50843.0,2047-12-20
107,Chennai,49476.0,2047-12-21
106,Bangalore,72981.0,2047-12-22
109,Mumbai,72112.0,2047-12-23
109,Kolkata,78610.0,2047-12-24
107,Bangalore,30698.0,2047-12-25
109,Chennai,58443.0,2047-12-26
103,Delhi,74230.0,2047-12-27
103,Bangalore,71706.0,2047-12-28
101,Chennai,68839.0,2047-12-29
105,Bangalore,52123.0,2047-12-30
104,Bangalore,71920.0,2047-12-31
102,Mumbai,49875.0,2048-01-01
109,Mumbai,33297.0,2048-01-02
103,Chennai,82129.0,2048-01-03
108,Mumbai,30208.0,2048-01-04
106,Chennai,49700.0,2048-01-05
105,Bangalore,51791.0,2048-01-06
101,,37233.0,2048-01-07
104,Delhi,31891.0,2048-01-08
103,Delhi,88520.0,2048-01-09
101,Bangalore,77594.0,2048-01-10
105,Bangalore,66274.0,2048-01-11
106,Delhi,32039.0,2048-01-12
102,Kolkata,49673.0,2048-01-13
103,Bangalore,72412.0,2048-01-14
106,Mumbai,69413.0,2048-01-15
104,Mumbai,83913.0,2048-01-16
109,Kolkata,58436.0,2048-01-17
105,Delhi,64385.0,2048-01-18
104,Delhi,38186.0,2048-01-19
102,Mumbai,30434.0,2048-01-20
106,Chennai,40519.0,2048-01-21
102,Kolkata,48030.0,2048-01-22
107,Mumbai,41355.0,2048-01-23
103,Delhi,85819.0,2048-01-24
109,Mumbai,44328.0,2048-01-25
105,Chennai,35258.0,2048-01-26
108,Mumbai,75722.0,2048-01-27
106,Kolkata,37190.0,2048-01-28
108,Delhi,80592.0,2048-01-29
103,Delhi,52479.0,2048-01-30
103,Delhi,86027.0,2048-01-31
105,Kolkata,50827.0,2048-02-01
103,Chennai,78364.0,2048-02-02
108,,84012.0,2048-02-03
108,Mumbai,88277.0,2048-02-04
102,Mumbai,75238.0,2048-02-05
104,Bangalore,40747.0,2048-02-06
101,Bangalore,60917.0,2048-02-07
104,Bangalore,60377.0,2048-02-08
104,Mumbai,88490.0,2048-02-09
109,Delhi,74956.0,2048-02-10
103,Delhi,70481.0,2048-02-11
102,Chennai,63148.0,2048-02-12
109,Bangalore,71784.0,2048-02-13
109,Kolkata,88882.0,2048-02-14
101,Mumbai,53557.0,2048-02-15
106,Kolkata,74335.0,2048-02-16
108,Bangalore,64405.0,2048-02-17
103,Delhi,42479.0,2048-02-18
109,,53927.0,2048-02-19
102,Bangalore,63292.0,2048-02-20
106,Chennai,49491.0,2048-02-21
101,Chennai,87294.0,2048-02-22
107,Mumbai,31093.0,2048-02-23
103,Chennai,61008.0,2048-02-24
107,Kolkata,30104.0,2048-02-25
104,Mumbai,48123.0,2048-02-26
109,Chennai,56936.0,2048-02-27
105,Kolkata,82278.0,2048-02-28
103,Delhi,48060.0,2048-02-29
108,Mumbai,54288.0,2048-03-01
106,Delhi,73314.0,2048-03-02
102,Chennai,54411.0,2048-03-03
103,Kolkata,67684.0,2048-03-04
108,Chennai,75091.0,2048-03-05
107,Delhi,82086.0,2048-03-06
106,Bangalore,43336.0,2048-03-07
101,Kolkata,89216.0,2048-03-08
109,Mumbai,67924.0,2048-03-09
103,Kolkata,80194.0,2048-03-10
105,Kolkata,41626.0,2048-03-11
107,Delhi,88785.0,2048-03-12
107,Mumbai,80997.0,2048-03-13
103,Bangalore,33501.0,2048-03-14
104,Chennai,80693.0,2048-03-15
107,Kolkata,46850.0,2048-03-16
108,Chennai,65712.0,2048-03-17
102,Mumbai,50678.0,2048-03-18
109,Delhi,45905.0,2048-03-19
107,Kolkata,31591.0,2048-03-20
108,Mumbai,43522.0,2048-03-21
106,Chennai,46153.0,2048-03-22
106,Delhi,66840.0,2048-03-23
109,Delhi,33572.0,2048-03-24
104,Mumbai,88537.0,2048-03-25
105,Mumbai,68746.0,2048-03-26
109,Chennai,63061.0,2048-03-27
101,Delhi,55497.0,2048-03-28
104,,52242.0,2048-03-29
107,Bangalore,31338.0,2048-03-30
109,Bangalore,46151.0,2048-03-31
106,Bangalore,56990.0,2048-04-01
108,Bangalore,45380.0,2048-04-02
109,Delhi,61035.0,2048-04-03
104,,75813.0,2048-04-04
101,Bangalore,84361.0,2048-04-05
108,Delhi,82627.0,2048-04-06
102,Bangalore,56117.0,2048-04-07
101,Bangalore,32498.0,2048-04-08
107,Delhi,77881.0,2048-04-09
109,,55483.0,2048-04-10
109,Delhi,35728.0,2048-04-11
103,Bangalore,86469.0,2048-04-12
106,,48877.0,2048-04-13
107,Mumbai,56703.0,2048-04-14
109,Mumbai,33088.0,2048-04-15
102,Delhi,69049.0,2048-04-16
108,Delhi,53179.0,2048-04-17
107,Delhi,77954.0,2048-04-18
104,Kolkata,52011.0,2048-04-19
102,Kolkata,42839.0,2048-04-20
108,Chennai,83142.0,2048-04-21
105,Mumbai,82903.0,2048-04-22
106,Kolkata,53625.0,2048-04-23
107,Bangalore,48481.0,2048-04-24
101,Mumbai,61753.0,2048-04-25
108,Bangalore,49558.0,2048-04-26
104,Delhi,46771.0,2048-04-27
109,,61104.0,2048-04-28
101,Chennai,63066.0,2048-04-29
102,Chennai,83586.0,2048-04-30
106,Chennai,74420.0,2048-05-01
101,Chennai,34061.0,2048-05-02
104,Delhi,63241.0,2048-05-03
108,Bangalore,46161.0,2048-05-04
105,Kolkata,35057.0,2048-05-05
109,Delhi,75847.0,2048-05-06
106,,74173.0,2048-05-07
101,Bangalore,78936.0,2048-05-08
106,Mumbai,35289.0,2048-05-09
106,Bangalore,83260.0,2048-05-10
106,Kolkata,71408.0,2048-05-11
108,Bangalore,32221.0,2048-05-12
106,Chennai,72942.0,2048-05-13
105,Bangalore,51635.0,2048-05-14
102,Chennai,82763.0,2048-05-15
104,Delhi,49026.0,2048-05-16
105,Delhi,81072.0,2048-05-17
104,Delhi,37075.0,2048-05-18
102,Mumbai,52378.0,2048-05-19
107,Mumbai,65084.0,2048-05-20
102,Chennai,80426.0,2048-05-21
101,Bangalore,43681.0,2048-05-22
105,Delhi,77721.0,2048-05-23
101,Delhi,61584.0,2048-05-24
101,Delhi,61245.0,2048-05-25
101,Mumbai,88959.0,2048-05-26
106,Delhi,34983.0,2048-05-27
109,Bangalore,62249.0,2048-05-28
101,Mumbai,61391.0,2048-05-29
105,Bangalore,60897.0,2048-05-30
109,Chennai,70602.0,2048-05-31
109,Mumbai,50002.0,2048-06-01
101,Delhi,40498.0,2048-06-02
108,Mumbai,79411.0,2048-06-03
101,Delhi,33206.0,2048-06-04
108,Delhi,78588.0,2048-06-05
101,Kolkata,72472.0,2048-06-06
105,Mumbai,42930.0,2048-06-07
108,,40320.0,2048-06-08
106,Delhi,58014.0,2048-06-09
109,Kolkata,67946.0,2048-06-10
101,Chennai,61817.0,2048-06-11
109,Mumbai,68126.0,2048-06-12
101,Mumbai,56752.0,2048-06-13
103,Bangalore,34507.0,2048-06-14
101,Kolkata,85610.0,2048-06-15
103,Mumbai,53925.0,2048-06-16
102,Delhi,66276.0,2048-06-17
102,Mumbai,53689.0,2048-06-18
109,Mumbai,75670.0,2048-06-19
108,,84146.0,2048-06-20
101,Chennai,45238.0,2048-06-21
104,Delhi,54807.0,2048-06-22
101,Mumbai,69522.0,2048-06-23
101,Delhi,38921.0,2048-06-24
104,Kolkata,41204.0,2048-06-25
102,,68284.0,2048-06-26
103,Delhi,85020.0,2048-06-27
109,Bangalore,68567.0,2048-06-28
102,,65697.0,2048-06-29
104,Delhi,76653.0,2048-06-30
101,Mumbai,54893.0,2048-07-01
102,Mumbai,31530.0,2048-07-02
105,Delhi,61241.0,2048-07-03
101,Delhi,54297.0,2048-07-04
107,,39302.0,2048-07-05
104,Bangalore,78906.0,2048-07-06
106,Mumbai,30715.0,2048-07-07
108,Mumbai,39533.0,2048-07-08
106,Chennai,70295.0,2048-07-09
102,Mumbai,82464.0,2048-07-10
101,Mumbai,37223.0,2048-07-11
108,Delhi,43421.0,2048-07-12
108,Chennai,57696.0,2048-07-13
109,Delhi,44066.0,2048-07-14
106,Delhi,74047.0,2048-07-15
101,Bangalore,51576.0,2048-07-16
109,Delhi,86179.0,2048-07-17
103,,46585.0,2048-07-18
106,Chennai,32140.0,2048-07-19
109,Delhi,89016.0,2048-07-20
103,Delhi,72016.0,2048-07-21
105,Bangalore,66439.0,2048-07-22
105,Mumbai,71378.0,2048-07-23
107,Kolkata,37370.0,2048-07-24
104,Bangalore,81750.0,2048-07-25
104,Bangalore,87969.0,2048-07-26
107,,59516.0,2048-07-27
109,Mumbai,42022.0,2048-07-28
104,Bangalore,89222.0,2048-07-29
104,Chennai,48328.0,2048-07-30
106,Kolkata,32929.0,2048-07-31
106,Chennai,73727.0,2048-08-01
107,Chennai,33383.0,2048-08-02
101,Mumbai,82692.0,2048-08-03
103,Bangalore,79545.0,2048-08-04
109,Delhi,57432.0,2048-08-05
106,Chennai,41111.0,2048-08-06
106,Mumbai,78338.0,2048-08-07
105,Delhi,69778.0,2048-08-08
103,,89962.0,2048-08-09
105,Mumbai,61899.0,2048-08-10
101,Delhi,53161.0,2048-08-11
103,Mumbai,38823.0,2048-08-12
104,Mumbai,57432.0,2048-08-13
105,Bangalore,63089.0,2048-08-14
109,Delhi,51053.0,2048-08-15
104,Delhi,80845.0,2048-08-16
103,Mumbai,47447.0,2048-08-17
101,Mumbai,54305.0,2048-08-18
106,Delhi,33111.0,2048-08-19
107,Bangalore,88820.0,2048-08-20
108,Mumbai,57493.0,2048-08-21
101,Delhi,82413.0,2048-08-22
104,Kolkata,40985.0,2048-08-23
105,Kolkata,33086.0,2048-08-24
102,Mumbai,76203.0,2048-08-25
101,Delhi,82963.0,2048-08-26
108,Bangalore,74930.0,2048-08-27
106,Chennai,82503.0,2048-08-28
105,,53464.0,2048-08-29
109,Mumbai,71918.0,2048-08-30
102,Chennai,66911.0,2048-08-31
108,Kolkata,36332.0,2048-09-01
109,Bangalore,69215.0,2048-09-02
101,Delhi,72542.0,2048-09-03
107,Mumbai,70631.0,2048-09-04
108,Delhi,33176.0,2048-09-05
103,Delhi,32416.0,2048-09-06
104,Kolkata,70436.0,2048-09-07
103,Mumbai,38651.0,2048-09-08
107,Delhi,40486.0,2048-09-09
109,Kolkata,48695.0,2048-09-10
103,Bangalore,31229.0,2048-09-11
106,Mumbai,31530.0,2048-09-12
108,Mumbai,75585.0,2048-09-13
106,Mumbai,72347.0,2048-09-14
102,Delhi,65565.0,2048-09-15
107,Kolkata,31363.0,2048-09-16
102,Delhi,67270.0,2048-09-17
102,Bangalore,46836.0,2048-09-18
102,Delhi,50288.0,2048-09-19
101,,52380.0,2048-09-20
101,Chennai,75869.0,2048-09-21
107,,79729.0,2048-09-22
105,Mumbai,50303.0,2048-09-23
103,Kolkata,73972.0,2048-09-24
101,Kolkata,37317.0,2048-09-25
106,Chennai,33264.0,2048-09-26
101,Delhi,48315.0,2048-09-27
109,Delhi,67010.0,2048-09-28
102,Delhi,87333.0,2048-09-29
101,Delhi,42693.0,2048-09-30
107,Chennai,46566.0,2048-10-01
106,Bangalore,54811.0,2048-10-02
106,Bangalore,63405.0,2048-10-03
105,Mumbai,82157.0,2048-10-04
104,Delhi,89823.0,2048-10-05
104,Mumbai,49856.0,2048-10-06
103,Bangalore,79676.0,2048-10-07
108,Chennai,57366.0,2048-10-08
107,Mumbai,84811.0,2048-10-09
109,Chennai,76970.0,2048-10-10
101,Bangalore,65138.0,2048-10-11
107,Kolkata,72244.0,2048-10-12
104,Mumbai,80787.0,2048-10-13
107,Bangalore,72683.0,2048-10-14
101,Delhi,40638.0,2048-10-15
105,Mumbai,50816.0,2048-10-16
103,Bangalore,86619.0,2048-10-17
105,Chennai,50598.0,2048-10-18
104,Delhi,72541.0,2048-10-19
102,Mumbai,40652.0,2048-10-20
104,Chennai,46963.0,2048-10-21
103,Mumbai,78511.0,2048-10-22
101,Bangalore,62223.0,2048-10-23
108,Kolkata,61024.0,2048-10-24
105,Bangalore,87002.0,2048-10-25
104,Chennai,33941.0,2048-10-26
105,Chennai,38387.0,2048-10-27
104,Kolkata,38524.0,2048-10-28
103,Chennai,65859.0,2048-10-29
105,Delhi,67486.0,2048-10-30
104,Mumbai,71617.0,2048-10-31
101,,55279.0,2048-11-01
103,Delhi,84704.0,2048-11-02
108,Bangalore,84130.0,2048-11-03
107,Kolkata,56025.0,2048-11-04
102,Bangalore,47636.0,2048-11-05
101,Mumbai,71483.0,2048-11-06
103,Delhi,73224.0,2048-11-07
105,Mumbai,43277.0,2048-11-08
101,Delhi,78718.0,2048-11-09
103,,65190.0,2048-11-10
103,Chennai,70995.0,2048-11-11
105,Chennai,71735.0,2048-11-12
103,Bangalore,79179.0,2048-11-13
109,Delhi,37539.0,2048-11-14
101,Mumbai,62853.0,2048-11-15
104,Mumbai,56811.0,2048-11-16
104,Bangalore,56928.0,2048-11-17
101,Bangalore,36909.0,2048-11-18
102,Bangalore,58069.0,2048-11-19
101,Bangalore,83433.0,2048-11-20
106,,76084.0,2048-11-21
103,Mumbai,67421.0,2048-11-22
107,Chennai,38033.0,2048-11-23
105,Mumbai,86816.0,2048-11-24
109,Bangalore,40748.0,2048-11-25
107,Mumbai,76693.0,2048-11-26
104,Bangalore,35066.0,2048-11-27
105,Mumbai,75272.0,2048-11-28
105,Delhi,78664.0,2048-11-29
105,Kolkata,79408.0,2048-11-30
109,Delhi,41998.0,2048-12-01
103,Mumbai,43764.0,2048-12-02
106,Bangalore,64215.0,2048-12-03
108,Bangalore,75379.0,2048-12-04
109,Chennai,45858.0,2048-12-05
107,Bangalore,68468.0,2048-12-06
103,Mumbai,89588.0,2048-12-07
101,Delhi,83751.0,2048-12-08
104,Kolkata,66111.0,2048-12-09
106,Mumbai,47077.0,2048-12-10
103,Kolkata,40257.0,2048-12-11
101,Mumbai,77210.0,2048-12-12
106,Chennai,74560.0,2048-12-13
101,,75180.0,2048-12-14
109,Chennai,87826.0,2048-12-15
101,Bangalore,33665.0,2048-12-16
106,Bangalore,65442.0,2048-12-17
101,Bangalore,73358.0,2048-12-18
107,Bangalore,46734.0,2048-12-19
103,Delhi,38840.0,2048-12-20
106,Chennai,42062.0,2048-12-21
107,Delhi,37044.0,2048-12-22
101,Delhi,87571.0,2048-12-23
101,Chennai,32063.0,2048-12-24
105,Delhi,52313.0,2048-12-25
106,Kolkata,87768.0,2048-12-26
109,Kolkata,57087.0,2048-12-27
101,,75779.0,2048-12-28
104,Chennai,70181.0,2048-12-29
108,Bangalore,48205.0,2048-12-30
109,Mumbai,84041.0,2048-12-31
103,Bangalore,42464.0,2049-01-01
102,Delhi,73550.0,2049-01-02
104,Mumbai,57132.0,2049-01-03
102,Chennai,80737.0,2049-01-04
101,Mumbai,72638.0,2049-01-05
103,Mumbai,67427.0,2049-01-06
107,Chennai,65048.0,2049-01-07
101,Delhi,33749.0,2049-01-08
102,Mumbai,65306.0,2049-01-09
101,Delhi,55592.0,2049-01-10
108,Chennai,79595.0,2049-01-11
105,Chennai,48451.0,2049-01-12
108,Chennai,58258.0,2049-01-13
103,Mumbai,74758.0,2049-01-14
107,Chennai,87454.0,2049-01-15
108,Bangalore,65302.0,2049-01-16
106,Mumbai,62856.0,2049-01-17
107,Bangalore,82542.0,2049-01-18
102,Bangalore,51621.0,2049-01-19
108,Bangalore,36577.0,2049-01-20
105,Chennai,81093.0,2049-01-21
107,Delhi,49694.0,2049-01-22
101,Bangalore,38263.0,2049-01-23
105,Bangalore,47205.0,2049-01-24
101,Bangalore,38072.0,2049-01-25
108,Bangalore,79967.0,2049-01-26
104,Kolkata,87747.0,2049-01-27
104,Kolkata,80850.0,2049-01-28
102,Chennai,75306.0,2049-01-29
105,Chennai,73876.0,2049-01-30
101,Delhi,70130.0,2049-01-31
109,Chennai,73002.0,2049-02-01
105,Bangalore,35691.0,2049-02-02
106,Mumbai,52113.0,2049-02-03
102,Delhi,31953.0,2049-02-04
101,Delhi,34963.0,2049-02-05
104,Delhi,68754.0,2049-02-06
107,Delhi,70520.0,2049-02-07
106,Delhi,57869.0,2049-02-08
101,Chennai,41445.0,2049-02-09
101,Mumbai,67759.0,2049-02-10
108,Mumbai,50185.0,2049-02-11
104,Kolkata,38447.0,2049-02-12
105,Delhi,64699.0,2049-02-13
107,Kolkata,80263.0,2049-02-14
108,Chennai,63640.0,2049-02-15
107,Mumbai,37954.0,2049-02-16
102,Delhi,83739.0,2049-02-17
104,Delhi,85631.0,2049-02-18
101,Mumbai,47945.0,2049-02-19
109,Delhi,68294.0,2049-02-20
103,Mumbai,42920.0,2049-02-21
103,Delhi,59984.0,2049-02-22
109,Bangalore,83609.0,2049-02-23
103,Delhi,35560.0,2049-02-24
108,Kolkata,45389.0,2049-02-25
102,Mumbai,54265.0,2049-02-26
103,Kolkata,71853.0,2049-02-27
102,Delhi,37715.0,2049-02-28
101,Chennai,49068.0,2049-03-01
102,Mumbai,39438.0,2049-03-02
108,Bangalore,79898.0,2049-03-03
109,Delhi,35243.0,2049-03-04
102,Bangalore,58629.0,2049-03-05
107,Delhi,69594.0,2049-03-06
105,Bangalore,34085.0,2049-03-07
103,Delhi,68885.0,2049-03-08
109,Bangalore,47390.0,2049-03-09
106,Delhi,54513.0,2049-03-10
101,Mumbai,50694.0,2049-03-11
105,Bangalore,71850.0,2049-03-12
107,,73451.0,2049-03-13
104,Bangalore,44884.0,2049-03-14
108,Chennai,32876.0,2049-03-15
105,Bangalore,56207.0,2049-03-16
109,Bangalore,81178.0,2049-03-17
109,Delhi,35556.0,2049-03-18
109,Delhi,50491.0,2049-03-19
101,Kolkata,68009.0,2049-03-20
102,Bangalore,78674.0,2049-03-21
103,Chennai,77682.0,2049-03-22
104,Bangalore,62225.0,2049-03-23
109,Mumbai,68437.0,2049-03-24
106,Mumbai,35399.0,2049-03-25
101,Bangalore,71701.0,2049-03-26
109,Delhi,43648.0,2049-03-27
106,Mumbai,60887.0,2049-03-28
104,Bangalore,82160.0,2049-03-29
104,,72936.0,2049-03-30
103,Mumbai,70263.0,2049-03-31
107,Chennai,78373.0,2049-04-01
103,Delhi,82814.0,2049-04-02
102,Delhi,51804.0,2049-04-03
108,Kolkata,60919.0,2049-04-04
104,Chennai,76972.0,2049-04-05
108,Mumbai,58147.0,2049-04-06
101,Bangalore,49295.0,2049-04-07
105,Delhi,36897.0,2049-04-08
109,Chennai,41276.0,2049-04-09
101,Delhi,68253.0,2049-04-10
104,Kolkata,35838.0,2049-04-11
106,Bangalore,47157.0,2049-04-12
108,Mumbai,32144.0,2049-04-13
103,Kolkata,44406.0,2049-04-14
105,,71952.0,2049-04-15
107,Mumbai,56414.0,2049-04-16
101,Kolkata,68748.0,2049-04-17
107,Kolkata,77460.0,2049-04-18
108,Chennai,59483.0,2049-04-19
108,,77647.0,2049-04-20
109,Bangalore,41513.0,2049-04-21
106,Chennai,85549.0,2049-04-22
106,Kolkata,74802.0,2049-04-23
102,Bangalore,56451.0,2049-04-24
103,Bangalore,70909.0,2049-04-25
104,Mumbai,78091.0,2049-04-26
104,Kolkata,82389.0,2049-04-27
108,Chennai,70963.0,2049-04-28
101,Bangalore,84734.0,2049-04-29
104,Bangalore,52672.0,2049-04-30
104,Delhi,71124.0,2049-05-01
101,Delhi,42631.0,2049-05-02
103,Bangalore,64665.0,2049-05-03
105,Bangalore,62291.0,2049-05-04
106,Kolkata,51817.0,2049-05-05
109,Bangalore,41432.0,2049-05-06
109,,48951.0,2049-05-07
109,Delhi,38130.0,2049-05-08
101,,84869.0,2049-05-09
109,Mumbai,74467.0,2049-05-10
108,Chennai,53136.0,2049-05-11
102,Bangalore,32559.0,2049-05-12
101,Mumbai,44744.0,2049-05-13
101,Delhi,61155.0,2049-05-14
106,Delhi,72298.0,2049-05-15
109,Chennai,51021.0,2049-05-16
107,Mumbai,46996.0,2049-05-17
105,,86898.0,2049-05-18
102,Mumbai,43187.0,2049-05-19
101,,81036.0,2049-05-20
102,Mumbai,83176.0,2049-05-21
101,Delhi,65902.0,2049-05-22
103,Mumbai,88399.0,2049-05-23
106,Kolkata,48006.0,2049-05-24
108,Bangalore,46375.0,2049-05-25
103,Delhi,82434.0,2049-05-26
109,Mumbai,60158.0,2049-05-27
105,Mumbai,81762.0,2049-05-28
107,Bangalore,77678.0,2049-05-29
108,Mumbai,33069.0,2049-05-30
103,Chennai,36486.0,2049-05-31
102,Chennai,47639.0,2049-06-01
102,Kolkata,65428.0,2049-06-02
105,Bangalore,58800.0,2049-06-03
101,Mumbai,55618.0,2049-06-04
102,,67220.0,2049-06-05
109,Mumbai,88786.0,2049-06-06
107,Bangalore,86254.0,2049-06-07
106,Kolkata,41869.0,2049-06-08
109,Delhi,34176.0,2049-06-09
107,Mumbai,66454.0,2049-06-10
105,Delhi,56480.0,2049-06-11
109,Delhi,61500.0,2049-06-12
106,Delhi,35237.0,2049-06-13
106,Delhi,56453.0,2049-06-14
104,Mumbai,86813.0,2049-06-15
101,Kolkata,30790.0,2049-06-16
105,Bangalore,77595.0,2049-06-17
109,Chennai,76954.0,2049-06-18
108,Bangalore,71184.0,2049-06-19
108,Kolkata,82186.0,2049-06-20
105,Kolkata,44754.0,2049-06-21
109,Kolkata,43067.0,2049-06-22
103,Kolkata,46609.0,2049-06-23
103,Delhi,57981.0,2049-06-24
101,Bangalore,84500.0,2049-06-25
109,Bangalore,85618.0,2049-06-26
106,Bangalore,49563.0,2049-06-27
102,Bangalore,39003.0,2049-06-28
108,Delhi,57068.0,2049-06-29
109,Delhi,76996.0,2049-06-30
109,,34223.0,2049-07-01
102,Chennai,53904.0,2049-07-02
102,Mumbai,66834.0,2049-07-03
107,Mumbai,50746.0,2049-07-04
104,Chennai,61404.0,2049-07-05
101,Bangalore,51407.0,2049-07-06
108,Bangalore,50693.0,2049-07-07
102,Delhi,63014.0,2049-07-08
103,Delhi,52121.0,2049-07-09
105,Mumbai,80770.0,2049-07-10
103,Chennai,56403.0,2049-07-11
107,Delhi,41637.0,2049-07-12
107,Mumbai,38612.0,2049-07-13
102,Chennai,60410.0,2049-07-14
107,Kolkata,35160.0,2049-07-15
106,Delhi,64139.0,2049-07-16
109,Chennai,37728.0,2049-07-17
109,,34238.0,2049-07-18
102,,56764.0,2049-07-19
107,Kolkata,81764.0,2049-07-20
105,Chennai,48464.0,2049-07-21
106,Mumbai,61943.0,2049-07-22
101,Chennai,60838.0,2049-07-23
107,Chennai,35919.0,2049-07-24
106,Bangalore,67092.0,2049-07-25
104,Bangalore,37797.0,2049-07-26
101,Chennai,81887.0,2049-07-27
109,,52467.0,2049-07-28
104,Mumbai,53736.0,2049-07-29
102,Mumbai,39021.0,2049-07-30
108,Chennai,33058.0,2049-07-31
102,Delhi,39041.0,2049-08-01
105,Bangalore,68102.0,2049-08-02
106,Delhi,31153.0,2049-08-03
108,Bangalore,67708.0,2049-08-04
101,Chennai,77375.0,2049-08-05
101,Delhi,42021.0,2049-08-06
104,Mumbai,57258.0,2049-08-07
105,Mumbai,65847.0,2049-08-08
109,Mumbai,79554.0,2049-08-09
107,Chennai,49359.0,2049-08-10
107,Bangalore,56178.0,2049-08-11
108,Mumbai,42914.0,2049-08-12
105,Bangalore,37536.0,2049-08-13
105,Delhi,85071.0,2049-08-14
101,Kolkata,85912.0,2049-08-15
109,Delhi,63748.0,2049-08-16
106,Kolkata,69448.0,2049-08-17
109,Bangalore,76132.0,2049-08-18
103,Bangalore,40486.0,2049-08-19
105,Chennai,32384.0,2049-08-20
102,Kolkata,74312.0,2049-08-21
105,,75088.0,2049-08-22
108,Bangalore,71758.0,2049-08-23
102,Delhi,40787.0,2049-08-24
108,Kolkata,64134.0,2049-08-25
104,Delhi,65706.0,2049-08-26
101,Kolkata,47646.0,2049-08-27
105,Chennai,86811.0,2049-08-28
101,,36187.0,2049-08-29
107,Kolkata,38495.0,2049-08-30
108,Delhi,39885.0,2049-08-31
103,Chennai,48700.0,2049-09-01
103,Delhi,45018.0,2049-09-02
107,Delhi,60428.0,2049-09-03
104,Bangalore,59071.0,2049-09-04
103,Delhi,87061.0,2049-09-05
108,Chennai,61322.0,2049-09-06
103,,80073.0,2049-09-07
107,Bangalore,37114.0,2049-09-08
102,Mumbai,36574.0,2049-09-09
101,Kolkata,54996.0,2049-09-10
106,Kolkata,56754.0,2049-09-11
108,Chennai,68297.0,2049-09-12
101,Chennai,33809.0,2049-09-13
109,Kolkata,76304.0,2049-09-14
103,Delhi,47550.0,2049-09-15
103,,59249.0,2049-09-16
104,,71499.0,2049-09-17
101,Kolkata,85420.0,2049-09-18
109,Mumbai,68099.0,2049-09-19
103,Kolkata,51413.0,2049-09-20
104,Bangalore,80612.0,2049-09-21
101,Bangalore,34687.0,2049-09-22
104,Kolkata,68125.0,2049-09-23
101,Delhi,51123.0,2049-09-24
105,Mumbai,63095.0,2049-09-25
105,Kolkata,57435.0,2049-09-26
107,Kolkata,51622.0,2049-09-27
108,Kolkata,40285.0,2049-09-28
104,Delhi,73091.0,2049-09-29
107,Chennai,54927.0,2049-09-30
104,Delhi,84284.0,2049-10-01
103,Kolkata,83884.0,2049-10-02
106,Mumbai,83060.0,2049-10-03
104,Chennai,35291.0,2049-10-04
103,Bangalore,71193.0,2049-10-05
109,,78308.0,2049-10-06
105,Bangalore,33122.0,2049-10-07
107,Chennai,34876.0,2049-10-08
106,Mumbai,49112.0,2049-10-09
105,Chennai,76474.0,2049-10-10
107,Bangalore,39124.0,2049-10-11
106,Delhi,87147.0,2049-10-12
102,Chennai,31823.0,2049-10-13
103,Kolkata,82652.0,2049-10-14
102,Mumbai,66841.0,2049-10-15
103,Mumbai,88204.0,2049-10-16
101,Chennai,80382.0,2049-10-17
108,Kolkata,40387.0,2049-10-18
106,Mumbai,67163.0,2049-10-19
102,,68819.0,2049-10-20
108,,64244.0,2049-10-21
106,Mumbai,81175.0,2049-10-22
107,Mumbai,48980.0,2049-10-23
101,Chennai,54224.0,2049-10-24
107,,37121.0,2049-10-25
103,Chennai,32430.0,2049-10-26
108,Bangalore,37954.0,2049-10-27
106,Delhi,86095.0,2049-10-28
104,Bangalore,41881.0,2049-10-29
108,Chennai,46917.0,2049-10-30
109,Mumbai,47640.0,2049-10-31
102,Bangalore,80809.0,2049-11-01
106,Delhi,88496.0,2049-11-02
105,Bangalore,42085.0,2049-11-03
105,Delhi,80904.0,2049-11-04
103,Delhi,56259.0,2049-11-05
108,Kolkata,53097.0,2049-11-06
108,Mumbai,32978.0,2049-11-07
105,Bangalore,34332.0,2049-11-08
108,Delhi,50037.0,2049-11-09
108,Mumbai,65781.0,2049-11-10
103,Mumbai,88044.0,2049-11-11
102,Delhi,45089.0,2049-11-12
109,Delhi,86804.0,2049-11-13
102,Kolkata,53484.0,2049-11-14
109,Delhi,44008.0,2049-11-15
104,Delhi,84018.0,2049-11-16
102,Kolkata,48148.0,2049-11-17
101,Mumbai,80274.0,2049-11-18
104,Chennai,33830.0,2049-11-19
109,Delhi,85852.0,2049-11-20
109,Mumbai,32958.0,2049-11-21
104,Bangalore,89664.0,2049-11-22
109,,55998.0,2049-11-23
106,Delhi,31540.0,2049-11-24
101,Bangalore,60677.0,2049-11-25
106,Delhi,59101.0,2049-11-26
109,Delhi,71482.0,2049-11-27
102,,73967.0,2049-11-28
106,Delhi,84619.0,2049-11-29
102,Kolkata,37053.0,2049-11-30
104,Delhi,35670.0,2049-12-01
108,Kolkata,73458.0,2049-12-02
107,Bangalore,77030.0,2049-12-03
109,Kolkata,78115.0,2049-12-04
107,Delhi,40281.0,2049-12-05
101,Kolkata,48122.0,2049-12-06
102,Chennai,83341.0,2049-12-07
106,Bangalore,32533.0,2049-12-08
107,Kolkata,40756.0,2049-12-09
103,Chennai,84421.0,2049-12-10
109,Kolkata,55074.0,2049-12-11
107,Mumbai,48802.0,2049-12-12
106,Bangalore,67844.0,2049-12-13
106,Kolkata,57322.0,2049-12-14
101,Mumbai,79636.0,2049-12-15
105,Bangalore,47048.0,2049-12-16
103,,82606.0,2049-12-17
107,Bangalore,79779.0,2049-12-18
103,Mumbai,39876.0,2049-12-19
105,Mumbai,88075.0,2049-12-20
107,Kolkata,67055.0,2049-12-21
103,,76824.0,2049-12-22
102,,45171.0,2049-12-23
106,Chennai,72204.0,2049-12-24
108,Bangalore,35166.0,2049-12-25
104,Delhi,40366.0,2049-12-26
109,Delhi,50258.0,2049-12-27
108,Delhi,73734.0,2049-12-28
107,Delhi,42983.0,2049-12-29
107,Kolkata,55715.0,2049-12-30
103,Kolkata,61085.0,2049-12-31
106,Bangalore,89784.0,2050-01-01
105,,75078.0,2050-01-02
101,,57778.0,2050-01-03
103,Chennai,41390.0,2050-01-04
101,Bangalore,50924.0,2050-01-05
104,Delhi,75832.0,2050-01-06
103,Bangalore,73004.0,2050-01-07
104,Delhi,70244.0,2050-01-08
109,Mumbai,30707.0,2050-01-09
103,,71392.0,2050-01-10
106,Mumbai,55048.0,2050-01-11
106,Delhi,79093.0,2050-01-12
107,Bangalore,62815.0,2050-01-13
109,Chennai,64682.0,2050-01-14
107,Delhi,47489.0,2050-01-15
101,Delhi,82332.0,2050-01-16
108,,89234.0,2050-01-17
105,Mumbai,78158.0,2050-01-18
109,Kolkata,87701.0,2050-01-19
105,Bangalore,46951.0,2050-01-20
105,Bangalore,71439.0,2050-01-21
102,Mumbai,80018.0,2050-01-22
103,Kolkata,41452.0,2050-01-23
109,Kolkata,58635.0,2050-01-24
107,Mumbai,62747.0,2050-01-25
101,Delhi,63796.0,2050-01-26
103,Delhi,57933.0,2050-01-27
102,Kolkata,64581.0,2050-01-28
101,Bangalore,82880.0,2050-01-29
109,Delhi,68281.0,2050-01-30
108,Mumbai,82678.0,2050-01-31
105,Bangalore,51187.0,2050-02-01
102,Kolkata,52953.0,2050-02-02
101,Chennai,63818.0,2050-02-03
107,Delhi,54702.0,2050-02-04
102,Delhi,36278.0,2050-02-05
101,Bangalore,74566.0,2050-02-06
102,Delhi,89722.0,2050-02-07
107,Kolkata,48036.0,2050-02-08
107,Bangalore,77495.0,2050-02-09
106,Mumbai,54583.0,2050-02-10
105,Bangalore,34708.0,2050-02-11
103,Chennai,39476.0,2050-02-12
103,Bangalore,35318.0,2050-02-13
109,Kolkata,59269.0,2050-02-14
104,Chennai,68627.0,2050-02-15
109,Kolkata,75441.0,2050-02-16
104,Chennai,85767.0,2050-02-17
102,Delhi,54754.0,2050-02-18
104,Delhi,69361.0,2050-02-19
106,,49979.0,2050-02-20
106,,34910.0,2050-02-21
105,Chennai,66022.0,2050-02-22
101,Chennai,34453.0,2050-02-23
103,Mumbai,81575.0,2050-02-24
105,Bangalore,87260.0,2050-02-25
106,,51181.0,2050-02-26
101,Kolkata,53365.0,2050-02-27
109,Mumbai,56326.0,2050-02-28
103,Mumbai,70705.0,2050-03-01
103,Bangalore,85833.0,2050-03-02
102,Bangalore,84029.0,2050-03-03
108,Mumbai,34177.0,2050-03-04
103,Chennai,33429.0,2050-03-05
106,Delhi,62952.0,2050-03-06
102,Kolkata,89679.0,2050-03-07
107,Chennai,65901.0,2050-03-08
104,Kolkata,34978.0,2050-03-09
109,Kolkata,71466.0,2050-03-10
109,Bangalore,85289.0,2050-03-11
107,Kolkata,43773.0,2050-03-12
108,Bangalore,81084.0,2050-03-13
103,,36174.0,2050-03-14
105,Delhi,51796.0,2050-03-15
102,,80348.0,2050-03-16
107,Mumbai,41877.0,2050-03-17
108,Delhi,84399.0,2050-03-18
109,Bangalore,83333.0,2050-03-19
107,Chennai,47722.0,2050-03-20
108,Mumbai,52555.0,2050-03-21
109,Bangalore,77225.0,2050-03-22
106,Kolkata,43562.0,2050-03-23
102,Mumbai,81772.0,2050-03-24
102,Bangalore,36546.0,2050-03-25
104,Mumbai,55258.0,2050-03-26
109,Bangalore,41706.0,2050-03-27
107,Chennai,58943.0,2050-03-28
102,Mumbai,52315.0,2050-03-29
108,,40352.0,2050-03-30
107,Bangalore,64497.0,2050-03-31
109,Kolkata,39609.0,2050-04-01
108,Chennai,74974.0,2050-04-02
103,Kolkata,62786.0,2050-04-03
101,Delhi,85123.0,2050-04-04
102,Mumbai,57228.0,2050-04-05
102,Bangalore,79616.0,2050-04-06
104,Kolkata,38882.0,2050-04-07
106,Delhi,88354.0,2050-04-08
104,,46268.0,2050-04-09
109,Delhi,35310.0,2050-04-10
104,Delhi,76572.0,2050-04-11
106,Delhi,54463.0,2050-04-12
106,Bangalore,41253.0,2050-04-13
101,,50404.0,2050-04-14
108,Mumbai,79314.0,2050-04-15
103,Bangalore,39827.0,2050-04-16
106,Delhi,40938.0,2050-04-17
103,Chennai,63062.0,2050-04-18
102,Delhi,55154.0,2050-04-19
105,Bangalore,37240.0,2050-04-20
101,Chennai,69612.0,2050-04-21
109,Bangalore,31585.0,2050-04-22
107,Delhi,82532.0,2050-04-23
103,Delhi,40541.0,2050-04-24
104,Chennai,35427.0,2050-04-25
106,Kolkata,56747.0,2050-04-26
103,,53196.0,2050-04-27
107,Kolkata,45620.0,2050-04-28
106,,79346.0,2050-04-29
109,Bangalore,39033.0,2050-04-30
105,Mumbai,61070.0,2050-05-01
104,Delhi,76922.0,2050-05-02
103,Bangalore,79104.0,2050-05-03
101,Chennai,42199.0,2050-05-04
103,Kolkata,42776.0,2050-05-05
103,Mumbai,52727.0,2050-05-06
107,Bangalore,32931.0,2050-05-07
107,Chennai,44843.0,2050-05-08
101,Bangalore,86193.0,2050-05-09
103,Mumbai,35699.0,2050-05-10
108,Kolkata,87789.0,2050-05-11
109,Delhi,87423.0,2050-05-12
107,,51224.0,2050-05-13
107,,57321.0,2050-05-14
108,Mumbai,37636.0,2050-05-15
106,Mumbai,31860.0,2050-05-16
103,Chennai,84713.0,2050-05-17
101,Bangalore,80082.0,2050-05-18
107,Delhi,44989.0,2050-05-19
101,,81086.0,2050-05-20
101,Bangalore,78005.0,2050-05-21
109,Mumbai,67135.0,2050-05-22
107,Bangalore,76422.0,2050-05-23
104,Mumbai,64939.0,2050-05-24
106,Mumbai,66062.0,2050-05-25
101,Bangalore,43801.0,2050-05-26
107,Mumbai,60398.0,2050-05-27
106,Bangalore,34747.0,2050-05-28
104,,67160.0,2050-05-29
107,Kolkata,35238.0,2050-05-30
103,Delhi,32834.0,2050-05-31
101,Delhi,78203.0,2050-06-01
104,Chennai,75676.0,2050-06-02
103,Chennai,56230.0,2050-06-03
101,Kolkata,37116.0,2050-06-04
102,Chennai,32928.0,2050-06-05
105,Mumbai,86577.0,2050-06-06
108,Bangalore,58179.0,2050-06-07
101,Kolkata,52134.0,2050-06-08
104,,69262.0,2050-06-09
104,Mumbai,64440.0,2050-06-10
105,Bangalore,38190.0,2050-06-11
107,Delhi,53828.0,2050-06-12
108,Bangalore,34350.0,2050-06-13
106,Delhi,64055.0,2050-06-14
101,,73686.0,2050-06-15
107,Chennai,46036.0,2050-06-16
103,Kolkata,58700.0,2050-06-17
106,,36610.0,2050-06-18
108,Delhi,72018.0,2050-06-19
107,Chennai,59420.0,2050-06-20
106,Kolkata,55177.0,2050-06-21
109,Bangalore,57850.0,2050-06-22
109,Chennai,69651.0,2050-06-23
101,Bangalore,41170.0,2050-06-24
101,Chennai,84339.0,2050-06-25
101,Mumbai,79282.0,2050-06-26
108,Bangalore,70812.0,2050-06-27
107,Delhi,71070.0,2050-06-28
103,Delhi,57147.0,2050-06-29
102,Delhi,65502.0,2050-06-30
104,Delhi,55406.0,2050-07-01
103,Bangalore,88009.0,2050-07-02
107,Delhi,31066.0,2050-07-03
108,Delhi,34970.0,2050-07-04
106,Kolkata,82940.0,2050-07-05
103,Kolkata,80469.0,2050-07-06
106,Kolkata,79436.0,2050-07-07
102,,53350.0,2050-07-08
107,Delhi,59235.0,2050-07-09
107,Delhi,70562.0,2050-07-10
104,Mumbai,34114.0,2050-07-11
108,,58154.0,2050-07-12
104,Kolkata,75602.0,2050-07-13
107,Mumbai,79199.0,2050-07-14
104,Delhi,89112.0,2050-07-15
105,Chennai,68906.0,2050-07-16
107,Mumbai,58890.0,2050-07-17
103,Bangalore,51245.0,2050-07-18
105,,82411.0,2050-07-19
103,Bangalore,73038.0,2050-07-20
105,,73266.0,2050-07-21
103,Mumbai,54226.0,2050-07-22
107,Chennai,66183.0,2050-07-23
101,Kolkata,42595.0,2050-07-24
109,Bangalore,57718.0,2050-07-25
109,Chennai,69218.0,2050-07-26
105,Chennai,55143.0,2050-07-27
109,Kolkata,76178.0,2050-07-28
106,Delhi,36164.0,2050-07-29
105,Mumbai,62640.0,2050-07-30
103,Mumbai,37787.0,2050-07-31
108,,45924.0,2050-08-01
104,,75286.0,2050-08-02
103,Delhi,50449.0,2050-08-03
106,Delhi,30081.0,2050-08-04
108,,33005.0,2050-08-05
109,Mumbai,38408.0,2050-08-06
106,Mumbai,30334.0,2050-08-07
105,Delhi,87902.0,2050-08-08
102,Mumbai,41103.0,2050-08-09
102,Chennai,88217.0,2050-08-10
109,Bangalore,71712.0,2050-08-11
102,Bangalore,74721.0,2050-08-12
102,,55169.0,2050-08-13
103,Delhi,60494.0,2050-08-14
103,Delhi,73711.0,2050-08-15
104,Kolkata,53452.0,2050-08-16
107,Kolkata,56254.0,2050-08-17
109,Mumbai,33897.0,2050-08-18
102,Mumbai,87110.0,2050-08-19
104,Mumbai,87253.0,2050-08-20
109,Chennai,34648.0,2050-08-21
102,Delhi,39674.0,2050-08-22
101,Bangalore,47166.0,2050-08-23
108,Delhi,56710.0,2050-08-24
109,Kolkata,49970.0,2050-08-25
107,Mumbai,33794.0,2050-08-26
108,Bangalore,59184.0,2050-08-27
104,Delhi,55559.0,2050-08-28
104,Delhi,45344.0,2050-08-29
102,Chennai,75642.0,2050-08-30
108,Kolkata,68365.0,2050-08-31
102,Chennai,61217.0,2050-09-01
109,Chennai,69818.0,2050-09-02
104,Delhi,35051.0,2050-09-03
101,Chennai,47126.0,2050-09-04
104,Delhi,34544.0,2050-09-05
103,Delhi,42875.0,2050-09-06
106,Kolkata,34355.0,2050-09-07
107,Kolkata,49992.0,2050-09-08
108,Chennai,82423.0,2050-09-09
102,Kolkata,81662.0,2050-09-10
106,,71053.0,2050-09-11
106,Delhi,76076.0,2050-09-12
105,,85207.0,2050-09-13
107,Chennai,80527.0,2050-09-14
103,Kolkata,88475.0,2050-09-15
104,Chennai,61074.0,2050-09-16
109,Bangalore,32516.0,2050-09-17
104,Chennai,52622.0,2050-09-18
103,Mumbai,75923.0,2050-09-19
102,,79242.0,2050-09-20
105,Delhi,78171.0,2050-09-21
104,Mumbai,31479.0,2050-09-22
108,Delhi,47338.0,2050-09-23
107,Mumbai,57007.0,2050-09-24
106,Mumbai,70982.0,2050-09-25
102,Delhi,89069.0,2050-09-26
103,Bangalore,75078.0,2050-09-27
109,Bangalore,82457.0,2050-09-28
109,Delhi,80873.0,2050-09-29
105,Mumbai,88784.0,2050-09-30
103,,51836.0,2050-10-01
102,Delhi,59246.0,2050-10-02
108,Mumbai,89494.0,2050-10-03
106,Delhi,32547.0,2050-10-04
107,Delhi,67691.0,2050-10-05
101,Chennai,58130.0,2050-10-06
101,Mumbai,79340.0,2050-10-07
102,Bangalore,78975.0,2050-10-08
103,Delhi,30459.0,2050-10-09
101,Chennai,32236.0,2050-10-10
105,Kolkata,50830.0,2050-10-11
103,Delhi,30580.0,2050-10-12
101,Delhi,81313.0,2050-10-13
108,Delhi,44439.0,2050-10-14
106,Chennai,34715.0,2050-10-15
109,Delhi,56107.0,2050-10-16
103,Bangalore,55944.0,2050-10-17
109,Delhi,61764.0,2050-10-18
109,Delhi,73394.0,2050-10-19
101,Delhi,57567.0,2050-10-20
103,Mumbai,68665.0,2050-10-21
106,Delhi,82054.0,2050-10-22
108,Mumbai,62425.0,2050-10-23
104,Bangalore,89874.0,2050-10-24
105,Mumbai,71432.0,2050-10-25
109,Chennai,47242.0,2050-10-26
106,Chennai,73949.0,2050-10-27
107,Chennai,48824.0,2050-10-28
107,,41898.0,2050-10-29
104,Mumbai,64480.0,2050-10-30
104,Delhi,79667.0,2050-10-31
104,Chennai,70123.0,2050-11-01
105,Bangalore,73353.0,2050-11-02
105,Bangalore,47759.0,2050-11-03
108,Delhi,53068.0,2050-11-04
109,Bangalore,33669.0,2050-11-05
102,,44382.0,2050-11-06
107,Mumbai,45436.0,2050-11-07
101,,48774.0,2050-11-08
101,Mumbai,66030.0,2050-11-09
104,Delhi,34638.0,2050-11-10
107,Mumbai,32866.0,2050-11-11
102,Bangalore,87000.0,2050-11-12
102,Chennai,39251.0,2050-11-13
101,Bangalore,38948.0,2050-11-14
102,Bangalore,82647.0,2050-11-15
107,Delhi,52878.0,2050-11-16
109,Mumbai,30187.0,2050-11-17
106,Mumbai,62270.0,2050-11-18
102,,73341.0,2050-11-19
109,Mumbai,50962.0,2050-11-20
107,Kolkata,59911.0,2050-11-21
101,Mumbai,87245.0,2050-11-22
109,Delhi,49098.0,2050-11-23
102,Mumbai,37408.0,2050-11-24
104,Mumbai,46679.0,2050-11-25
109,,33533.0,2050-11-26
104,Chennai,34140.0,2050-11-27
103,,66810.0,2050-11-28
101,Kolkata,56618.0,2050-11-29
107,Bangalore,50654.0,2050-11-30
106,Chennai,82203.0,2050-12-01
104,Chennai,84617.0,2050-12-02
106,Chennai,60775.0,2050-12-03
106,Mumbai,70501.0,2050-12-04
104,Bangalore,44676.0,2050-12-05
106,Bangalore,89144.0,2050-12-06
108,Delhi,36005.0,2050-12-07
103,Bangalore,35870.0,2050-12-08
104,Kolkata,33904.0,2050-12-09
101,Bangalore,78235.0,2050-12-10
104,Bangalore,41973.0,2050-12-11
109,Mumbai,76976.0,2050-12-12
108,Kolkata,32261.0,2050-12-13
104,Mumbai,88866.0,2050-12-14
107,,75813.0,2050-12-15
103,,47804.0,2050-12-16
109,,53077.0,2050-12-17
104,Delhi,77276.0,2050-12-18
102,Mumbai,54680.0,2050-12-19
105,,46862.0,2050-12-20
102,Kolkata,51902.0,2050-12-21
106,,69345.0,2050-12-22
101,Bangalore,69553.0,2050-12-23
106,Bangalore,38884.0,2050-12-24
104,Delhi,33038.0,2050-12-25
103,Kolkata,62961.0,2050-12-26
102,Chennai,61562.0,2050-12-27
107,Delhi,56065.0,2050-12-28
109,Mumbai,62084.0,2050-12-29
103,Bangalore,79210.0,2050-12-30
106,Chennai,81038.0,2050-12-31
109,Delhi,41801.0,2051-01-01
102,Mumbai,50957.0,2051-01-02
107,Delhi,84374.0,2051-01-03
105,Mumbai,32580.0,2051-01-04
105,,56544.0,2051-01-05
107,Chennai,75647.0,2051-01-06
109,Chennai,75013.0,2051-01-07
104,Kolkata,62454.0,2051-01-08
109,Mumbai,76401.0,2051-01-09
109,Kolkata,83796.0,2051-01-10
104,,41277.0,2051-01-11
103,Chennai,70391.0,2051-01-12
102,Bangalore,62988.0,2051-01-13
109,Chennai,30875.0,2051-01-14
102,,41654.0,2051-01-15
106,Delhi,31196.0,2051-01-16
105,Mumbai,81861.0,2051-01-17
105,,81883.0,2051-01-18
104,,79487.0,2051-01-19
106,Bangalore,71184.0,2051-01-20
105,Mumbai,53398.0,2051-01-21
104,Mumbai,44370.0,2051-01-22
109,Bangalore,58517.0,2051-01-23
106,,58859.0,2051-01-24
103,Delhi,31247.0,2051-01-25
106,Bangalore,54564.0,2051-01-26
101,,83109.0,2051-01-27
105,Mumbai,76018.0,2051-01-28
106,Kolkata,37111.0,2051-01-29
108,Mumbai,50973.0,2051-01-30
109,Kolkata,64654.0,2051-01-31
103,,30310.0,2051-02-01
102,Mumbai,40760.0,2051-02-02
104,Kolkata,47988.0,2051-02-03
108,,52043.0,2051-02-04
108,,83134.0,2051-02-05
103,Bangalore,54944.0,2051-02-06
104,Bangalore,66314.0,2051-02-07
103,Mumbai,83993.0,2051-02-08
102,Mumbai,85326.0,2051-02-09
104,Bangalore,68119.0,2051-02-10
106,Mumbai,54401.0,2051-02-11
105,Chennai,47381.0,2051-02-12
103,Bangalore,63264.0,2051-02-13
102,Kolkata,52069.0,2051-02-14
109,Kolkata,80115.0,2051-02-15
101,Mumbai,72964.0,2051-02-16
109,Bangalore,31198.0,2051-02-17
101,Kolkata,73305.0,2051-02-18
107,Delhi,35910.0,2051-02-19
106,Delhi,35484.0,2051-02-20
107,Kolkata,76165.0,2051-02-21
103,Delhi,30576.0,2051-02-22
103,Kolkata,82312.0,2051-02-23
101,,62821.0,2051-02-24
104,Bangalore,78757.0,2051-02-25
102,Kolkata,74392.0,2051-02-26
108,Mumbai,78603.0,2051-02-27
103,Kolkata,62996.0,2051-02-28
107,Kolkata,55354.0,2051-03-01
107,Delhi,78958.0,2051-03-02
109,Bangalore,60229.0,2051-03-03
106,Chennai,42022.0,2051-03-04
101,Delhi,30984.0,2051-03-05
108,,42660.0,2051-03-06
101,Bangalore,55044.0,2051-03-07
103,Bangalore,48851.0,2051-03-08
105,Delhi,72809.0,2051-03-09
108,Chennai,63299.0,2051-03-10
109,Kolkata,43711.0,2051-03-11
107,Bangalore,41227.0,2051-03-12
109,Kolkata,38028.0,2051-03-13
103,Chennai,46945.0,2051-03-14
105,Mumbai,62857.0,2051-03-15
108,Bangalore,68503.0,2051-03-16
101,Delhi,55982.0,2051-03-17
108,Delhi,65913.0,2051-03-18
107,Delhi,31292.0,2051-03-19
101,,83262.0,2051-03-20
106,,53880.0,2051-03-21
101,Delhi,62538.0,2051-03-22
102,Mumbai,37559.0,2051-03-23
105,Delhi,66549.0,2051-03-24
102,Kolkata,83219.0,2051-03-25
101,Bangalore,82657.0,2051-03-26
106,Chennai,65159.0,2051-03-27
108,Bangalore,80370.0,2051-03-28
108,Chennai,89289.0,2051-03-29
108,Mumbai,51539.0,2051-03-30
106,Delhi,43204.0,2051-03-31
103,Delhi,32252.0,2051-04-01
101,Bangalore,66659.0,2051-04-02
102,,39866.0,2051-04-03
105,Mumbai,79927.0,2051-04-04
105,Delhi,67997.0,2051-04-05
101,,54800.0,2051-04-06
101,Delhi,37553.0,2051-04-07
109,Delhi,62831.0,2051-04-08
102,Kolkata,31787.0,2051-04-09
107,Chennai,86243.0,2051-04-10
104,Bangalore,84208.0,2051-04-11
107,Kolkata,74810.0,2051-04-12
108,Chennai,70837.0,2051-04-13
105,Delhi,88719.0,2051-04-14
101,Chennai,41726.0,2051-04-15
104,Chennai,33915.0,2051-04-16
103,,77423.0,2051-04-17
105,,75412.0,2051-04-18
106,Mumbai,30092.0,2051-04-19
102,Bangalore,40934.0,2051-04-20
107,Delhi,59995.0,2051-04-21
103,Delhi,62469.0,2051-04-22
101,Bangalore,31677.0,2051-04-23
103,Chennai,58242.0,2051-04-24
109,Bangalore,51892.0,2051-04-25
106,Bangalore,52114.0,2051-04-26
106,Kolkata,66632.0,2051-04-27
104,Kolkata,57057.0,2051-04-28
108,Chennai,84088.0,2051-04-29
105,Delhi,80553.0,2051-04-30
107,Kolkata,80758.0,2051-05-01
109,,74916.0,2051-05-02
105,Delhi,74031.0,2051-05-03
105,Bangalore,80049.0,2051-05-04
104,,77881.0,2051-05-05
106,Bangalore,67355.0,2051-05-06
102,Bangalore,82865.0,2051-05-07
103,Delhi,82283.0,2051-05-08
101,Bangalore,61532.0,2051-05-09
102,Bangalore,80684.0,2051-05-10
102,Delhi,85687.0,2051-05-11
108,Bangalore,40169.0,2051-05-12
108,Delhi,86438.0,2051-05-13
102,Chennai,64566.0,2051-05-14
106,,87314.0,2051-05-15
105,Bangalore,76550.0,2051-05-16
103,Chennai,80503.0,2051-05-17
105,Bangalore,60740.0,2051-05-18
105,Delhi,76176.0,2051-05-19
105,,40030.0,2051-05-20
103,Delhi,40752.0,2051-05-21
103,Delhi,37051.0,2051-05-22
104,Bangalore,86010.0,2051-05-23
107,Chennai,72623.0,2051-05-24
102,Mumbai,40589.0,2051-05-25
104,Delhi,41395.0,2051-05-26
104,Kolkata,42833.0,2051-05-27
101,Mumbai,30598.0,2051-05-28
108,Delhi,44367.0,2051-05-29
101,Mumbai,48428.0,2051-05-30
108,Mumbai,46642.0,2051-05-31
107,Bangalore,50955.0,2051-06-01
109,Chennai,70771.0,2051-06-02
108,Kolkata,86120.0,2051-06-03
105,Mumbai,40097.0,2051-06-04
108,Delhi,43207.0,2051-06-05
103,Delhi,52560.0,2051-06-06
107,Mumbai,53426.0,2051-06-07
104,Delhi,87731.0,2051-06-08
105,Mumbai,89205.0,2051-06-09
109,Delhi,74592.0,2051-06-10
107,Bangalore,30797.0,2051-06-11
104,Mumbai,73463.0,2051-06-12
106,Delhi,35713.0,2051-06-13
107,Mumbai,70079.0,2051-06-14
109,Mumbai,50404.0,2051-06-15
104,Chennai,89269.0,2051-06-16
103,Mumbai,35911.0,2051-06-17
108,Delhi,33954.0,2051-06-18
101,Mumbai,72587.0,2051-06-19
109,Mumbai,34312.0,2051-06-20
101,Kolkata,60875.0,2051-06-21
102,,71748.0,2051-06-22
108,Delhi,84791.0,2051-06-23
109,Chennai,85331.0,2051-06-24
107,Mumbai,85931.0,2051-06-25
103,Delhi,48440.0,2051-06-26
107,Delhi,88407.0,2051-06-27
106,Kolkata,45828.0,2051-06-28
102,Mumbai,60898.0,2051-06-29
103,,76720.0,2051-06-30
105,Bangalore,69870.0,2051-07-01
104,Delhi,85796.0,2051-07-02
102,Kolkata,75428.0,2051-07-03
104,,45427.0,2051-07-04
108,Kolkata,59641.0,2051-07-05
105,Chennai,52169.0,2051-07-06
105,Mumbai,64215.0,2051-07-07
103,Delhi,79666.0,2051-07-08
108,Mumbai,75419.0,2051-07-09
106,Bangalore,81065.0,2051-07-10
102,,77880.0,2051-07-11
102,Chennai,31951.0,2051-07-12
109,Kolkata,51954.0,2051-07-13
107,Mumbai,43827.0,2051-07-14
109,Chennai,38965.0,2051-07-15
106,Kolkata,63096.0,2051-07-16
105,Bangalore,38985.0,2051-07-17
101,Bangalore,62641.0,2051-07-18
106,Chennai,88305.0,2051-07-19
106,Bangalore,52897.0,2051-07-20
103,,75652.0,2051-07-21
103,Bangalore,35973.0,2051-07-22
103,Delhi,47794.0,2051-07-23
103,Bangalore,37714.0,2051-07-24
107,Mumbai,31137.0,2051-07-25
102,Bangalore,83818.0,2051-07-26
102,Delhi,84309.0,2051-07-27
103,,80720.0,2051-07-28
107,Kolkata,67240.0,2051-07-29
103,Delhi,86718.0,2051-07-30
107,Delhi,66042.0,2051-07-31
109,Bangalore,33273.0,2051-08-01
104,Kolkata,52627.0,2051-08-02
107,Mumbai,82621.0,2051-08-03
109,Delhi,62193.0,2051-08-04
108,Bangalore,85084.0,2051-08-05
108,Chennai,45151.0,2051-08-06
109,Mumbai,40155.0,2051-08-07
105,Chennai,56741.0,2051-08-08
105,,52948.0,2051-08-09
103,Delhi,68130.0,2051-08-10
105,Bangalore,34636.0,2051-08-11
108,Delhi,68114.0,2051-08-12
105,Mumbai,89219.0,2051-08-13
104,Delhi,80388.0,2051-08-14
108,Bangalore,61649.0,2051-08-15
107,Kolkata,73706.0,2051-08-16
106,Bangalore,66976.0,2051-08-17
105,Mumbai,67236.0,2051-08-18
105,Delhi,32346.0,2051-08-19
102,Bangalore,43984.0,2051-08-20
104,Delhi,31042.0,2051-08-21
108,Mumbai,43063.0,2051-08-22
108,Bangalore,83918.0,2051-08-23
101,,50490.0,2051-08-24
102,Delhi,70967.0,2051-08-25
105,Chennai,86472.0,2051-08-26
109,Delhi,66499.0,2051-08-27
107,Chennai,72533.0,2051-08-28
105,Bangalore,37302.0,2051-08-29
101,Kolkata,51876.0,2051-08-30
106,Bangalore,79612.0,2051-08-31
108,Mumbai,46294.0,2051-09-01
107,Mumbai,32302.0,2051-09-02
102,Delhi,49017.0,2051-09-03
105,Bangalore,72311.0,2051-09-04
104,Kolkata,30361.0,2051-09-05
109,Bangalore,68261.0,2051-09-06
101,Chennai,86298.0,2051-09-07
106,Mumbai,47171.0,2051-09-08
103,Bangalore,79360.0,2051-09-09
109,Mumbai,71226.0,2051-09-10
105,Delhi,59327.0,2051-09-11
106,Bangalore,35092.0,2051-09-12
109,Kolkata,46937.0,2051-09-13
109,Mumbai,70793.0,2051-09-14
108,Chennai,43817.0,2051-09-15
109,Kolkata,39779.0,2051-09-16
104,Mumbai,34516.0,2051-09-17
106,Kolkata,69219.0,2051-09-18
105,Mumbai,60114.0,2051-09-19
105,Mumbai,44530.0,2051-09-20
104,Mumbai,39310.0,2051-09-21
102,Delhi,64281.0,2051-09-22
106,Chennai,89270.0,2051-09-23
109,Kolkata,53809.0,2051-09-24
101,Mumbai,76104.0,2051-09-25
107,Delhi,51735.0,2051-09-26
106,Mumbai,74363.0,2051-09-27
103,Chennai,36749.0,2051-09-28
101,Mumbai,57637.0,2051-09-29
104,Bangalore,37005.0,2051-09-30
109,Chennai,87564.0,2051-10-01
102,Bangalore,81496.0,2051-10-02
103,,59898.0,2051-10-03
102,Mumbai,53538.0,2051-10-04
102,,81123.0,2051-10-05
108,Mumbai,67206.0,2051-10-06
103,Delhi,75648.0,2051-10-07
107,Kolkata,51708.0,2051-10-08
108,Chennai,75024.0,2051-10-09
103,Kolkata,72944.0,2051-10-10
102,Mumbai,55467.0,2051-10-11
108,,79127.0,2051-10-12
103,Delhi,44412.0,2051-10-13
107,Delhi,84821.0,2051-10-14
101,Mumbai,59378.0,2051-10-15
106,Kolkata,77055.0,2051-10-16
109,Chennai,84313.0,2051-10-17
103,Bangalore,58102.0,2051-10-18
107,Mumbai,80357.0,2051-10-19
106,Delhi,43044.0,2051-10-20
108,Mumbai,88562.0,2051-10-21
103,Bangalore,61309.0,2051-10-22
103,Chennai,48239.0,2051-10-23
104,Chennai,81151.0,2051-10-24
103,,32435.0,2051-10-25
109,Delhi,73934.0,2051-10-26
104,Mumbai,53164.0,2051-10-27
106,Bangalore,65866.0,2051-10-28
108,Chennai,33386.0,2051-10-29
108,Bangalore,35440.0,2051-10-30
105,,75503.0,2051-10-31
105,Chennai,72776.0,2051-11-01
106,Delhi,36436.0,2051-11-02
107,Delhi,80929.0,2051-11-03
107,Kolkata,37403.0,2051-11-04
104,Chennai,53242.0,2051-11-05
106,Delhi,73464.0,2051-11-06
107,Delhi,32939.0,2051-11-07
105,Bangalore,47222.0,2051-11-08
105,Chennai,57277.0,2051-11-09
102,Delhi,84877.0,2051-11-10
107,Bangalore,51143.0,2051-11-11
106,Mumbai,84012.0,2051-11-12
101,,33138.0,2051-11-13
104,Mumbai,79327.0,2051-11-14
103,Chennai,50989.0,2051-11-15
103,Bangalore,33162.0,2051-11-16
107,Delhi,32752.0,2051-11-17
104,Bangalore,55765.0,2051-11-18
108,Delhi,75657.0,2051-11-19
109,Chennai,30837.0,2051-11-20
103,Bangalore,58474.0,2051-11-21
105,Delhi,42043.0,2051-11-22
104,Mumbai,78565.0,2051-11-23
106,Kolkata,77154.0,2051-11-24
104,Mumbai,86997.0,2051-11-25
108,Bangalore,65501.0,2051-11-26
103,Mumbai,74770.0,2051-11-27
105,,77369.0,2051-11-28
101,Bangalore,54072.0,2051-11-29
106,Chennai,67974.0,2051-11-30
105,Delhi,32653.0,2051-12-01
108,Delhi,52524.0,2051-12-02
109,Mumbai,86371.0,2051-12-03
108,Mumbai,49733.0,2051-12-04
108,Chennai,66078.0,2051-12-05
103,Bangalore,67448.0,2051-12-06
104,Mumbai,48770.0,2051-12-07
104,Chennai,67959.0,2051-12-08
105,Delhi,79525.0,2051-12-09
109,Delhi,67443.0,2051-12-10
109,Kolkata,42804.0,2051-12-11
101,Bangalore,46210.0,2051-12-12
108,Chennai,64029.0,2051-12-13
101,Mumbai,37633.0,2051-12-14
102,Mumbai,38312.0,2051-12-15
107,Delhi,68300.0,2051-12-16
108,Kolkata,84994.0,2051-12-17
101,Bangalore,50229.0,2051-12-18
103,Delhi,32884.0,2051-12-19
107,Kolkata,73577.0,2051-12-20
109,Bangalore,50522.0,2051-12-21
108,Kolkata,35623.0,2051-12-22
108,Delhi,41460.0,2051-12-23
109,Delhi,40234.0,2051-12-24
103,Delhi,48503.0,2051-12-25
108,Mumbai,54100.0,2051-12-26
101,Kolkata,46874.0,2051-12-27
108,Chennai,76905.0,2051-12-28
107,Chennai,59420.0,2051-12-29
108,Kolkata,65813.0,2051-12-30
101,Mumbai,30382.0,2051-12-31
106,,79956.0,2052-01-01
107,,68353.0,2052-01-02
105,Bangalore,39369.0,2052-01-03
105,Delhi,64985.0,2052-01-04
107,Chennai,72255.0,2052-01-05
103,Mumbai,88261.0,2052-01-06
106,Kolkata,53661.0,2052-01-07
107,Delhi,75486.0,2052-01-08
101,Bangalore,85746.0,2052-01-09
102,Bangalore,85938.0,2052-01-10
104,Delhi,77883.0,2052-01-11
108,Mumbai,85318.0,2052-01-12
106,Delhi,81566.0,2052-01-13
101,Bangalore,30650.0,2052-01-14
105,Kolkata,70937.0,2052-01-15
107,Mumbai,51299.0,2052-01-16
106,Kolkata,56862.0,2052-01-17
109,Delhi,61153.0,2052-01-18
108,Chennai,46312.0,2052-01-19
104,,40943.0,2052-01-20
105,Mumbai,33198.0,2052-01-21
107,,47325.0,2052-01-22
108,Bangalore,38732.0,2052-01-23
105,Mumbai,35805.0,2052-01-24
109,Kolkata,82879.0,2052-01-25
104,Delhi,48913.0,2052-01-26
104,Delhi,31202.0,2052-01-27
108,Bangalore,84116.0,2052-01-28
101,Kolkata,47034.0,2052-01-29
108,Kolkata,33006.0,2052-01-30
105,Delhi,82056.0,2052-01-31
101,,38505.0,2052-02-01
104,Chennai,50498.0,2052-02-02
102,,72143.0,2052-02-03
104,Mumbai,75873.0,2052-02-04
108,Chennai,46505.0,2052-02-05
105,Kolkata,36603.0,2052-02-06
101,Mumbai,54744.0,2052-02-07
107,,33682.0,2052-02-08
101,Mumbai,43460.0,2052-02-09
109,Mumbai,83876.0,2052-02-10
103,,83273.0,2052-02-11
103,,43559.0,2052-02-12
106,Mumbai,58544.0,2052-02-13
106,Delhi,36864.0,2052-02-14
106,Kolkata,53778.0,2052-02-15
101,,44234.0,2052-02-16
105,Chennai,58593.0,2052-02-17
106,Chennai,74657.0,2052-02-18
108,Kolkata,31729.0,2052-02-19
101,Delhi,74515.0,2052-02-20
105,,52336.0,2052-02-21
103,Mumbai,84281.0,2052-02-22
102,Chennai,80270.0,2052-02-23
108,Bangalore,64936.0,2052-02-24
107,Bangalore,42413.0,2052-02-25
107,Chennai,77652.0,2052-02-26
105,,59764.0,2052-02-27
109,Chennai,75741.0,2052-02-28
105,Kolkata,37668.0,2052-02-29
102,Delhi,43260.0,2052-03-01
103,Kolkata,41308.0,2052-03-02
104,Mumbai,89773.0,2052-03-03
105,Delhi,89351.0,2052-03-04
103,Delhi,80202.0,2052-03-05
107,Chennai,38896.0,2052-03-06
105,,69408.0,2052-03-07
105,Chennai,49283.0,2052-03-08
106,Mumbai,49591.0,2052-03-09
107,Mumbai,55282.0,2052-03-10
108,Bangalore,43919.0,2052-03-11
109,Delhi,37674.0,2052-03-12
104,Mumbai,60699.0,2052-03-13
105,Chennai,60840.0,2052-03-14
105,,82984.0,2052-03-15
108,Bangalore,48392.0,2052-03-16
109,Mumbai,61960.0,2052-03-17
107,Kolkata,34721.0,2052-03-18
105,Chennai,59197.0,2052-03-19
103,Kolkata,56173.0,2052-03-20
101,Mumbai,31066.0,2052-03-21
109,Bangalore,72906.0,2052-03-22
105,,57375.0,2052-03-23
109,Delhi,87439.0,2052-03-24
104,Chennai,89418.0,2052-03-25
105,Mumbai,31918.0,2052-03-26
104,Bangalore,39457.0,2052-03-27
102,Kolkata,40726.0,2052-03-28
101,Bangalore,44282.0,2052-03-29
108,Kolkata,54815.0,2052-03-30
104,Bangalore,80479.0,2052-03-31
105,,52594.0,2052-04-01
106,Bangalore,37448.0,2052-04-02
108,Delhi,86511.0,2052-04-03
108,Bangalore,31142.0,2052-04-04
107,Chennai,82375.0,2052-04-05
104,Kolkata,50232.0,2052-04-06
106,Bangalore,31415.0,2052-04-07
104,Bangalore,36374.0,2052-04-08
107,Kolkata,56974.0,2052-04-09
101,Kolkata,63528.0,2052-04-10
105,Chennai,33642.0,2052-04-11
104,Kolkata,47936.0,2052-04-12
107,Bangalore,61914.0,2052-04-13
109,Delhi,80014.0,2052-04-14
105,Delhi,39347.0,2052-04-15
104,,54932.0,2052-04-16
109,Delhi,89015.0,2052-04-17
105,Bangalore,53593.0,2052-04-18
109,,31328.0,2052-04-19
108,Delhi,80181.0,2052-04-20
104,Kolkata,48760.0,2052-04-21
107,Kolkata,49625.0,2052-04-22
105,,56567.0,2052-04-23
104,Mumbai,42063.0,2052-04-24
105,Mumbai,61630.0,2052-04-25
105,,56961.0,2052-04-26
109,Mumbai,33140.0,2052-04-27
109,Bangalore,47265.0,2052-04-28
106,Chennai,38730.0,2052-04-29
104,Mumbai,89201.0,2052-04-30
102,,44057.0,2052-05-01
103,Chennai,33557.0,2052-05-02
102,Delhi,59114.0,2052-05-03
105,Delhi,43211.0,2052-05-04
106,Delhi,86215.0,2052-05-05
105,Mumbai,77154.0,2052-05-06
102,Chennai,48580.0,2052-05-07
105,Delhi,48334.0,2052-05-08
109,Mumbai,39802.0,2052-05-09
104,,52321.0,2052-05-10
102,Bangalore,65931.0,2052-05-11
103,Mumbai,67231.0,2052-05-12
103,,34007.0,2052-05-13
109,Mumbai,34675.0,2052-05-14
104,,44058.0,2052-05-15
101,Chennai,79001.0,2052-05-16
101,Chennai,67519.0,2052-05-17
107,Kolkata,36219.0,2052-05-18
107,Bangalore,45445.0,2052-05-19
102,Kolkata,38418.0,2052-05-20
109,Kolkata,53914.0,2052-05-21
109,Mumbai,59630.0,2052-05-22
105,Bangalore,70503.0,2052-05-23
103,Kolkata,71551.0,2052-05-24
103,Bangalore,58695.0,2052-05-25
103,Kolkata,60434.0,2052-05-26
106,Chennai,81227.0,2052-05-27
104,Bangalore,44456.0,2052-05-28
108,Delhi,60185.0,2052-05-29
105,Mumbai,54156.0,2052-05-30
101,Bangalore,75908.0,2052-05-31
109,Bangalore,73631.0,2052-06-01
101,Chennai,77993.0,2052-06-02
106,Chennai,88712.0,2052-06-03
101,Chennai,81174.0,2052-06-04
103,Kolkata,32078.0,2052-06-05
105,Mumbai,60350.0,2052-06-06
107,Chennai,74910.0,2052-06-07
108,Delhi,42073.0,2052-06-08
109,Bangalore,53778.0,2052-06-09
106,Mumbai,53397.0,2052-06-10
109,Mumbai,33321.0,2052-06-11
108,Mumbai,42337.0,2052-06-12
109,Delhi,77829.0,2052-06-13
104,Bangalore,36011.0,2052-06-14
109,,81588.0,2052-06-15
107,Mumbai,69855.0,2052-06-16
105,Chennai,39996.0,2052-06-17
105,Bangalore,82511.0,2052-06-18
101,Mumbai,64498.0,2052-06-19
102,Delhi,76845.0,2052-06-20
103,Mumbai,50046.0,2052-06-21
108,Kolkata,51494.0,2052-06-22
106,Mumbai,36618.0,2052-06-23
105,Delhi,36899.0,2052-06-24
101,Mumbai,61322.0,2052-06-25
109,Bangalore,63797.0,2052-06-26
103,Chennai,45128.0,2052-06-27
103,Mumbai,63179.0,2052-06-28
102,Bangalore,31981.0,2052-06-29
104,Bangalore,88005.0,2052-06-30
102,Delhi,72307.0,2052-07-01
109,Mumbai,82622.0,2052-07-02
107,Bangalore,64073.0,2052-07-03
108,Bangalore,42478.0,2052-07-04
103,Chennai,83832.0,2052-07-05
106,Chennai,76014.0,2052-07-06
106,Mumbai,56429.0,2052-07-07
101,Mumbai,67363.0,2052-07-08
106,Bangalore,79967.0,2052-07-09
103,Chennai,41697.0,2052-07-10
103,Delhi,45422.0,2052-07-11
103,,72436.0,2052-07-12
108,Bangalore,68380.0,2052-07-13
105,Mumbai,60341.0,2052-07-14
104,Chennai,32037.0,2052-07-15
109,Delhi,39522.0,2052-07-16
109,Bangalore,51259.0,2052-07-17
101,Bangalore,41998.0,2052-07-18
102,Delhi,37086.0,2052-07-19
108,Kolkata,31149.0,2052-07-20
105,Kolkata,52792.0,2052-07-21
107,Delhi,46390.0,2052-07-22
101,Mumbai,64204.0,2052-07-23
105,Delhi,66018.0,2052-07-24
103,Kolkata,58115.0,2052-07-25
102,Mumbai,54047.0,2052-07-26
102,Bangalore,47078.0,2052-07-27
109,Mumbai,51471.0,2052-07-28
104,Mumbai,44263.0,2052-07-29
104,Chennai,82451.0,2052-07-30
107,Chennai,34843.0,2052-07-31
102,Bangalore,42433.0,2052-08-01
103,Chennai,86889.0,2052-08-02
103,Bangalore,41559.0,2052-08-03
106,Delhi,34952.0,2052-08-04
103,Delhi,84199.0,2052-08-05
105,Mumbai,70610.0,2052-08-06
104,Chennai,62793.0,2052-08-07
103,,50931.0,2052-08-08
108,Delhi,32153.0,2052-08-09
103,Mumbai,58911.0,2052-08-10
106,Mumbai,38019.0,2052-08-11
107,Kolkata,49873.0,2052-08-12
107,Kolkata,71291.0,2052-08-13
102,Mumbai,61631.0,2052-08-14
103,Chennai,67929.0,2052-08-15
104,Chennai,47028.0,2052-08-16
107,Delhi,64620.0,2052-08-17
102,Bangalore,70491.0,2052-08-18
103,Chennai,83282.0,2052-08-19
107,Delhi,78474.0,2052-08-20
107,Bangalore,40623.0,2052-08-21
103,Delhi,49968.0,2052-08-22
101,Bangalore,33809.0,2052-08-23
103,Kolkata,88154.0,2052-08-24
105,Bangalore,64079.0,2052-08-25
107,Delhi,57371.0,2052-08-26
104,Delhi,81046.0,2052-08-27
101,Chennai,73966.0,2052-08-28
106,Mumbai,69006.0,2052-08-29
102,Bangalore,61739.0,2052-08-30
103,Delhi,83452.0,2052-08-31
104,Kolkata,37788.0,2052-09-01
106,Kolkata,36977.0,2052-09-02
106,Kolkata,85325.0,2052-09-03
107,Mumbai,69177.0,2052-09-04
105,Chennai,64838.0,2052-09-05
107,Mumbai,32656.0,2052-09-06
102,Kolkata,34134.0,2052-09-07
101,Delhi,83420.0,2052-09-08
108,Kolkata,59431.0,2052-09-09
101,Bangalore,85162.0,2052-09-10
102,Kolkata,33484.0,2052-09-11
106,Chennai,79565.0,2052-09-12
101,Mumbai,86993.0,2052-09-13
103,,88035.0,2052-09-14
107,Mumbai,73622.0,2052-09-15
108,,77312.0,2052-09-16
104,Kolkata,75077.0,2052-09-17
103,,68916.0,2052-09-18
101,Delhi,57274.0,2052-09-19
109,Mumbai,50693.0,2052-09-20
106,Chennai,68559.0,2052-09-21
106,,47303.0,2052-09-22
109,Delhi,80058.0,2052-09-23
101,Delhi,49594.0,2052-09-24
106,Mumbai,49103.0,2052-09-25
105,Kolkata,41858.0,2052-09-26
106,Kolkata,45002.0,2052-09-27
108,Mumbai,34895.0,2052-09-28
105,Delhi,73324.0,2052-09-29
102,Bangalore,79944.0,2052-09-30
102,Mumbai,55151.0,2052-10-01
105,Chennai,39919.0,2052-10-02
103,Bangalore,74187.0,2052-10-03
103,Chennai,51927.0,2052-10-04
108,Kolkata,58147.0,2052-10-05
107,Bangalore,42378.0,2052-10-06
101,Mumbai,66493.0,2052-10-07
105,Kolkata,87343.0,2052-10-08
109,Mumbai,51545.0,2052-10-09
104,Kolkata,74326.0,2052-10-10
101,Delhi,43057.0,2052-10-11
108,Kolkata,31360.0,2052-10-12
105,Delhi,32048.0,2052-10-13
102,Delhi,69020.0,2052-10-14
101,Mumbai,73935.0,2052-10-15
103,,52482.0,2052-10-16
109,,82348.0,2052-10-17
101,Mumbai,55663.0,2052-10-18
104,Delhi,62973.0,2052-10-19
108,Mumbai,74446.0,2052-10-20
108,Mumbai,45185.0,2052-10-21
108,Kolkata,49699.0,2052-10-22
108,Bangalore,85885.0,2052-10-23
104,Kolkata,71582.0,2052-10-24
108,Chennai,48061.0,2052-10-25
109,Bangalore,41479.0,2052-10-26
107,Kolkata,73972.0,2052-10-27
102,Delhi,76607.0,2052-10-28
109,Delhi,82164.0,2052-10-29
108,Kolkata,74597.0,2052-10-30
105,Mumbai,40892.0,2052-10-31
103,Delhi,53931.0,2052-11-01
107,,64639.0,2052-11-02
102,Chennai,54654.0,2052-11-03
103,Bangalore,52942.0,2052-11-04
109,Chennai,88820.0,2052-11-05
104,Mumbai,83886.0,2052-11-06
104,,84941.0,2052-11-07
103,Delhi,36934.0,2052-11-08
105,Chennai,59733.0,2052-11-09
103,Kolkata,49612.0,2052-11-10
109,Bangalore,65103.0,2052-11-11
103,Kolkata,61855.0,2052-11-12
102,,64493.0,2052-11-13
105,Chennai,84889.0,2052-11-14
106,Mumbai,39306.0,2052-11-15
101,Bangalore,68753.0,2052-11-16
106,,69984.0,2052-11-17
103,Bangalore,46544.0,2052-11-18
104,Chennai,,2052-11-19
106,Bangalore,31733.0,2052-11-20
108,Delhi,75375.0,2052-11-21
109,Delhi,40603.0,2052-11-22
106,,42152.0,2052-11-23
107,Chennai,45801.0,2052-11-24
105,Delhi,48906.0,2052-11-25
109,Kolkata,86318.0,2052-11-26
104,Bangalore,59437.0,2052-11-27
106,Kolkata,46985.0,2052-11-28
105,Delhi,56935.0,2052-11-29
101,,72515.0,2052-11-30
105,Bangalore,51068.0,2052-12-01
105,Chennai,43531.0,2052-12-02
109,Delhi,76753.0,2052-12-03
101,Mumbai,64288.0,2052-12-04
105,Mumbai,65158.0,2052-12-05
107,,55481.0,2052-12-06
106,Delhi,56226.0,2052-12-07
106,Chennai,31117.0,2052-12-08
107,Delhi,62661.0,2052-12-09
106,Delhi,70068.0,2052-12-10
105,Mumbai,72484.0,2052-12-11
105,Kolkata,42459.0,2052-12-12
109,Kolkata,51105.0,2052-12-13
108,,68909.0,2052-12-14
104,,49464.0,2052-12-15
104,Delhi,62554.0,2052-12-16
105,Kolkata,70707.0,2052-12-17
103,Bangalore,34777.0,2052-12-18
108,Kolkata,86417.0,2052-12-19
107,Delhi,41432.0,2052-12-20
105,Kolkata,44271.0,2052-12-21
103,Delhi,33801.0,2052-12-22
105,Mumbai,37057.0,2052-12-23
103,Delhi,56511.0,2052-12-24
105,Delhi,37510.0,2052-12-25
101,Bangalore,38099.0,2052-12-26
106,Kolkata,45193.0,2052-12-27
104,Kolkata,85233.0,2052-12-28
104,Mumbai,50011.0,2052-12-29
108,Delhi,78900.0,2052-12-30
102,Mumbai,50764.0,2052-12-31
104,Kolkata,84531.0,2053-01-01
102,Delhi,81694.0,2053-01-02
101,Bangalore,34450.0,2053-01-03
103,Delhi,44549.0,2053-01-04
108,Bangalore,36960.0,2053-01-05
106,Delhi,46583.0,2053-01-06
107,Delhi,36996.0,2053-01-07
102,Delhi,48567.0,2053-01-08
106,Mumbai,44201.0,2053-01-09
108,Mumbai,35043.0,2053-01-10
108,Chennai,50420.0,2053-01-11
104,Delhi,84164.0,2053-01-12
106,Delhi,70602.0,2053-01-13
105,Delhi,82645.0,2053-01-14
109,Kolkata,83124.0,2053-01-15
108,Chennai,72324.0,2053-01-16
102,Chennai,64620.0,2053-01-17
107,Mumbai,79031.0,2053-01-18
107,Mumbai,42629.0,2053-01-19
101,Delhi,87731.0,2053-01-20
101,Bangalore,58675.0,2053-01-21
104,Bangalore,31662.0,2053-01-22
105,Kolkata,44734.0,2053-01-23
104,Kolkata,37589.0,2053-01-24
107,Bangalore,73418.0,2053-01-25
103,Bangalore,79364.0,2053-01-26
107,Delhi,34655.0,2053-01-27
108,Mumbai,38749.0,2053-01-28
106,,40797.0,2053-01-29
106,Delhi,82271.0,2053-01-30
108,,61930.0,2053-01-31
108,Bangalore,36645.0,2053-02-01
107,Bangalore,41895.0,2053-02-02
106,Delhi,81843.0,2053-02-03
106,Chennai,64762.0,2053-02-04
106,Bangalore,77634.0,2053-02-05
108,Mumbai,51432.0,2053-02-06
101,Mumbai,77890.0,2053-02-07
105,Delhi,46858.0,2053-02-08
103,Bangalore,89111.0,2053-02-09
108,Mumbai,38233.0,2053-02-10
106,Chennai,73611.0,2053-02-11
102,Chennai,62004.0,2053-02-12
107,Mumbai,56671.0,2053-02-13
107,Chennai,66760.0,2053-02-14
105,Mumbai,89330.0,2053-02-15
108,Chennai,58441.0,2053-02-16
105,Delhi,58233.0,2053-02-17
101,Delhi,67591.0,2053-02-18
109,Mumbai,,2053-02-19
104,Kolkata,32268.0,2053-02-20
102,Delhi,56220.0,2053-02-21
104,Delhi,78774.0,2053-02-22
109,Mumbai,80091.0,2053-02-23
102,Delhi,34438.0,2053-02-24
104,Kolkata,74269.0,2053-02-25
102,Bangalore,69066.0,2053-02-26
105,,49369.0,2053-02-27
103,Delhi,75896.0,2053-02-28
102,Mumbai,56603.0,2053-03-01
109,Chennai,41319.0,2053-03-02
105,Chennai,44722.0,2053-03-03
105,Mumbai,67757.0,2053-03-04
101,Bangalore,36028.0,2053-03-05
106,Kolkata,76394.0,2053-03-06
107,Delhi,75093.0,2053-03-07
101,Chennai,55940.0,2053-03-08
109,Mumbai,88194.0,2053-03-09
108,,61448.0,2053-03-10
108,Bangalore,38422.0,2053-03-11
107,Delhi,81651.0,2053-03-12
105,Bangalore,86772.0,2053-03-13
103,,89648.0,2053-03-14
109,Chennai,73441.0,2053-03-15
107,Mumbai,50688.0,2053-03-16
108,Bangalore,76280.0,2053-03-17
106,Bangalore,44472.0,2053-03-18
105,Delhi,44900.0,2053-03-19
108,Delhi,65671.0,2053-03-20
103,Bangalore,37763.0,2053-03-21
107,Bangalore,40960.0,2053-03-22
102,Delhi,41084.0,2053-03-23
103,Kolkata,87116.0,2053-03-24
102,Bangalore,73043.0,2053-03-25
105,Mumbai,88582.0,2053-03-26
107,Delhi,32074.0,2053-03-27
101,Chennai,37825.0,2053-03-28
109,Chennai,64833.0,2053-03-29
101,Chennai,55205.0,2053-03-30
101,Mumbai,65976.0,2053-03-31
108,Bangalore,34674.0,2053-04-01
106,,71862.0,2053-04-02
106,Mumbai,76905.0,2053-04-03
109,Mumbai,78078.0,2053-04-04
104,Kolkata,72013.0,2053-04-05
108,Delhi,30122.0,2053-04-06
104,Mumbai,80108.0,2053-04-07
102,Delhi,51480.0,2053-04-08
108,Mumbai,80138.0,2053-04-09
107,Bangalore,39443.0,2053-04-10
104,Delhi,34433.0,2053-04-11
109,Kolkata,30990.0,2053-04-12
109,Bangalore,89664.0,2053-04-13
108,Bangalore,87077.0,2053-04-14
101,Mumbai,35556.0,2053-04-15
107,Chennai,88245.0,2053-04-16
105,Bangalore,56662.0,2053-04-17
107,Kolkata,85977.0,2053-04-18
109,Kolkata,59097.0,2053-04-19
102,Chennai,77418.0,2053-04-20
104,Bangalore,34709.0,2053-04-21
104,Kolkata,54357.0,2053-04-22
102,Bangalore,66348.0,2053-04-23
103,Delhi,49186.0,2053-04-24
108,Delhi,81356.0,2053-04-25
109,,63639.0,2053-04-26
106,Mumbai,49208.0,2053-04-27
102,Kolkata,77360.0,2053-04-28
102,Mumbai,52479.0,2053-04-29
107,Bangalore,57478.0,2053-04-30
108,Chennai,42922.0,2053-05-01
108,Delhi,57079.0,2053-05-02
106,Chennai,60766.0,2053-05-03
108,Chennai,49787.0,2053-05-04
101,Bangalore,52537.0,2053-05-05
109,Bangalore,40383.0,2053-05-06
101,Delhi,68318.0,2053-05-07
103,Bangalore,83034.0,2053-05-08
109,Delhi,61895.0,2053-05-09
105,Mumbai,75542.0,2053-05-10
109,,33207.0,2053-05-11
109,Bangalore,58234.0,2053-05-12
106,Chennai,60568.0,2053-05-13
101,Bangalore,33097.0,2053-05-14
107,Delhi,82230.0,2053-05-15
106,Bangalore,49022.0,2053-05-16
109,Kolkata,74046.0,2053-05-17
107,Delhi,84703.0,2053-05-18
103,Mumbai,52711.0,2026-01-06
107,Delhi,43292.0,2026-01-07
108,Kolkata,50687.0,2026-01-08
105,Delhi,77631.0,2026-01-09
104,Chennai,55899.0,2026-01-10
108,Mumbai,80154.0,2026-01-11
108,Kolkata,37408.0,2026-01-12
103,,1500000.0,2026-01-13
106,Delhi,70910.0,2026-01-14
105,Mumbai,64533.0,2026-01-15
